nr,osoba,zrodlo_watek,werdykt,connection,post,comment
1,Adrian Wojciech Mlonek,rejestr KRS (przeglad 86 spolek kolejowych),publish,"Zadeklarowane czlonkostwo w Prawo i Sprawiedliwosc, pole ""czlonek"" w rekordzie PKW z 2018 r. (kandydatura samorzadowa, teryt 143407, komitet ""KOMITET WYBORCZY PRAWO I SPRAWIEDLIWOSC"") - to jest ""mocne"" powiazanie wg polityki strony (zadeklarowana przynaleznosc partyjna), niezaleznie od wyniku. Kandydowal tez w 2014 z listy PiS w tym samym okregu (bez zapisanego wyniku). W obu wlasnych kandydaturach PRZEGRAL - w 2018 wynik=FALSE, w 2014 brak wyniku - wiec nie ma mandatu z wyborow, powiazanie opiera sie wylacznie na deklaracji czlonkostwa. ZRODLO: research.py pkw ""Adrian Mlonek"" (baza PKW, api-krs niezwiazane). UWAGA identyfikacyjna: dla nazwiska+imienia ""Adrian Mlonek"" PKW ma lacznie 4 kandydatury - 3 z rocznikiem 1989 (zgodne z data urodzenia 1989-01-28 z odpisu KRS) i 1 z rocznikiem 1988 (wybory samorzadowe 2024, teryt 143400, wynik=TRUE, mandat zdobyty). Ten czwarty rekord ODRZUCAM jako dotyczacy INNEJ osoby o tym samym nazwisku (inny rocznik) - nie przypisuje mu sie tego mandatu z 2024 r. Dodatkowo w wyszukiwarce internetowej pojawila sie wzmianka o ""radnym Rady Powiatu Wolominskiego (PiS)"" nazwiskiem Mlonek - to jednak tylko podsumowanie wynikow wyszukiwania (nie otwierana strona), nie mam pewnosci czy dotyczy osoby ur. 1989 czy namiesnika ur. 1988 (ktory wygral w 2024) - NIE traktuje tego jako potwierdzonego zrodla, tylko jako trop do sprawdzenia redakcyjnego.","Prokurent w PKP CARGO SERVICE Sp. z o.o. (Katowice), KRS 0000131988, wpis prokury od 23.05.2023, aktualny (brak daty wykreslenia) - ""PROKURA LACZNA NIEWLASCIWA: dzialanie jedynie lacznie z prezesem zarzadu lub czlonkiem zarzadu spolki"". Spolka jest w 100% wlasnoscia PKP CARGO S.A. (KRS 0000027702, ""czyPosiadaCaloscUdzialow""=true, 85 050 udzialow), a wiec to spolka-corka panstwowej grupy kolejowej PKP - mimo ze pole ""isPublic"" w rekordzie wejsciowym ma wartosc false (prawdopodobny blad klasyfikacji nieuwzgledniajacy lancucha wlasnosci grupowej, analogicznie do wczesniej znanych przypadkow typu ENERGA/POLREGIO). Nie zweryfikowalem aktualnego procentu udzialu Skarbu Panstwa w samej PKP CARGO S.A. na wrzesien 2026 (spolka wg GPW jest obecnie ""w restrukturyzacji"") - to do potwierdzenia redakcyjnego, ale zaleznosc wlasnosciowa od PKP CARGO S.A. jest bezsporna i potwierdzona w odpisie. Zweryfikowana takze tozsamosc firmy: nazwa spolki byla pierwotnie ""AGENCJE CELNE PKP CARGO"" (wpis 1), zmieniona na ""PKP CARGO SERVICE"" (wpis 6), siedziba przeniesiona z Warszawy do Katowic (wpis 120) - zgadza sie z polem ""firma"" w rekordzie wejsciowym. TECHNICZNA UWAGA O NARZEDZIU: komenda ""research.py board 0000131988"" myli sie przy sekcji prokurenci (traktuje kazdy wpis prokurenta jak osobny ""organ"" bez pola ""sklad"" i zwraca 9x puste listy) - fakt prokury sprawdzilem recznie w surowym JSON odpisu pelnego (dzial2.prokurenci): nazwisko zamaskowane jako ""M*****"" (6 liter), imie ""A*****"" (6 liter) + drugie imie ""W*******"" (7 liter), pesel zaczynajacy sie od ""8"" (rocznik lat 80.) - dlugosc i pierwsza litera pasuja jednoznacznie do Adrian Wojciech Mlonek, wpis od 23.05.2023 bez wykreslenia. ZRODLO: odpis pelny KRS 0000131988, stan na 09.07.2026, api-krs.ms.gov.pl (research.py krs 0000131988 pelny).","verdict=publish || TEZA: prokurent spolki-corki PKP CARGO S.A. (panstwowa grupa kolejowa), ktory jednoczesnie zadeklarowal czlonkostwo w PiS i dwukrotnie kandydowal z jej list w wyborach samorzadowych (2014, 2018) - przyklad funkcjonariusza partyjnego trzymajacego formalna funkcje reprezentacyjna w spolce grupy PKP, choc bez zdobytego mandatu. || UWAGA: (1) narzedzie ""board"" ma blad parsowania sekcji prokurenci (zwraca puste listy) - prokure potwierdzilem recznie w surowym odpisie; (2) pole isPublic=false w rekordzie wejsciowym budzi watpliwosci - spolka jest w 100% wlasnoscia PKP CARGO S.A. (panstwowa grupa), procent Skarbu Panstwa w samej PKP CARGO S.A. na wrzesien 2026 nie zostal przeze mnie zweryfikowany (spolka w restrukturyzacji) - do potwierdzenia redakcyjnego; (3) w PKW dla ""Adrian Mlonek"" jest lacznie 4 kandydatury, z czego 1 (rok 2024, wynik=TRUE) ma inny rocznik (1988) - to inna osoba, odrzucona z tego zestawienia; (4) nasza osoba (ur. 1989) we wlasnych kandydaturach PRZEGRALA (wynik=FALSE w 2018) - powiazanie opiera sie na deklaracji czlonkostwa partyjnego, nie na mandacie; (5) trafiona w wyszukiwarce wzmianka o radnym PiS nazwiskiem Mlonek jest niepewna (moze dotyczyc namiesnika ur. 1988) i NIE zostala wliczona jako zrodlo; (6) na stronie istnieje juz NIEOPUBLIKOWANY wezel ""Adrian Wojciech Mlonek"" (id YX2CmeCYJ5S2VjOBSVoz, factsCount=0, brak zapisanej daty urodzenia w rekordzie strony - dopasowanie po pelnym imieniu+nazwisku) - rekomendacja to uzupelnic i opublikowac ISTNIEJACY wezel, a nie tworzyc nowy."
2,Artur Borowicz,rejestr KRS (przeglad 86 spolek kolejowych),publish,"Twarde: mandat z wyborow (wynik=TRUE) dwa razy - 2010 (Komitet Wyborczy Platforma Obywatelska RP, gmina/teryt 246501) i 2024 (KKW Koalicja Obywatelska, gmina/teryt 246501, radny Rady Miejskiej w Dabrowie Gorniczej, kadencja 2024-2029) - oraz zadeklarowane czlonkostwo partii: ""Platforma Obywatelska Rzeczypospolitej Polskiej"" przy kandydaturze samorzadowej 2018. Lacznie PKW zwraca 14 kandydatur dla ""Artur Borowicz""; do oceny uzywam 9 z nich (rocznik 1963, teryt 246501/24 - spojny geograficznie ze slaskim). Odrzucam 5: 1 rekord rocznik 1972 (2002, teryt 160502 - inny powiat, inna osoba), 1 rekord rocznik 1989 (2018, teryt 120700, komitet ""Ziemia Limanowska"" - Malopolska, wyraznie mlodsza inna osoba), oraz 3 kandydatury sejmowe bez podanego rocznika w danych PKW (2001 UW, 2005 PO, 2019 Lewica Razem/SLD) - dla 2019 teryt_zam=121609 (Malopolska) sugeruje, ze to rekord tej samej mlodszej osoby z Limanowej co rocznik 1989, wiec go NIE licze; 2001/2005 maja teryt=24 (slaskie), spojny z nasza osoba, ale bez rocznika nie potwierdzam ich jednoznacznie i nie buduje na nich werdyktu. | ZRODLO: wykaz kandydatow PKW (research.py pkw ""Artur Borowicz""), portalsamorzadowy.pl/osoba/artur-borowicz,1562.html (radny Rady Miejskiej w Dabrowie Gorniczej, kadencja 2024-2029, KKW Koalicja Obywatelska, okreg 3, 1158 glosow).","POTWIERDZONA: Rada Nadzorcza (organNadzoru), KOLEJE SLASKIE Sp. z o.o. (Katowice), KRS 0000357114, spolka publiczna (isPublic=true, przewoznik regionalny wojewodztwa slaskiego), od 06.05.2025, aktualny (bez daty do). Potwierdzone w odpisie pelnym: wpis nr 102, organ ""organNadzoru"", data_od 06.05.2025 identyczna jak w rekordzie zrodlowym; PESEL w odpisie zamaskowany, ale prefiks ""6"" zgodny z rocznikiem 1963. Dodatkowo zywe potwierdzenie: aktualna lista Rady Nadzorczej na kolejeslaskie.pl wymienia ""Artur Borowicz"" wsrod 8 czlonkow (obok Farugi, Jarco, Magudy, Sieminskiej, Oglazy, Wilka, Przybylskiej). NIEUZYWANA jako post: druga posada w obiekcie to SAMODZIELNY PUBLICZNY ZOZ OBWOD LECZNICTWA KOLEJOWEGO W TARNOWSKICH GORACH, KRS 0000046263, organ ""RADA SPOLECZNA"" (potwierdzone tez w surowym odpisie: nazwa organu = ""RADA SPOLECZNA""), 20.02.2008-09.02.2012, nieaktualna - WYKLUCZONA polityka strony (Rada Spoleczna w SPZOZ to nie Rada Nadzorcza), wiec nie liczy sie jako ""post"" mimo ze potwierdzona co do dat i osoby (wpis nr 6-9 w organNadzoru odpisu, PESEL prefiks ""6"" zgodny). ZRODLO: odpis pelny KRS 0000357114 i 0000046263 (research.py board / krs pelny, api-krs.ms.gov.pl, stan odpowiednio 18.05.2026 i 20.11.2025), kolejeslaskie.pl/spolka/wladze-spolki/rada-nadzorcza/.","verdict=publish || TEZA: Radny Rady Miejskiej w Dabrowie Gorniczej (kadencja 2024-2029, KKW Koalicja Obywatelska, wybrany) i zadeklarowany czlonek PO, ktory od 06.05.2025 zasiada takze w Radzie Nadzorczej publicznej spolki Koleje Slaskie - klasyczny obrotowe-drzwi wzorzec, ktory koryta.pl ma dokumentowac. || UWAGA: (1) Nazwisko ""Borowicz"" + imie ""Artur"" jest w PKW niejednoznaczne - w bazie sa co najmniej 3 rozne osoby o tym imieniu i nazwisku (rocznik 1963 - nasza, 1972, 1989); rozdzielilem je po roczniku i teryt, ale 3 kandydatury sejmowe (2001,2005,2019) nie maja podanego rocznika w danych PKW, wiec ich NIE licze do polaczenia mimo ze 2 z nich (2001 UW, 2005 PO, teryt=24 slaskie) sa geograficznie spojne z nasza osoba - to jest miekki, niepotwierdzony trop, nie podstawa werdyktu. (2) Na stronie sa 2 zywe, nieopublikowane rekordy ""Artur Borowicz"" dopasowane WYLACZNIE po nazwisku (site_exact_birthdate=0, brak daty urodzenia w bazie) - jeden ma tag partii ""SLD"", co NIE pasuje do PO/KO naszej osoby i moze byc inna osoba (np. rekord 2019 Lewica Razem/SLD z Malopolski); redakcja musi rozstrzygnac tozsamosc przed publikacja, ewentualnie zalozyc nowy rekord zamiast reuzywac ktoregos z tych dwoch. (3) Nie sprawdzilem BIP Dabrowy Gorniczej ani oswiadczenia majatkowego radnego (dostepne bylo tylko oswiadczenie z funkcji Dyrektora WPR Katowice, potwierdza tylko jego zawod, nie mandat radnego) - zrodlem dla mandatu 2024 jest portalsamorzadowy.pl, nie oficjalny BIP sejmiku/rady miejskiej. (4) PESEL w obu odpisach zamaskowany do jednej cyfry (prefiks ""6""), wiec identyfikacja opiera sie na zgodnosci dat wpisu/wykreslenia + rocznika + geografii (teryt 246501 = Dabrowa Gornicza), nie na PESEL."
3,Cezary Grabarczyk,infokolej.pl t=5353 -> p=45768,publish,"Zadeklarowane czlonkostwo w Platformie Obywatelskiej RP w wykazach PKW (2011: ""czlonek partii Platforma Obywatelska RP""; 2019: ""czlonek partii politycznej: Platforma Obywatelska RP""), mandat poselski uzyskany wielokrotnie (wynik=TRUE w 2011 i 2019, okreg nr 10 Lodz, KW Platforma Obywatelska RP / Koalicyjny KW Koalicja Obywatelska). Kandydowal do Sejmu nieprzerwanie od 1993 (wtedy z listy Kongresu Liberalno-Demokratycznego, rocznik 1960) az po 2019, zawsze w okregu nr 10 (Lodz) - spojna tozsamosc na przestrzeni 7 kandydatur, zaden rekord nie odrzucony jako niepasujacy. ZRODLO: python3 research.py pkw ""Cezary Grabarczyk"" (7 kandydatur PKW, wszystkie okreg 10).","Minister infrastruktury w I rzadzie Donalda Tuska, pelnil funkcje od 16.11.2007 do 18.11.2011 - obejmuje date posta (22.10.2008). Potwierdzone niezaleznie przez WebSearch: pl.wikipedia.org/wiki/Cezary_Grabarczyk, uni.lodz.pl (oficjalna biografia w VIP Alumni Programme), platforma.org/ludzie/cezary-grabarczyk. Funkcja ministra nie jest wpisem w KRS (ministerstwo nie jest podmiotem rejestrowym), wiec zrodlem sa dokumentacja biograficzna/partyjna, nie odpis.","verdict=publish || TEZA: dlugoletni dzialacz i wieloletni posel PO, minister infrastruktury w latach 2007-2011 nadzorujacy w 2008 r. kontrole UZP nad przetargami PKP zwiazanymi z afera El-In - polityk na newralgicznym stanowisku publicznym w newralgicznym momencie. || UWAGA: sama tresc twierdzenia (decyzja o ograniczeniu kontroli UZP do PLK) to przedruk z Parkietu/Rynku Kolejowego - zweryfikowano fakt pelnienia funkcji ministra w tym okresie (pewne), nie zweryfikowano niezaleznie samej tresci decyzji. Data urodzenia nie jest znana z dokladnoscia do dnia (PKW podaje tylko rocznik 1960), tozsamosc oparta na spojnosci okregu wyborczego (nr 10, Lodz) i partii (PO/KLD) na przestrzeni 7 kandydatur, nie na PESEL. Post ministra potwierdzony zrodlami zewnetrznymi (WebSearch), nie narzedziami KRS/PKW z tego przebiegu."
4,Danuta Bodzek,"infokolej.pl t=12123 -> p=222842 ; infokolej.pl t=12194 -> p=169616 ; infokolej.pl t=6799 -> p=155009, p=155105, p=159509, p=161402, p=211008",publish,"Potwierdzone, mocne. BODZEK DANUTA ANNA, ur. 1970-07-09 (zgodne z odpisem KRS, patrz post) - jedyny rekord PKW pod tym imieniem i nazwiskiem (pkw_inne_roczniki puste, brak innej Danuty Bodzek w bazie PKW - zero ryzyka pomylki tozsamosci). python3 research.py pkw 'Danuta Bodzek': zadeklarowane czlonkostwo 'czlonek Polskiego Stronnictwa Ludowego' przy kandydaturze samorzadowej w 2010 (start na Prezydenta miasta, teryt 146501/141610, komitet Komitet Wyborczy Polskie Stronnictwo Ludowe, wynik=FALSE); dodatkowo kandydatura do Sejmu w 2007 z listy Komitetu Wyborczego Polskiego Stronnictwa Ludowego oraz do Senatu w 2005 z KWW 'Normujemy Przyszlosc'. Zadeklarowane czlonkostwo partii to najmocniejszy typ polaczenia wedlug brief.","Potwierdzone. Odpis pelny KRS 0000031521 (PKP Przewozy Regionalne / POLREGIO): BODZEK DANUTA ANNA, CZLONEK ZARZADU, wpis od 21.04.2009 do 04.07.2013 - obejmuje date posta z forum (30.09.2011). Rownolegle (06.07.2009-29.06.2011) byla tez Czlonkiem Zarzadu Zwiazku Pracodawcow Kolejowych (KRS 0000069058). Spolka byla wowczas wspolwlasnoscia Skarbu Panstwa i wojewodztw samorzadowych (odpis: dzial1.wspolnicySpzoo wymienia m.in. Skarb Panstwa i Wojewodztwo Mazowieckie) - podmiot publiczny, mimo ze rail_companies.json oznacza ten (obecnie juz historyczny) wpis KRS jako isPublic=false - flaga ta odzwierciedla wspolczesna strukture wlasnosci POLREGIO (dzis inny numer KRS: 0000929422), nie stan z 2009-2013. Konkretny portfel 'ds. pracowniczych' wskazany na forum nie jest w odpisie rozbity na zakresy (KRS notuje tylko 'CZLONEK ZARZADU'), ale sama funkcja i okres sa zgodne. ZRODLO: odpis pelny KRS 0000031521 (research.py board), api-krs.ms.gov.pl.","verdict=publish || TEZA: czlonkini zarzadu panstwowo-samorzadowej spolki kolejowej PKP Przewozy Regionalne (2009-2013) z rownoczesnym, zadeklarowanym w PKW czlonkostwem w PSL i kandydatura na prezydenta miasta z listy PSL (2010) - przyklad zwiazania stanowiska w spolce publicznej z zaangazowaniem partyjnym. || UWAGA: (1) Osoby NIE MA jeszcze na koryta.pl (research.py site 'Danuta Bodzek': 0 trafien) - to byloby nowe wprowadzenie, nie aktualizacja istniejacego rekordu. (2) rail_companies.json oznacza ten historyczny wpis KRS PKP Przewozy Regionalne (0000031521) jako isPublic=false, co wyglada na sprzeczne z klasyfikacja 'podmiot publiczny' - ale odpis pelny pokazuje wprost udzialowcow Skarb Panstwa + wojewodztwa samorzadowe w okresie 2009-2013; traktuje to jako nieaktualnosc pomocniczej flagi (odzwierciedlajacej dzisiejszy, inny numer KRS POLREGIO), nie jako podstawe do odrzucenia - redakcja powinna to zweryfikowac przy publikacji. (3) Szczegolowy zarzut z forum ('wsadzili Chwale na stolek', 'sympatie dla Matery') to niepotwierdzona, anonimowa plotka forum (wewnetrzne przepychanki personalne) - nie jest czescia potwierdzonego twierdzenia, tylko kontekst watku; do publikacji nadaje sie wylacznie fakt czlonkostwa w zarzadzie + przynaleznosci partyjnej, nie insynuacje o kumoterstwie. (4) 'Tomasz Matera' rowniez wystepuje w rail_people jako Rada Nadzorcza POLREGIO (KRS 0000031521), 27.02.2006-04.11.2015 - potwierdza istnienie tej osoby w tym samym gronie zarzadzajaco-nadzorujacym, ale jego wlasny watek polityczny nie byl badany (poza zakresem tego zadania). || DUPLIKAT: ta sama osoba potwierdzona niezaleznie w 3 watkach (infokolej.pl t=12123 -> p=222842, infokolej.pl t=12194 -> p=169616, infokolej.pl t=6799 -> p=155009, p=155105, p=159509, p=161402, p=211008)."
5,Franciszek Marszalek,rejestr KRS (przeglad 86 spolek kolejowych),publish,"Czlonek Polskiego Stronnictwa Ludowego (zadeklarowane czlonkostwo w wykazie PKW), byly burmistrz Krotoszyna (kadencja 2014-2024), byly radny Sejmiku Wojewodztwa Wielkopolskiego (2010-2014, wynik=TRUE), kandydowal do Sejmu RP w 2007, 2019 i 2023 (wszystkie przegrane) oraz do Parlamentu Europejskiego w 2009. W PKW figuruje 11 kandydatur pod tym imieniem i nazwiskiem (pkw_imienne_wszystkie=11), z czego 7 ma rocznik=1964, zgodny z data urodzenia z odpisu KRS (1964-09-12); pkw_inne_roczniki jest puste - brak w PKW innego Franciszka Marszalka o innym roczniku, wiec ryzyko pomylki nazwiska niskie. Wybrany (wynik=TRUE) w 3 z 11 kandydatur: 2010, 2018 (stanowisko=B) i 2024 (KWW SPL). Komitety: Komitet Wyborczy Polskie Stronnictwo Ludowe / KWW SPL / Koalicyjny Komitet Wyborczy Trzecia Droga Polska 2050 Szymona Holowni - PSL. W drugiej turze wyborow na burmistrza Krotoszyna w 2024 przegral z Natalia Robakowska (28,31% do 71,69%) - PKW odnotowuje ten start jako wynik=FALSE, stanowisko='Burmistrz Krotoszyna'. Prezes zarzadu gminnego PSL w Krotoszynie (wg psl.krotoszyn.com.pl). | ZRODLO: python3 research.py pkw ""Franciszek Marszalek"" (11 kandydatur PKW, deklaracje czlonkostwa PSL); portalsamorzadowy.pl/osoba/franciszek-marszalek (radny kadencji 2018-2023, kandydat na burmistrza 2024-2029); krotoszynska.pl (utrata funkcji burmistrza); psl.krotoszyn.com.pl (funkcja w strukturach PSL) - strony znalezione przez WebSearch, tresc nie otwierana bezposrednio, cytat z wynikow wyszukiwania.","Czlonek Rady Nadzorczej (w odpisie: organ 'organNadzoru', rola=nadzor) w KOLEJE WIELKOPOLSKIE SP. Z O.O. (KRS 0000349125), spolka publiczna nalezaca do samorzadu wojewodztwa wielkopolskiego (isPublic=true). Wpis od 28.03.2024 (wpis nr 53) do 15.06.2026 (wykreslenie, wpis nr 71) - MANDAT JUZ WYGASLY, nieaktualny na dzien sprawdzenia (stan odpisu 17.09.2026, aktualny=false). Organ to zwykla rada nadzorcza spolki z o.o., NIE rada spoleczna SPZOZ, wiec nie podlega wykluczeniu z polityki strony. Odpis pelny potwierdza wpis z peselem maskowanym na '6**********' (zgodny z rokiem ur. 1964). ZRODLO: odpis pelny KRS 0000349125, stan 17.09.2026, api-krs.ms.gov.pl (python3 research.py board 0000349125); dodatkowo w wynikach wyszukiwania strona koleje-wielkopolskie.com.pl/o-spolce/organy-spolki/ potwierdza czlonkostwo w radzie nadzorczej od 28.03.2024 (tresc strony nie otwierana bezposrednio, cytat z wynikow WebSearch).","verdict=publish || TEZA: byly burmistrz Krotoszyna i lider lokalnych struktur PSL, ktory po utracie mandatu w wyborach 2024 objal miejsce w radzie nadzorczej wojewodzkiej spolki kolejowej - podrecznikowy przyklad politycznej nominacji do spolki publicznej. || UWAGA: mandat w radzie nadzorczej juz wygasl (do 15.06.2026), wiec posada jest historyczna a nie biezaca - opisac jako 'byly czlonek rady nadzorczej', nie jako obecna funkcje. Osoba juz istnieje w bazie strony jako rekord NIEOPUBLIKOWANY (id PLiIwz5IhTPhqNdaiCvm, dopasowanie tylko po nazwisku), ale ten rekord nie ma zapisanej daty urodzenia (site_exact_birthdate=0), wiec zgodnosc tozsamosci ze strona nie jest potwierdzona przez baze - opiera sie na zewnetrznym zrodle (PKW + prasa). Trzy kandydatury sejmowe/europarlamentarne (2007, 2019, 2023) nie maja pola rocznik w danych PKW (rocznik=null), wiec ich przypisanie do tej osoby opiera sie na zgodnosci nazwiska i komitetu PSL, a nie na roku urodzenia - pozostale 7 kandydatur samorzadowych ma jednak zgodny rocznik 1964 i pkw_inne_roczniki jest puste, wiec ryzyko pomylki niskie. Strony prasowe (portalsamorzadowy.pl, krotoszynska.pl, psl.krotoszyn.com.pl) zidentyfikowane tylko przez wyniki WebSearch, tresc nie zostala otworzona bezposrednio - traktowac jako potwierdzenie posrednie, nie pierwotny odpis."
6,Henryk Sikora,"infokolej.pl t=4180 -> p=311019, p=51183",publish,"PKW: 18 kandydatur pod tym nazwiskiem w 10 rocznikach - pospolita sytuacja, ktorej sam forum-post uznal za nierozstrzygalna bez daty urodzenia. Majac dokladna date urodzenia z odpisu (17.11.1969, ustalona bo Sikora siedzi w organie nadzoru PKP S.A. i jest w rail_people.json) mozna jednak wskazac konkretna kandydature: 2010, wybory samorzadowe, KOMITET WYBORCZY PRAWO I SPRAWIEDLIWOSC (wlasny komitet partii, nie KWW), rocznik 1969 dokladnie zgodny, wynik FALSE (przegrana). Ta sama para komitet+okreg (teryt_kand 120000) wystepuje ponownie w 2014 z rocznikiem 1970 (odchylenie o rok - prawdopodobnie ta sama osoba w kolejnych wyborach, ale nie jest to pewne). Pozostale 16 kandydatur (rocznik 1940,1946,1948,1949,1951,1953,1954,1955) sa odrzucone jako inne osoby; deklaracja czlonkostwa w PSL (2001, rocznik nieznany) NIE moze byc przypisana temu zwiazkowcowi, bo brak dopasowania rocznika. | ZRODLO: pkw.sqlite, research.py pkw; identyfikacja przez date urodzenia z odpisu pelnego.","CZLONEK RADY NADZORCZEJ PKP S.A. (KRS 0000019193, publiczna) 23.12.2005-30.06.2011 oraz 26.08.2011-12.08.2014 (ciagla obecnosc w RN w okresie kandydatury z 2010 r.). Odpis nie etykietuje wprost 'z ramienia SKK NSZZ Solidarnosc' - to opis forum/Wolnej Drogi, nie zapis KRS, ale obecnosc w RN w tych terminach jest potwierdzona. Dodatkowo RN Drukarnia Kolejowa Krakow (KRS 0000027610, nie publiczna) 17.07.2001-02.09.2003, w przyblizeniu zgodne z 'w latach 2000-2003' z drugiego posta w watku. ZRODLO: odpis pelny KRS 0000019193, stan 27.08.2026, api-krs.ms.gov.pl.","verdict=publish || TEZA: czlonek RN PKP S.A. kandydowal w 2010 r. do sejmiku z wlasnej listy PiS (nie KWW) w trakcie pelnienia funkcji w radzie nadzorczej - rzadki przypadek, w ktorym data urodzenia z odpisu rozstrzyga tozsamosc, ktorej samo forum uznalo za nierozstrzygalna. || UWAGA: kandydatura przegrana i bez zadeklarowanego formalnego czlonkostwa partii dla tego rocznika (pole czlonek puste) - to lista partyjna, nie mandat ani deklaracja; jesli redakcja uzna samo umieszczenie na liscie partii bez wygranej za za slaby dowod, warto rozwazyc obnizenie do maybe. Strona na koryta.pl juz istnieje (id 7eeaDFebVaicm9wjzb28) z ta sama data urodzenia (17.11.1969), nieopublikowana - gotowy szkic."
7,Jakub Karnowski,"infokolej.pl t=15381 -> p=238784, p=250521, p=320839",publish,"PKW: 1 kandydatura pod tym nazwiskiem - sejm 1997, komitet Zarzad Unii Wolnosci (wlasny komitet partii, nie KWW), rocznik 1974 dokladnie zgodny z data urodzenia z odpisu (01.03.1974), pole czlonek=1 (zadeklarowane czlonkostwo partyjne) - to najmocniejszy z trzech typow dowodu z brief. Pole wynik jest puste (PKW nie notuje wyniku dla tej kandydatury); traktujemy jako mandatu nie zdobyl, zgodnie z pierwotnym twierdzeniem forum. | ZRODLO: pkw.sqlite (wykaz kandydatow PKW), research.py pkw.","PREZES ZARZADU PKP S.A. (KRS 0000019193, jedyny akcjonariusz: Skarb Panstwa) od 20.04.2012 do 08.01.2016. Dodatkowo wg przedrukow RK: czlonek RN PZU S.A. (od 2014) i Niezalezny Czlonek RN HSBC Bank Polska S.A. (od 2015) - obie NIEWERYFIKOWANE w tym przebiegu (spolki spoza listy kolejowej, nie sprawdzano ich KRS). ZRODLO: odpis pelny KRS 0000019193, stan 27.08.2026, api-krs.ms.gov.pl (dane z rail_people.json, odpis nieamaskowany).","verdict=publish || TEZA: byly prezes PKP S.A. z udokumentowanym czlonkostwem w Unii Wolnosci - podrecznikowy przypadek posady publicznej plus powiazania politycznego. || UWAGA: nie ma jeszcze strony na koryta.pl (0 trafien w site()). Czlonkostwa w RN PZU/HSBC to dodatek z forum, nieprzepuszczony przez bramke KRS w tym przebiegu - nie buduj na nich osobnego wiersza."
8,Janusz Wrobel,rejestr KRS (przeglad 86 spolek kolejowych),publish,"MOCNE: zadeklarowane czlonkostwo w Platformie Obywatelskiej RP na kartach kandydackich PKW (wybory samorzadowe 2010, 2018, 2024) oraz mandat z wyborow - szesc razy wybierany Burmistrzem Pruszcza Gdanskiego (wynik=TRUE w 2002, 2010, 2018, 2024; lacznie pkw_wybrany=6), obecna kadencja 2024-2029. W 2018 startowal z KWW Janusza Wrobla ""Wspolne Miasto"" przy rownoczesnej deklaracji czlonkostwa w PO, w 2024 z wlasnym KWW Janusza Wrobla, tez jako czlonek PO. Wsrod 38 kandydatur PKW pod nazwiskiem/imieniem ""Janusz Wrobel"" (18 roznych rocznikow) odrzucam 25 rekordow z rocznikiem innym niz 1968; pozostale 13 rekordow z rocznikiem 1968 tworza spojna, ciagla sciezke kariery pod jednym kodem teryt (220401 = Pruszcz Gdanski): kandydat lokalny od 1994, burmistrz nieprzerwanie od 2002 do dzis - to nie zbieg rocznika, tylko jedna osoba. ZRODLO: wykaz kandydatow PKW (research.py pkw, lokalna baza pkw.sqlite); portalsamorzadowy.pl (kadencja 2024-2029, wynik I tury); dziennikbaltycki.pl i rp.pl (wywiady jako burmistrz); pl.wikipedia.org/wiki/Janusz_Wrobel (ur. 03.09.1968 w Gdansku).","Czlonek Rady Nadzorczej Pomorskiej Kolei Metropolitalnej S.A. (Gdansk), KRS 0000365210, od 28.09.2021 do 29.03.2024 - mandat WYGASLY (nieaktualny, to nie obecny sklad). Potwierdzone w niemaskowanym odpisie pelnym (PDF, wpis wprowadzajacy 70 / wykreslajacy 88): WROBEL JANUSZ, PESEL 68090306693 (dekoduje sie na date urodzenia 03.09.1968 - zgodna z polem ""urodzony""). Organ to zwykla rada nadzorcza spolki akcyjnej (nie rada spoleczna SPZOZ), wiec NIE podlega wylaczeniu polityki strony. Spolka jest w 100% wlasnoscia Wojewodztwa Pomorskiego (dzial 1 odpisu, pole jedynyAkcjonariusz: WOJEWODZTWO POMORSKIE, czyPosiadaCaloscAkcji=true) - jest wiec podmiotem publicznym, mimo ze rekord spolki w bazie koryta.pl (rail_companies.json) ma blednie isPublic=false (do poprawienia niezaleznie od tego wiersza). ZRODLO: odpis pelny KRS 0000365210 (PDF, /tmp/ik20/pdf/0000365210.pdf) oraz api-krs.ms.gov.pl OdpisPelny stan 29.07.2026 (research.py board 0000365210 - zmaskowany, ale nazwisko/organ/daty zgadzaja sie 1:1 z PDF).","verdict=publish || TEZA: burmistrz Pruszcza Gdanskiego (PO), szesciokrotnie wybierany, zasiadal rownolegle w radzie nadzorczej spolki kolejowej w 100% nalezacej do samorzadu wojewodztwa - klasyczny przyklad obsady nadzoru spolki publicznej przedstawicielem wladzy lokalnej tej samej opcji politycznej || UWAGA: mandat w RN PKM wygasl 29.03.2024, na stronie powinien byc oznaczony jako zakonczony, nie aktualny; nazwisko WROBEL + imie JANUSZ jest pospolite w PKW (38 kandydatur, 18 rocznikow) - dopasowanie oparte o rocznik 1968 ORAZ spojna sciezke kariery (teryt 220401), dodatkowo potwierdzone PESEL-em z niemaskowanego odpisu (68090306693); pole isPublic spolki w bazie koryta jest bledne (false) mimo jedynego akcjonariusza = Wojewodztwo Pomorskie - warto poprawic niezaleznie od tego wiersza; top14 podaje tylko jedna posade (seats ma 1 element) - nie sprawdzalem czy Wrobel zasiadal w innych z 86 spolek kolejowych spoza tego zbioru."
9,Jaroslaw Kowalski,infokolej.pl t=23327,publish,"Wieloletni radny Boleslawca z wygranym mandatem i kandydat do Sejmu. PKW: 57 rekordow na ""Jaroslaw Kowalski"", 7 przypisanych tej osobie (rocznik 1970 + Boleslawiec, teryt kand./zam. 020101 lub 020100): 2002 samorzad, KWW Forum Samorzadowe Ziemi Boleslawieckiej; 2006 samorzad, KOMITET WYBORCZY PRAWO I SPRAWIEDLIWOSC (lista partyjna); 2010 samorzad, KWW Piotra Romana, wynik=TRUE (mandat radnego Boleslawca); 2014 samorzad, KWW Piotra Romana; 2018 samorzad, KWW Piotra Romana Bezpartyjni; 2023 SEJM, KOMITET WYBORCZY BEZPARTYJNI SAMORZADOWCY, okreg dolnoslaski (teryt 02), zam. 020101, wynik=FALSE, deklaracja ""nie nalezy do partii politycznej"", 4. miejsce na liscie; 2024 rada powiatu boleslawieckiego, KWW Tomasza Gabrysiaka Forum Powiatu, wynik=FALSE. Przewodniczacy Rady Miasta Boleslawca od 2014 do 31.08.2020 (zrzekl sie mandatu, gdy objal prezesure ZEC), radny IV-VIII kadencji. Ta sama formacja, co wlasciciel nadzorowanej spolki: Koleje Dolnoslaskie SA utworzyl Samorzad Wojewodztwa Dolnoslaskiego, ktorego marszalkiem w latach 2014-2024 byl Cezary Przybylski (ur. 1956, Bezpartyjni Samorzadowcy, wczesniej starosta boleslawiecki) - w 2002 Przybylski i Kowalski kandydowali z tego samego komitetu KWW Forum Samorzadowe Ziemi Boleslawieckiej (PKW: Przybylski teryt 020100, Kowalski 020101), a w PKW 2018 i 2024 Przybylski startuje juz jako Bezpartyjni Samorzadowcy - z tej samej listy, z ktorej Kowalski szedl do Sejmu w 2023. | ZRODLO: PKW wykaz kandydatow (kanal oficjalny, baza 1,95 mln kandydatur, zapytanie po zwinietym nazwisku ""jaroslaw kowalski""); istotne.pl 04.09.2023 ""Przewodniczacy Rady Miasta Boleslawca 7. i 8. kadencji startuje do Sejmu""; samorzad.pap.pl i bolec.info (zrzeczenie mandatu 31.08.2020); pl.wikipedia.org/wiki/Cezary_Przybylski (marszalek 2014-2024, BS).","DWIE posady, obie potwierdzone w rejestrze, obie w podmiocie publicznym. (1) Czlonek, a wedlug BIP przewodniczacy Rady Nadzorczej KOLEJE DOLNOSLASKIE SA, KRS 0000298575, Legnica, spolka Samorzadu Wojewodztwa Dolnoslaskiego, na koryta.pl isPublic=true, published=true (id aPNYFWfzThzi49JhCVNI); kadencja 31.01.2019 -> 29.10.2024, czyli w pazdzierniku 2023 (data z forum) faktycznie zasiadal - posada POTWIERDZONA, ale dzis NIEAKTUALNA. (2) Prezes zarzadu ""ZAKLAD ENERGETYKI CIEPLNEJ"" sp. z o.o. w Boleslawcu, KRS 0000055433, spolka Gminy Miejskiej Boleslawiec, na koryta.pl isPublic=true, published=true (id uWPDWgCA88EnTs2XXbKx); od 14.10.2020 bez daty wykreslenia - NADAL AKTUALNA. Obie pozycje dotycza tej samej osoby: KOWALSKI JAROSLAW, ur. 19.07.1970 - identyczna data urodzenia w obu odpisach pelnych. Wczesniej, wedlug prasy, przewodniczacy RN MegaSerwis sp. z o.o. w Bogatyni (Grupa Kapitalowa PGE, 2016-2018) i RN miejskiej ZOM sp. z o.o. we Lwowku Slaskim - te dwie NIEWERYFIKOWANE w KRS. ZRODLO: odpis pelny KRS 0000298575 (PDF z wyszukiwarka-krs.ms.gov.pl, nazwiska niemaskowane, daty z naglowka wpisow api-krs.ms.gov.pl, stan 04.05.2026); odpis pelny KRS 0000055433 (PDF, ten sam tryb); funkcja przewodniczacego z BIP Koleje Dolnoslaskie SA, raport roczny 2022, kolejedolnoslaskie.4bip.pl/upload/plik,20240411133451,raport_roczny_2022.pdf, str. ""3. Rada nadzorcza"": ""Jaroslaw Kowalski - Przewodniczacy Rady Nadzorczej""; aktualny sklad RN na BIP KD (stan 28.10.2024) juz go nie wymienia i zgadza sie co do znaku z odpisem.","verdict=publish || TEZA: przewodniczacy rady nadzorczej wojewodzkiego przewoznika kolejowego i zarazem prezes miejskiej cieplowni startowal do Sejmu z listy tej samej formacji (Bezpartyjni Samorzadowcy), ktora przez marszalka Przybylskiego kontroluje wlasciciela nadzorowanej przez niego spolki - jeden czlowiek spina rade miasta, spolke gminna i spolke wojewodzka. || UWAGA: nazwisko skrajnie pospolite - z 57 rekordow PKW przypisano 7, odrzucono 50, w tym dwa inne roczniki 1970 (Kazimierza Wielka teryt 260300 i gmina w powiecie olesnickim 021406) - odrzucone po miejscu zamieszkania, nie po nazwisku. Kandydatura sejmowa 2023 nie ma w PKW rocznika; zlaczona po zam.=020101, bo w calym wykazie zaden inny Jaroslaw Kowalski nie mieszka w Boleslawcu. Tozsamosc miedzy obiema posadami jest twarda (ta sama data urodzenia 19.07.1970 w dwoch odpisach), natomiast zlaczenie KRS-PKW opiera sie na nazwisku + roczniku 1970 + Boleslawcu, wspartym prasa, ktora wprost laczy przewodniczacego RM Boleslawca z RN Kolei Dolnoslaskich. Funkcja ""przewodniczacy"" NIE wynika z KRS - odpis nie zapisuje funkcji w radzie nadzorczej tej spolki - tylko z raportu rocznego BIP za 2022 i z prasy z 09.2023. Na koryta.pl istnieje juz NIEOPUBLIKOWANY wezel ""Jaroslaw Kowalski"" (svDluGsleaHMKDsiHFRE, 13 faktow, brak daty urodzenia, rejestr.io/osoby/453870); rejestr.io zwraca 403, wiec nie sprawdzono, czy to ten sam czlowiek - przed publikacja trzeba to rozstrzygnac, inaczej zlepi sie dwie osoby. Samego watku infokolej t=23327 nie udalo sie ponownie otworzyc (strona oddaje tylko post koryta.pl z 13.09.2026), ale lead przestal byc potrzebny - obie polowy bramki stoja teraz na rejestrze i BIP."
10,Juliusz Engelhardt,"infokolej.pl t=12194 -> p=169585 ; infokolej.pl t=5353 -> p=54735, p=59906",publish,"Kandydowal do Parlamentu Europejskiego w 2009 z listy Komitetu Wyborczego Polskie Stronnictwo Ludowe (PKW, rok 2009, etype=europarlamentu) - dokladnie zgodne z tresc posta forum o pierwszym miejscu na liscie PSL na konwencji w Gorzowie Wlkp. 1.03.2009. Ponadto kandydowal w wyborach samorzadowych 2010 tez z komitetu PSL, rocznik=1955 zgodny z data urodzenia z odpisu KRS. Dwie kandydatury PKW pod tym nazwiskiem, obie PSL, brak kandydatur z innym rocznikiem (pkw_inne_roczniki puste) - tozsamosc pewna. ZRODLO: python3 research.py pkw ""Juliusz Engelhardt"" (2 kandydatury, obie KW PSL).","Czlonek Rady Nadzorczej PKP S.A. (KRS 0000019193, isPublic=true) w dwoch kadencjach: 23.12.2005-01.02.2008 oraz 04.04.2014-12.01.2016. OBECNIE (aktualny=true) czlonek Rady Nadzorczej POLREGIO sp. z o.o. (KRS 0000929422, spolka Skarbu Panstwa) od 24.06.2026. ZRODLO: odpis pelny KRS 0000019193 stan 27.08.2026 i KRS 0000929422, api-krs.ms.gov.pl (research.py board).","verdict=publish || TEZA: byly wiceminister infrastruktury ds. kolejnictwa i kandydat PSL do PE (2009) od lat krazy miedzy radami nadzorczymi spolek kolejowych Skarbu Panstwa (PKP S.A., a obecnie POLREGIO) - podrecznikowy przyklad trwalego politycznego ""obsadzania"" spolek kolejowych. || UWAGA: osoba JUZ OPUBLIKOWANA na koryta.pl (id QP4hKJQFqljxkZXwUb5W, birthDate 1955-01-01 identyczna jak w odpisie KRS) - ten wiersz potwierdza istniejacy wpis, nie tworzy nowego. Data ""1955-01-01"" budzi lekka watpliwosc, czy to pelna data czy tylko rocznik zapisany domyslnie jako 1 stycznia, ale strona ma juz identyczna wartosc. PKW nie odnotowuje formalnej deklaracji czlonkostwa w PSL dla tych dwoch kandydatur (pole ""deklaracje_czlonkostwa"" puste) - powiazanie opiera sie na starcie z listy partyjnej PSL, co regulamin klasyfikuje jako mocne. || DUPLIKAT: ta sama osoba potwierdzona niezaleznie w 2 watkach (infokolej.pl t=12194 -> p=169585, infokolej.pl t=5353 -> p=54735, p=59906)."
11,Krzysztof Swierczek,rejestr KRS (przeglad 86 spolek kolejowych),publish,"Zadeklarowane czlonkostwo PiS (PKW 2010: 'czlonek Prawa i Sprawiedliwosci'; PKW 2019 i 2023: 'czlonek partii politycznej: Prawo i Sprawiedliwosc'). Wg prasy przewodniczacy Zarzadu Powiatowego PiS w Miechowie. 12 kandydatur PKW z dokladnie pasujacym rocznikiem 1963 w latach 1994-2024 (radny gminny/powiatowy, Burmistrz Miechowa 2006-2010), z czego 2 wygrane (wynik=TRUE): radny powiatowy 2010 oraz radny powiatowy 2024 (od 2024 Starosta Miechowski z listy PiS). Dodatkowo 3x kandydat do Sejmu z listy PiS (2005 okr.12, 2019, 2023, okreg miechowski/krakowski), za kazdym razem niewybrany (wynik=FALSE); rocznik w PKW dla tych 3 rekordow nie jest zapisany - dopasowanie po tym samym komitecie i regionie, potwierdzone prasa. ZRODLO: PKW wykaz kandydatow (research.py pkw 'Krzysztof Swierczek'); portalsamorzadowy.pl/wnp.pl 'Krzysztof Swierczek - wybory 2023: kandydat na posla - miechowski (Krakow)'; glos24.pl 'Krzysztof Swierczek nowym starosta Powiatu Miechowskiego'; miechow.pl (Zarzad Powiatu).","Czlonek Zarzadu PKP Intercity S.A. (KRS 0000296032), spolka posrednio w 100% Skarbu Panstwa (przez PKP S.A.) - isPublic=true. Organ: ZARZAD SPOLKI (organ wykonawczy, nie RADA SPOLECZNA/NADZORCZA - wylaczenie polityki strony nie dotyczy). Wpis od 07.11.2022 (wpis nr 110) do 23.05.2024 (wpis nr 123) - POSADA NIEAKTUALNA, odwolany. Potwierdzone odpisem pelnym (api-krs) ORAZ prasa: intercity.pl (oficjalny komunikat 'Zmiany w Zarzadzie PKP Intercity S.A.'), forsal.pl, wnp.pl, kurier-kolejowy.pl, kolejowyportal.pl (powolanie 12.10.2022, odwolanie ok. 19.04.2024 wraz z pozostalymi czlonkami zarzadu). Odpowiadal za inwestycje infrastrukturalne w regionie poludniowym. ZRODLO: odpis pelny KRS 0000296032 stan 31.07.2026, api-krs.ms.gov.pl; intercity.pl/dzial-prasowy; forsal.pl; wnp.pl.","verdict=publish || TEZA: lokalny dzialacz i funkcjonariusz PiS (przewodniczacy zarzadu powiatowego, wielokrotny radny, od 2024 starosta) trafil na fotel czlonka zarzadu najwiekszego panstwowego przewoznika pasazerskiego (PKP Intercity) na ok. 18 miesiecy - typowy przyklad nominacji politycznej do spolki Skarbu Panstwa. || UWAGA: nazwisko pospolite w PKW - pod 'Krzysztof Swierczek' figuruje 21 kandydatur w co najmniej 6 rocznikach (1954, 1958, 1959, 1963, 1974, 1977). ODRZUCONO 6 rekordow z rocznikiem innym niz 1963 (1994 i 1998 - rocznik 1954; 2014 - rocznik 1977; 2018 - rocznik 1959; 2024 x2 - rocznik 1974 i 1958; ten ostatni, rocznik 1958, to WLASNIE rekord z wynik=TRUE w 2024 nalezacy do INNEJ osoby - nie mylic z wlasciwa wygrana naszego kandydata w 2024 na rocznik 1963). Pozostale 3 kandydatury do Sejmu (2005, 2019, 2023) nie maja zapisanego rocznika w PKW - dopasowanie oparte na tym samym komitecie PiS i okregu, potwierdzone prasa. Rekord juz istnieje w bazie koryta.pl jako NIEOPUBLIKOWANY (id 8K9VCt4dVnDsOa9qxnqF, 4 fakty, partia PiS, dokladna zgodnosc daty urodzenia) - do zatwierdzenia/publikacji, nie do tworzenia od nowa. Data odwolania z zarzadu w prasie (ok. 19.04.2024) i data wpisu w KRS (23.05.2024) roznia sie o miesiac - typowa zwloka miedzy uchwala a wpisem, nie sprzecznosc tozsamosci. Nie odwiedzano BIP powiatu miechowskiego bezposrednio - potwierdzenie funkcji starosty oparto na prasie (glos24.pl, miechow.pl), nie na oswiadczeniu majatkowym."
12,Leszek Przybytniak,infokolej.pl t=12724 -> p=415894,publish,"Czlonek Polskiego Stronnictwa Ludowego zadeklarowany w wykazie PKW przy pieciu kandydaturach (2011, 2014, 2019, 2023, 2024); radny Sejmiku Wojewodztwa Mazowieckiego WYBRANY w 2010 (wynik=TRUE, KOMITET WYBORCZY POLSKIE STRONNICTWO LUDOWE, okreg 140000, zamieszkanie TERYT 140605 Grojec), radny takze w kadencji 2018-2023 (Klub Radnych PSL, subregion radomski), w 2024 przegral wybory do sejmiku i do PE, a 24.03.2026 ponownie zlozyl slubowanie jako radny sejmiku po rezygnacji Piotra Papisa - jest wiec radnym CZYNNYM. Razem 15 kandydatur PKW 1994-2024 (Senat 2007, 2011, 2015, 2019, 2023; PE 2009, 2014, 2024; sejmik 2010, 2014, 2018, 2024; samorzad gminny 1994, 1998, 2002). | ZRODLO: PKW wykaz kandydatow (kanal oficjalny) - 15 rekordow, wszystkie jeden rocznik 1959 (7 rekordow z rocznikiem, 8 bez) i jedno TERYT zamieszkania 140605, zero rekordow odrzuconych; mazovia.pl - archiwalna lista radnych kadencji 2018-2023, klub PSL; cozadzien.pl art. 94063 i echodnia.eu (slubowanie 24.03.2026, mandat po Piotrze Papisie); lead z infokolej.pl t=12724 p=415894 (Tylor, 15.01.2026).","Czlonek rady nadzorczej AWT REKULTIVACE A.S. ODDZIAL W POLSCE (KRS 0000771309, Cieszyn) od 10.07.2025, wpis nadal aktualny; rownolegle czlonek dozorczi rady czeskiej spolki matki AWT Rekultivace a.s. (ICO 47676175, Petrvald) - czlonkostwo od 05.11.2024, wpis do rejestru 14.02.2025, bez wykreslenia. Podmiot jest publiczny posrednio i jest to potwierdzone rejestrowo: jedynym akcjonariuszem AWT Rekultivace a.s. jest od 17.09.2019 czeska spolka ICO 47675977, dzis PKP CARGO INTERNATIONAL a.s. (dawniej Advanced World Transport a.s.), a jej jedynym akcjonariuszem od 01.07.2019 jest PKP CARGO S.A., ul. Grojecka 17, Warszawa; PKP CARGO wymienia AWT Rekultivace wsrod 12 jednostek zaleznych konsolidowanych metoda pelna, a PKP S.A. ma 33,01 proc. glosow w PKP CARGO i jest w raporcie nazwana akcjonariuszem strategicznym. ZRODLO: odpis PELNY KRS 0000771309, stan 13.07.2026 - PRZYBYTNIAK LESZEK JANUSZ, ur. 11.09.1959, RADA NADZORCZA, wpis nr 27 z 10.07.2025, bez wykreslenia (PDF z wyszukiwarka-krs, niemaskowany; daty wpisow z api-krs.ms.gov.pl); czeski rejestr publiczny przez ARES, endpoint ekonomicke-subjekty-vr dla ICO 47676175 i 47675977, pobrane 20.09.2026; PKP CARGO S.A. w restrukturyzacji, Pozostale informacje do skonsolidowanego raportu kwartalnego za I kwartal 2026, str. 7-8 (jednostki zalezne) i str. 12 (akcjonariat).","verdict=publish || TEZA: dzialacz PSL i wieloletni radny sejmiku mazowieckiego przegrywa w 2024 wybory do sejmiku i do PE, w listopadzie 2024 wchodzi do rady nadzorczej czeskiej spolki z grupy PKP Cargo, w lipcu 2025 takze do rady jej polskiego oddzialu, a w marcu 2026 wraca do sejmiku - czyli dzis laczy mandat radnego wojewodztwa z rada nadzorcza w spolce zaleznej spolki Skarbu Panstwa. || UWAGA: pierwszy przebieg zostawil maybe z jednego powodu - oddzial zagranicznego przedsiebiorcy nie ma w KRS dzialu o kapitale, wiec z polskiego rejestru wlasciciel nie wynika. Rozstrzyga czeski rejestr publiczny: jedyny akcjonariusz to PKP CARGO INTERNATIONAL a.s., a jej jedyny akcjonariusz to PKP CARGO S.A.; to samo mowi raport kwartalny PKP CARGO. Ryzyko tozsamosci znikome: odpis pelny i rejestr czeski podaja te sama date urodzenia 11.09.1959, a rejestr czeski dodatkowo adres Uleniec 25 pod Grojcem, co zgadza sie z jedynym rocznikiem i jedynym TERYT zamieszkania w 15 rekordach PKW; pozostali Przybytniakowie w PKW to inne imiona (Jerzy 1946, Barbara 1960, Krzysztof 1977, Marlena 1982, Roman 1954, Wojciech 1954). Czego NIE potwierdzono w rejestrze: czlonkostwa w Zarzadzie Wojewodzkim PSL i przewodniczenia sejmikowej Komisji Rolnictwa - to na razie wylacznie cytat z forum. Przy publikacji trzeba recznie oznaczyc pracodawce jako publicznego: flaga is_public w danych koryta jest FALSE dla calej grupy PKP CARGO (lacznie z sama PKP CARGO S.A., KRS 0000027702), wiec inaczej podmiot wyswietli sie jako prywatny. Autorem postu na infokolej jest 'Tylor' (p=415894), a nie 'sfora6' - pierwszy przebieg pomylil sasiedni post."
13,Maria Wasiak,infokolej.pl t=12194 -> p=170209 ; infokolej.pl t=12316 -> p=173384 ; infokolej.pl t=15381 -> p=238793,publish,"PKW: 6 kandydatur, z czego DWIE z rocznikiem 1960 (zgodnym z odpisem): kandydatka do Sejmu w 1993 z listy Unii Demokratycznej, oraz w 1997 z listy 'Zarzad Unii Wolnosci' z zaznaczonym czlonkostwem (pole czlonek PKW='1') - twarda deklaracja przynaleznosci do organu partii (UD/UW). Pozostale 4 kandydatury (roczniki 1945,1946,1953,1961) odrzucone jako inne osoby. ZRODLO: PKW wykaz kandydatow, research.py pkw.","CZLONEK ZARZADU PKP S.A. (KRS 0000019193) 06.10.2004-15.10.2014 (odpis: 'CZLONEK ZARZADU PKP S.A.') - obejmuje okres p.o. prezesa od 30.12.2010 po odwolaniu Andrzeja Wacha (funkcja p.o. nie jest osobno rejestrowana w KRS, formalnie zostala czlonkiem zarzadu). Wczesniej PREZES ZARZADU Przewozow Regionalnych sp. z o.o. (dzis POLREGIO, KRS 0000031521) 22.01.2002-18.10.2002, zgodne z opisem forum 'pierwsza prezes PR'; pozniej dwukrotnie czlonek RN tej samej spolki (10.12.2004-27.02.2006 i 15.02.2008-20.02.2009) - potwierdza czesc twierdzenia o zasiadaniu w RN PR, choc odpis (w naszej splaszczonej wersji) nie precyzuje, czy byla przewodniczaca RN. ZRODLO: odpis pelny KRS 0000019193 (stan 27.08.2026) i 0000031521 (stan 20.11.2025), research.py board, api-krs.ms.gov.pl.","verdict=publish || TEZA: p.o. prezesa PKP S.A. z udokumentowana w PKW dzialalnoscia w kierownictwie Unii Demokratycznej/Unii Wolnosci (kandydatka sejmowa 1993 i 1997, czlonek zarzadu partii w 1997) - przejscie z polityki centrolewicowo-liberalnej do zarzadow spolek panstwowych. || UWAGA: funkcja 'ostatniej przewodniczacej RN Przewozow Regionalnych' z twierdzenia forum NIE jest w pelni zweryfikowana - potwierdzone jest tylko samo czlonkostwo w RN (dwie kadencje), nie funkcja przewodniczacej. Juz na koryta.pl jako nieopublikowana strona (id NNzDof7wLj50HRtc3Dyv, birthDate zgodny 1960-07-06 - pewna identyfikacja). || DUPLIKAT: ta sama osoba potwierdzona niezaleznie w 3 watkach (infokolej.pl t=12194 -> p=170209, infokolej.pl t=12316 -> p=173384, infokolej.pl t=15381 -> p=238793)."
14,Mariusz Wojciech Wiorek,rejestr KRS (przeglad 86 spolek kolejowych),publish,"Wielokrotny kandydat w wyborach samorzadowych: 7 kandydatur PKW (1998, 2002, 2006, 2010, 2014, 2018, 2024), wszystkie typu ""samorzadu"", rocznik 1964 zgodny z data urodzenia z odpisu (1964-07-08); pole pkw_inne_roczniki puste, wiec zero rekordow PKW dla nazwiska Wiorek odrzucono jako inna osoba - nazwisko rzadkie, dopasowanie pewne. W 2010 wynik=TRUE (zdobyty mandat) z KOMITET WYBORCZY POROZUMIENIE NA PLUS (teryt_kand 221400). Od 2010 do 2024 konsekwentnie startowal z komitetu Porozumienie na Plus w Tczewie (miasto i powiat) - realny, aktywny lokalny komitet polityczny wystawiajacy listy do rady miasta i rady powiatu, nie przypadkowa KWW; wedlug prasy Wiorek prezentowal program komitetu dla powiatu. Formalnej deklaracji czlonkostwa partii w danych PKW brak (pkw_czlonek i pkw_partie puste) - powiazanie polityczne opiera sie na zdobytym mandacie (2010, wynik=TRUE) i wieloletniej dzialalnosci w tym komitecie, nie na czlonkostwie partyjnym. | ZRODLO: python3 research.py pkw ""Mariusz Wiorek"" (7 kandydatur PKW, wynik=TRUE w 2010); dziennikbaltycki.pl ""Komitet Wyborczy Porozumienie na Plus zarejestrowany. Powalcza o mandaty w Tczewie i powiecie"" i tetka.pl ""Kto kandyduje z Porozumienia na Plus?"" - wyniki wyszukiwania, stron nie otwieralem bezposrednio.","Przewodniczacy Rady Nadzorczej PKP Szybka Kolej Miejska w Trojmiescie Sp. z o.o. (Gdynia), KRS 0000076705 - samorzadowa spolka kolejowa (isPublic=true w danych zrodlowych). Wpis od 09.08.2024, kadencja aktualna. Potwierdzone przez research.py board: wpis nr 108, data_od 09.08.2024, organ ""organNadzoru"" (odpowiednik Rady Nadzorczej, NIE Rada Spoleczna - organ nie jest wykluczony polityka strony), aktualny=true; pierwsza cyfra PESEL to ""6"", zgodna z rokiem urodzenia 1964; zamaskowane w odpisie nazwisko/imie ""W*****""/""M******"" maja liczbe znakow zgodna z dlugoscia WIOREK (6 liter) i MARIUSZ (7 liter). Sama funkcje przewodniczacego (a nie tylko czlonka) potwierdza dopiero strona BIP SKM Trojmiasto (otwarta bezposrednio przez WebFetch): 7-osobowy sklad rady nadzorczej, Mariusz Wojciech Wiorek jako przewodniczacy. ZRODLO: odpis KRS pelny (api-krs.ms.gov.pl) stan 13.08.2026, python3 research.py board 0000076705; bip.skm.pkp.pl/d3/organy-i-osoby-sprawujace-funkcje.","verdict=publish || TEZA: przewodniczacy rady nadzorczej samorzadowej spolki kolejowej (SKM Trojmiasto) i wieloletni, raz wybrany kandydat lokalnego komitetu politycznego Porozumienie na Plus w Tczewie - polaczenie posady publicznej z zapleczem politycznym, ktore strona ma dokumentowac. || UWAGA: (1) nazwisko/imie w odpisie KRS przez api-krs sa zamaskowane - dopasowanie do rail_people oparte o zgodnosc dlugosci liter, pierwszej cyfry PESEL i dokladnej daty wpisu 09.08.2024, nie o odczyt wprost pelnego imienia i nazwiska; sama funkcje przewodniczacego potwierdza dopiero BIP, nie sam odpis (organNadzoru w odpisie nie podaje funkcji, tylko aktualny=true). (2) Komitet ""Porozumienie na Plus"" nie ma formalnej struktury partyjnej w danych PKW (pkw_partie i pkw_czlonek puste) - to lokalny komitet wyborczy, nie ogolnopolska partia; powiazanie polityczne opieram na mandacie z 2010 (wynik=TRUE) i udokumentowanej w prasie wieloletniej dzialalnosci w tym komitecie (2010-2024), nie na formalnym czlonkostwie. (3) Artykuly prasowe (dziennikbaltycki.pl, tetka.pl) cytuje z wynikow wyszukiwania, nie otwieralem ich bezposrednio - jedynie strone BIP SKM otworzylem przez WebFetch. (4) Ryzyko tozsamosci niskie: nazwisko Wiorek rzadkie, wszystkie 7 kandydatur PKW maja ten sam rocznik 1964 (pkw_inne_roczniki puste), zero rekordow odrzucono jako inna osoba. (5) Na stronie istnieje juz szkic (id l6vWegHiuPE8wjt8RDMG), nieopublikowany, 0 faktow, bez daty urodzenia w rekordzie (site_exact_birthdate=0) - to NIE duplikat do pominiecia, tylko szkic do uzupelnienia i publikacji."
15,Michal Pyrzyk,rejestr KRS (przeglad 86 spolek kolejowych),publish,"Czlonek PSL - wielokrotne deklaracje w PKW (2019, 2023, 2024: ""czlonek partii politycznej: Polskie Stronnictwo Ludowe""), obecnie wiceprezes PSL Wielkopolska. Burmistrz Slupcy 2006-2023, wybrany z listy PSL (wynik=TRUE w 2010 i 2018, komitet ""Komitet Wyborczy Polskie Stronnictwo Ludowe""/""KWW PSL""). Posel na Sejm X kadencji od 2023, wybrany z okregu nr 37 (Konin) z listy Koalicyjnego Komitetu Wyborczego Trzecia Droga PSL - Polska 2050 (wynik=TRUE). Wczesniej przegrana kandydatura do Sejmu w 2019 z listy PSL (wynik=FALSE) oraz do Europarlamentu w 2024 (wynik=FALSE). Identyfikacja: 10 kandydatur PKW pod tym nazwiskiem, wsrod rekordow z podanym rocznikiem wszystkie maja rocznik 1975 - pole pkw_inne_roczniki puste, wiec mimo popularnego nazwiska nie odrzucono zadnego rekordu jako niepasujacego rocznikiem (0 z 10 odrzuconych z tego powodu). ZRODLO: PKW wykaz kandydatow (research.py pkw), sejmsenat2023.pkw.gov.pl/sejmsenat2023/en/sejm/kandydat/29624/37/2744258, tvn24.pl ""Wybory 2023. Kto z Trzeciej Drogi wszedl do Sejmu X kadencji"", pl.wikipedia.org/wiki/Michal_Pyrzyk, mamprawowiedziec.pl/polityk/60555.","Czlonek Rady Nadzorczej (organ nadzoru, bez wyroznionej funkcji - ""szeregowy"" czlonek) spolki Koleje Wielkopolskie sp. z o.o. (KRS 0000349125), spolka publiczna - samorzadowa spolka kolejowa wojewodztwa wielkopolskiego (isPublic=true). Kadencja 28.02.2020 - 10.11.2023 (wpis nr 32, wykreslenie nr 51), OBECNIE NIEAKTUALNA (aktualny=false) - koniec kadencji zbiega sie w czasie z objeciem mandatu poselskiego (wybory X.2023). Organ potwierdzony w odpisie jako ""RADA NADZORCZA"" (nie RADA SPOLECZNA - polityka strony jej nie wyklucza). ZRODLO: odpis pelny KRS 0000349125 (research.py board), stan 17.09.2026, api-krs.ms.gov.pl.","verdict=publish || TEZA: byly wieloletni burmistrz Slupcy i obecny posel PSL/Trzecia Droga zasiadal rownolegle w radzie nadzorczej samorzadowej spolki kolejowej Koleje Wielkopolskie (2020-2023), co dokumentuje typowy mechanizm obsadzania rad nadzorczych spolek kolejowych dzialaczami partyjnymi piastujacymi jednoczesnie funkcje publiczne. || UWAGA: (1) kadencja w radzie nadzorczej juz sie skonczyla (10.11.2023) - w tresci posta opisano jako byla, nie obecna. (2) Nazwisko ""Pyrzyk"" nie jest unikalne w PKW (10 rekordow pod tym imieniem i nazwiskiem), ale wszystkie rekordy z podanym rocznikiem to 1975, zgodnie z data urodzenia z odpisu (1975-06-07) - pkw_inne_roczniki jest puste, wiec ryzyko pomylki tozsamosci ocenaim jako niskie, choc rocznik sam w sobie nie jest dowodem absolutnym (nie porownywano PESEL - w odpisie odczyt ""7**********"" jest zgodny z rokiem 1975, ale zamaskowany). (3) Liczba zwycieskich startow: narzedzie policzylo 4 wpisy z wynik=TRUE, top14.json podaje pkw_wybrany=3 - rozbieznosc wynika najpewniej z dwoch rekordow dla tej samej elekcji 2010 (dwa teryty dla tego samego mandatu burmistrza), niekrytyczne dla werdyktu. (4) Osoba juz istnieje w bazie koryta.pl jako rekord NIEOPUBLIKOWANY (id t6HfCU6YjfXfqCGwegJr, zgodna data urodzenia, partie PSL/Polska 2050 juz zapisane, 7 faktow, isApproved=false) - to nie jest nowy wpis, tylko kandydat do publikacji istniejacego szkicu. (5) Nie zweryfikowano niezaleznie przez BIP Slupcy/Koleje Wielkopolskie poza zrodlami wymienionymi wyzej - zrodlem funkcji publicznej sa wyniki wyszukiwania WebSearch (TVN24, Wikipedia PL, mamprawowiedziec.pl, oficjalna strona PKW sejmsenat2023.pkw.gov.pl), nie samodzielnie otwierana strona BIP."
16,Stanislaw Kogut,infokolej.pl t=508 -> p=3412,publish,"PKW potwierdza rocznik 1953 konsekwentnie: 1997 Sejm z rekomendacji Komisji Krajowej NSZZ Solidarnosc, 2002 samorzad z Koalicyjnego KW Platforma Obywatelska - Prawo i Sprawiedliwosc, a przede wszystkim 2011 wybor do Senatu (wynik=TRUE) z Komitetu Wyborczego Prawo i Sprawiedliwosc z wprost zadeklarowanym czlonkostwem ""czlonek partii Prawo i Sprawiedliwosc""; takze kandydatury senackie w 2005, 2007, 2015 i 2019 (w 2019 juz jako ""nie nalezy do partii"", po odejsciu z PiS) z komitetu PiS. To mandat z wyborow plus zadeklarowane czlonkostwo partyjne - najmocniejsza kombinacja w bramce. ZRODLO: pkw.sqlite (fold ""stanislaw kogut"", rocznik 1953, 8 pasujacych rekordow z 29 ogolem).","Odpis pelny PKP SA (KRS 0000019193) potwierdza: KOGUT STANISLAW, ur. 29.10.1953, czlonek rady nadzorczej 11.06.2001-09.12.2002 i ponownie 09.12.2002-23.12.2005 (dwie kolejne kadencje, lacznie ok. 4,5 roku) - zgodne z twierdzeniem o zasiadaniu w radzie PKP w okresie prezesury Janika/nastepcow. Kadencja zakonczona. ZRODLO: odpis pelny api-krs.ms.gov.pl, stan 20.11.2025.","verdict=publish || TEZA: lacznik zwiazkowo-polityczny miedzy kolejowa Solidarnoscia a PiS - byl w radzie nadzorczej PKP SA jako przedstawiciel zwiazkowy (2001-2005), a pozniej wybrany do Senatu z listy PiS (2011) z formalnym czlonkostwem partyjnym. || UWAGA: sam tekst z tygodnika NIE (nr 8/2006) nie zachowal sie w zrzucie (tylko lead), wiec etykieta ""senator PiS"" z tamtego posta jest slowem autorki, nie cytatem - ale niezaleznie od tego PKW sama potwierdza wybor senacki 2011 i czlonkostwo w PiS, wiec teza stoi na wlasnych nogach bez tamtego zrodla."
17,Szymon Sobczak,infokolej.pl t=4731 (lead); potwierdzenia z infokolej.pl t=16056 i p=417185,publish,"Radny gminy Stupsk i PRZEWODNICZACY Rady Gminy Stupsk nieprzerwanie przez cztery kadencje: 2010-2014, 2014-2018, 2018-2023, 2024-2029 - czyli 16 lat wybieralnego urzedu, caly czas jako szef rady. PKW: 6 kandydatur, WSZYSTKIE rocznik 1969, WSZYSTKIE teryt 141306 (gmina Stupsk, powiat mlawski), wynik=TRUE w 2010 i 2024; w 2024 okreg 6, 111 glosow, 67,27 proc. Odrzucilem ZERO rekordow PKW: w calym wykazie (1,95 mln kandydatur) imie i nazwisko Szymon Sobczak wystepuje tylko w tym jednym roczniku i tylko w tej jednej gminie, wiec zlaczenie po nazwisku i roczniku jest jednoznaczne i nie bylo czego odsiewac. Kadencje 2014-2018 i 2018-2023, o ktorych kolumna wynik w PKW milczy, potwierdza BIP gminy Stupsk oraz jego wlasne, podpisane oswiadczenia majatkowe. Partia: ZADNEJ kandydatury z listy partyjnej i ZADNEJ deklaracji czlonkostwa w PKW - 6/6 z komitetow wyborcow (KWW Wybory 2002, KWW Mieszkancow Gminy Stupsk 2006/2010/2018/2024, KWW Jana Chodziutko 2014). PSL pochodzi wylacznie z prasy: nczas.info 06.06.2026 pisze 'Szymon Sobczak (dzialacz PSL, przewodniczacy rady gminy Stupsk)', a ten sam tekst cytuje na forum sfora6: 'Reprezentuje struktury PSL w powiecie mlawskim na polnocy Mazowsza'. To jest twierdzenie prasowe, nie rejestrowe. | ZRODLO: PKW wykaz kandydatow (kanal oficjalny, 6 kandydatur, ur. 1969, teryt 141306); BIP gminy Stupsk https://stupsk.bipgmina.pl/osoby/19301/szymon_sobczak_ (wykaz czterech kadencji + 9 oswiadczen majatkowych, otwarte 20.09.2026); portalsamorzadowy.pl/osoba/szymon-sobczak,135992.html (wynik wyborow 2024, otwarte); nczas.info 06.06.2026 (otwarte); infokolej.pl p=417185, post sfora6 z czerwca 2026 (otwarte).","CZLONEK ZARZADU / Dyrektor Handlowy, 'KOLEJE MAZOWIECKIE - KM' sp. z o.o., KRS 0000222735 - podmiot publiczny, bo WOJEWODZTWO MAZOWIECKIE ma w odpisie 100 proc. udzialow (963 818 udzialow, 481 909 000 zl, czyPosiadaCaloscUdzialow=true od wpisu 11; PKP Przewozy Regionalne wykreslone tym samym wpisem). POSADA AKTUALNA. Odpis pelny (PDF, nazwiska niemaskowane): SOBCZAK SZYMON, ur. 27.09.1969, organ ZARZAD, funkcja CZLONEK ZARZADU, wpis nr 70 z 06.05.2024, BRAK wykreslenia. Powolany przez rade nadzorcza - nakolei.pl podaje 03.04.2024, on sam w oswiadczeniu pisze 'od 02.04.2024 r.', do rejestru trafilo 06.05.2024. Wczesniej dyrektor Biura Handlowego od 2017, w pionie handlowym od zalozenia spolki w 2004. Pieniadze z tej posady, z dokumentu urzedowego: dochod z tytulu zasiadania w zarzadzie za 2025 - 474 386,70 zl, plus dieta przewodniczacego rady gminy 25 764 zl; w oswiadczeniu za 2022 bylo 310 559,95 zl z zatrudnienia i 22 242 zl diety. Dodatkowo od 2025 prezes zarzadu Zwiazku Samorzadowych Przewoznikow Kolejowych (organizacja branzowa, nie podmiot publiczny - nie liczy sie jako posada). ZRODLO: odpis pelny KRS 0000222735 stan 03.08.2026, api-krs.ms.gov.pl (naglowek z datami wpisow) + PDF odpisu pelnego z wyszukiwarka-krs-api (imiona, nazwiska, data urodzenia); bip.mazowieckie.com.pl/pl/organy-spolki, gdzie spolka sama wymienia go jako 'Czlonek Zarzadu, Dyrektor Handlowy' (otwarte 20.09.2026); oswiadczenia majatkowe radnego z BIP gminy Stupsk za 2022 (podpisane 26.04.2023, wplyw 04.05.2023, RPW/183027/2023) i za 2025 (podpisane 27.04.2026, wplyw 30.04.2026, RPW/326212/2026) - skany, odczytane ze stron PDF.","verdict=publish || TEZA: przewodniczacy rady gminy Stupsk, nieprzerwanie od 2010 roku, siedzi w zarzadzie kolejowej spolki, ktorej wlascicielem w 100 proc. jest wojewodztwo marszalka Struzika, i bierze z tego 474 tys. zl rocznie obok diety radnego - to jest dokladnie to nakladanie sie mandatu z wyborow na posade w podmiocie publicznym, ktore strona dokumentuje, i jest w calosci udokumentowane papierem urzedowym. || UWAGA: (1) On juz JEST opublikowany na koryta.pl - wezel o5CplilP70UOnSFcRRTy, published=true, isApproved=true, zatwierdzony 13.09.2026 o 14:53 (proposal_o5CplilP70UOnSFcRRTy_of0BKlwq...), czyli CZTERY DNI PRZED pierwszym przebiegiem, ktory twierdzil, ze wezel jest nieopublikowany. Do zrobienia zostaje nie publikacja, tylko dociagniecie faktow (seat w zarzadzie, cztery kadencje, kwoty z oswiadczen) i poprawienie etykiety partyjnej. (2) Wezel nosi parties=['PSL'], czego wykaz PKW NIE potwierdza: 6 kandydatur na 6 z komitetow wyborcow, zero deklaracji czlonkostwa. Zrodlem PSL sa dwa teksty prasowe (nczas.info i cytat na forum), nie rejestr - albo opisac partie jako 'wg prasy', albo ja zdjac. Nie chowac tego: to jedyne miekkie miejsce w tym wierszu. (3) Forumowa sciezka kariery - konduktor, potem etatowy przewodniczacy zakladowej Solidarnosci, potem naczelnik, potem dyrektor (Victoria, infokolej t=16056, 02.09.2012) - jest NIEZWERYFIKOWANA i nie wolno jej publikowac jako faktu. (4) Trzy rozne daty powolania: 02.04.2024 (jego oswiadczenie), 03.04.2024 (nakolei.pl), 06.05.2024 (wpis do KRS). Do publikacji brac date wpisu, reszta jako przypis. (5) Ryzyko tozsamosci praktycznie zerowe: data 27.09.1969 zgadza sie w trzech niezaleznych miejscach - odpis pelny KRS, podpisane oswiadczenie ('urodzony 27 wrzesnia 1969 r. w Mlawie') i pole birthDate wezla na koryta.pl; PKW dorzuca rocznik 1969 i te sama gmine."
18,Tomasz Damian Niedziela,rejestr KRS (przeglad 86 spolek kolejowych),publish,"Radny Sosnowca, wiceprzewodniczacy Rady Miejskiej Sosnowca, z ramienia SLD; WYBRANY w wyborach samorzadowych 2024 (PKW: teryt kandydowania 247501 = gmina miejska Sosnowiec, rocznik 1981, komitet KWW Platformy i Lewicy). Deklaracja czlonkostwa ""SLD"" zlozona przy wczesniejszej kandydaturze samorzadowej 2018 w Sosnowcu (przegrana). Dla rocznika 1981 PKW ma 4 kandydatury (2014 KKW SLD Lewica Razem - bez wyniku, 2018 x2 w tym deklaracja SLD - obie bez mandatu, 2024 WYBRANY KWW Platformy i Lewicy). Nazwisko Niedziela jest w PKW niejednoznaczne: z 12 rekordow ""Tomasz Niedziela"" odrzucono 8 jako niepasujace do rocznika 1981 - 1 z rocznikiem 1956 (1998, bezpartyjny), 2 z rocznikiem 1978 (2014 i 2024, obie razy KW Prawo i Sprawiedliwosc - wyraznie inna osoba, przeciwny oboz polityczny), 1 z rocznikiem 1982 (2010, SLD, WYBRANY - blisko, ale inny rocznik), oraz 4 bez zapisanego rocznika (kandydatury senackie/europoselskie 2009/2014/2015/2024, w tym jedna oznaczona plcia F - najpewniej blad danych PKW lub zupelnie inna osoba). | ZRODLO: PKW person_pkw (wykaz kandydatow, kanal oficjalny), zapytanie research.py pkw ""Tomasz Niedziela""; Rynek Kolejowy, 13.03.2023, ""Tomasz Niedziela - nowy wiceprezes w Kolejach Slaskich"" https://www.rynek-kolejowy.pl/wiadomosci/tomasz-niedziela--nowy-wiceprezes-w-kolejach-slaskich-112423.html (otwarte narzedziem WebFetch 2026-09-20) - wprost nazywa go ""radnym z Sosnowca z ramienia SLD"" i wiceprzewodniczacym rady miejskiej; Slaska Opinia, 13.03.2023, naglowek ""Sosnowiecki radny nowym wiceprezesem Kolei Slaskich"" https://slaskaopinia.pl/2023/03/13/sosnowiecki-radny-nowym-wiceprezesem-kolei-slaskich/ (otwarte narzedziem WebFetch 2026-09-20, tresc za blokada - dostepny tylko naglowek, ktory jednak niezaleznie potwierdza te sama teze).","Wiceprezes Zarzadu ds. Handlowych, Koleje Slaskie sp. z o.o. (Katowice), KRS 0000357114, spolka publiczna w calosci nalezaca do Woj. Slaskiego. Wpis w organie ZARZAD (nie RADA SPOLECZNA ani RADA NADZORCZA - polityka strony go nie wyklucza), wpis nr 77 w odpisie pelnym, od 28.03.2023, aktualny (stan odpisu 18.05.2026, brak daty konca). Odpis pelny w tym narzedziu jest zamaskowany do inicjalow, ale zgadzaja sie: pierwsza litera nazwiska (N) i imienia (T), pierwsza cyfra PESEL ""8"" (rocznik 1981), dokladna funkcja ""WICEPREZES ZARZADU DO SPRAW HANDLOWYCH"" i data wpisu 28.03.2023 - identyczne z danymi zrodlowymi (seats[0]). Potwierdzone niezaleznie spoza rejestru: oficjalna strona spolki, https://www.kolejeslaskie.pl/spolka/tomasz-niedziela-wiceprezes-zarzadu-ds-handlowych/ (otwarte WebFetch 2026-09-20) oraz Rynek Kolejowy 13.03.2023 (jak w polu connection) - obie podaja te sama funkcje; data objecia stanowiska w prasie (13.03.2023) wyprzedza date wpisu w KRS (28.03.2023) o 15 dni, co jest typowym opoznieniem rejestracji uchwaly, a nie sprzecznoscia. ZRODLO: odpis pelny KRS 0000357114 (KOLEJE SLASKIE), stan 18.05.2026, api-krs.ms.gov.pl (research.py board); kolejeslaskie.pl (pobrany 2026-09-20); rynek-kolejowy.pl (pobrany 2026-09-20).","verdict=publish || TEZA: wiceprezes zarzadu wojewodzkiej spolki kolejowej jest jednoczesnie zyjacym radnym Sosnowca z ramienia SLD, wybranym w 2024 - obie polowki bramki sa twarde jednoczesnie (mandat z wyborow + potwierdzona posada w zarzadzie, nie w wykluczonej radzie spolecznej). || UWAGA: (1) nazwisko Niedziela jest niejednoznaczne w PKW - odrzucono 8 z 12 rekordow ""Tomasz Niedziela"" spoza rocznika 1981, w tym jeden z listy PiS (rocznik 1978) - patrz szczegoly w polu connection; (2) identyfikacja opiera sie na zgodnosci imienia+nazwiska+rocznika oraz inicjalow/pierwszej cyfry PESEL w odpisie (ktory to narzedzie maskuje) - nie na pelnym numerze PESEL ani na bezposrednim porownaniu z odpisem PDF uzytym do zbudowania listy top14; (3) wyszukiwarka sugerowala tez dluzsza kariere partyjna (czlonek SLD od 1999, sekretarz wojewodzki SLD, obecnie wiceprzewodniczacy Nowej Lewicy woj. slaskiego), ale to bylo streszczenie wyszukiwarki, nie tresc otwartej strony, wiec NIE wliczono tego do polaczenia politycznego - powyzsze fakty w polu connection opieraja sie wylacznie na PKW i dwoch bezposrednio otwartych stronach; (4) strona ma juz nieopublikowany rekord tej osoby (id ZezjttHAP5ZQOMvVS9VS, dopasowany po samym nazwisku, bez zapisanej daty urodzenia w bazie), wiec przy publikacji trzeba recznie potwierdzic zgodnosc tozsamosci, bo serwis nie potwierdza jej sam."
19,Wlodzimierz Wilkanowicz,infokolej.pl t=10567 -> p=141709 ; infokolej.pl t=11133 -> p=165042,publish,"PKW: rocznik 1953 (zgodny z data urodzenia z odpisu) w dwoch kandydaturach - 1998 samorzad KW 'Nasza Sroda' oraz 2001 Sejm z Koalicyjnego KW Akcja Wyborcza Solidarnosc Prawicy, z zadeklarowanym czlonkostwem 'czlonek RS AWS' (Rada Spoleczna AWS). Potwierdzone czlonkostwo w strukturach partyjnych, zgodne czasowo z funkcja wicewojewody wielkopolskiego 2000-2002 (nominacja polityczna koalicji AWS-UW). Mocne. | ZRODLO: wykaz kandydatow PKW.","Prezes Zarzadu Kolei Wielkopolskich sp. z o.o. (Poznan), KRS 0000349125, isPublic=true. Wpis: 15.10.2010-21.07.2021 (ponad 10 lat, zaczyna sie 3 miesiace po dacie cytowanego dossier KOW). Dane z odpisu: WILKANOWICZ Wlodzimierz, ur. 1953-08-27. Samo twierdzenie forum (stanowisko 'dyrektora zakladu PR' w 2010) NIE jest weryfikowalne w KRS, bo dyrektorzy zakladow (funkcja wewnetrzna) nie sa wpisywani do rejestru - publikuje sie na podstawie innego, w pelni potwierdzonego stanowiska tej samej osoby. ZRODLO: odpis pelny KRS 0000349125, api-krs.ms.gov.pl.","verdict=publish || TEZA: byly wicewojewoda wielkopolski z ramienia AWS zostal prezesem samorzadowej spolki kolejowej (Koleje Wielkopolskie) na ponad dekade. || UWAGA: pierwotne twierdzenie z forum (dyrektor zakladu PR w 2010) jest niepotwierdzalne w KRS - do publikacji uzyto innego, potwierdzonego stanowiska tej samej osoby (prezes Kolei Wielkopolskich), nastepujacego bezposrednio po opisywanym dossier. Kandydatury PKW sa sprzed >20 lat wzgledem objecia stanowiska prezesa - powiazanie polityczne jest historyczne, nie biezace. || DUPLIKAT: ta sama osoba potwierdzona niezaleznie w 2 watkach (infokolej.pl t=10567 -> p=141709, infokolej.pl t=11133 -> p=165042)."
20,Zygmunt Feliks Brzezinski,rejestr KRS (przeglad 86 spolek kolejowych),publish,"PSL, mandat wojta gminy Imielno (woj. swietokrzyskie, pow. jedrzejowski), dwie kadencje. PKW (research.py pkw ""Zygmunt Brzezinski""): 9 kandydatur pod tym imieniem i nazwiskiem lacznie, z czego 5 ma rocznik 1952 - zgodny z data urodzenia z odpisu (1952-11-26; PKW podaje tylko rok). Te 5 rekordow: 1998 lista lokalna ""Porozumienie Samorzadowe Ziemia Jedrzejowska"" (teryt 260200, brak wyniku); 2002 KW Polskiego Stronnictwa Ludowego, wynik=TRUE, stanowisko ""W"" (teryt 260201, pierwsze w Polsce bezposrednie wybory wojtow); 2006 Komitet Wyborczy PSL, stanowisko Wojt (teryt 260201); 2010 KOMITET WYBORCZY POLSKIE STRONNICTWO LUDOWE, wynik=TRUE, deklaracja ""czlonek Polskiego Stronnictwa Ludowego"" (teryt 260201); 2014 Komitet Wyborczy PSL (teryt 260201). Rekordy PKW z 2024 r. dla tego samego teryt 260201 opisuja urzad wprost jako ""Wojt Gminy Imielno"" - to jednoznacznie lokalizuje mandat. ODRZUCONO 4 z 9 rekordow PKW pod tym samym imieniem i nazwiskiem jako inna osobe/osoby: rocznik 1930 x2 (teryt 181801, komitety SLD/SLD-UP) i rocznik 1950 x2 (teryt 1959395 i 221500, komitet Unia Wolnosci) - oba roczniki niezgodne z data urodzenia z odpisu, geografia niezwiazana z Jedrzejowem/Imielnem. ZRODLO: PKW wykaz kandydatow (research.py pkw), niezaleznie potwierdzone w internecie: pkw.gov.pl, oficjalny ""Wykaz wybranych wojtow, burmistrzow i prezydentow miast"" z 27.11.2006 (pkw.gov.pl/uploaded_files/1456390048_ML-wykaz_wybranych_wojtow.pdf) i wybory2010.pkw.gov.pl (wygrana 57,60% glosow w 2010), portalsamorzadowy.pl/gmina/imielno,2414.html oraz echodnia.eu (sprawa sadowa z kontrkandydatem po wyborach 2014) - wszedzie pelne imie i nazwisko ""Zygmunt Feliks Brzezinski"" zgadza sie z drugim imieniem z odpisu KRS.","Czlonek KOMISJI REWIZYJNEJ (NIE rady nadzorczej - patrz UWAGA w komentarzu) w spolce SWIETOKRZYSKA KOLEJKA DOJAZDOWA ""CIUCHCIA EXPRES PONIDZIE"" Sp. z o.o. (obecnie w likwidacji), KRS 0000152612, siedziba Jedrzejow, woj. swietokrzyskie. Wpisany 24.02.2003, wykreslony 30.12.2005 (numer wpisu 1 -> 2), bez wskazanej funkcji w organie (zwykly czlonek, nie przewodniczacy). Spolka jest w calosci wlasnoscia jednostek samorzadu terytorialnego: Wojewodztwo Swietokrzyskie, Powiat Jedrzejowski, Powiat Pinczowski, Gmina Jedrzejow, Gmina Pinczow, GMINA IMIELNO (ta sama gmina, ktorej byl wojtem od 2002 r.), Gmina Kije - a wiec to podmiot publiczny (spolka komunalna), mimo ze pole isPublic w danych wejsciowych top14.json mowi False (blad klasyfikacji zrodla, do poprawy). Kadencja w komisji rewizyjnej (2003-2005) pokrywa sie z jego pierwsza kadencja jako wojt (2002-2006) - zasiadal w organie nadzoru spolki wspoltworzonej przez wlasna gmine, bedac rownoczesnie jej wojtem. ZRODLO: odpis pelny KRS 0000152612, stan na dzien 21.11.2025, api-krs.ms.gov.pl (research.py krs 0000152612 pelny; research.py board 0000152612).","verdict=publish || TEZA: byly wojt gminy Imielno (PSL, dwie potwierdzone przez PKW kadencje) zasiadal rownoczesnie w organie nadzoru regionalnej spolki kolejowej, ktorej udzialowcem jest jego wlasna gmina - przyklad koryta samorzadowego. || UWAGA: (1) top14.json/seats podaje organ jako ""RADA NADZORCZA"", ale odpis pelny pokazuje, ze w okresie kadencji Brzezinskiego (24.02.2003-30.12.2005) organ nazywal sie ""KOMISJA REWIZYJNA"" - dopiero po jego wykresleniu, od wpisu 2 (30.12.2005), przemianowano go na Rade Nadzorcza; komisja rewizyjna w sp. z o.o. jest ustawowym odpowiednikiem rady nadzorczej (art. 213 KSH), wiec to nie jest wykluczenie w stylu ""rada spoleczna w SPZOZ"", ale pole post na stronie powinno nosic wlasciwa, historyczna nazwe organu, nie ""rada nadzorcza"". (2) top14.json oznacza spolke jako isPublic=false, co jest bledne - to spolka komunalna 7 JST (w tym samej Gminy Imielno); do poprawy w zrodle danych. (3) PESEL w odpisie zamaskowany (api-krs maskuje), tozsamosc oparta na: imie+drugie imie+nazwisko dokladnie zgodne (Zygmunt Feliks Brzezinski), rocznik PKW 1952 zgodny z rokiem urodzenia z odpisu (PKW nie podaje pelnej daty) i spojnej geografii (teryt gminy Imielno w kazdym z 5 pasujacych rekordow PKW, ta sama gmina co udzialowiec spolki) - potwierdzone niezaleznie w internecie (pkw.gov.pl, portalsamorzadowy.pl, echodnia.eu). Odrzucono 4 z 9 rekordow PKW pod tym samym imieniem i nazwiskiem (rocznik 1930 i 1950, inna geografia) jako inne osoby. (4) Nie sprawdzono oswiadczenia majatkowego w BIP gminy Imielno - odpis KRS jest tu jedynym zrodlem posady, oswiadczenia nie szukano w tym przebiegu. (5) Sprawa sadowa kontrkandydata po wyborach 2014 (echodnia.eu) nie ma wplywu na werdykt, przytoczona tylko jako potwierdzenie tozsamosci i dat kadencji."
21,Adam Matusiewicz,infokolej.pl t=16963 -> p=268850,maybe,"Mocne. PKW: Adam Marek Matusiewicz, rocznik 1973 - kandydat KW Platforma Obywatelska RP do Europarlamentu 2009 oraz WYBRANY (wynik=TRUE) w wyborach samorzadowych 2010 do sejmiku wojewodztwa slaskiego (teryt_kand 240000 = woj. slaskie, teryt_zam 247401 = Katowice), rowniez z listy KW Platforma Obywatelska RP. Dwie kandydatury, spojne co do partii i rocznika. | ZRODLO: PKW person_pkw (wykaz kandydatow, kanal oficjalny).","Marszalek wojewodztwa slaskiego (Urzad Marszalkowski Wojewodztwa Slaskiego) - stanowisko potwierdzone WYLACZNIE przez przedruk prasowy (Rynek Kolejowy, konferencja prasowa, 15-10-2012); nie sprawdzono w BIP urzedu ani w oswiadczeniu majatkowym - brak takiego narzedzia w tym przebiegu. To nie posada w spolce, wiec KRS jej nie potwierdzi; nie znaleziono go tez w zadnym organie spolek kolejowych z listy rail_companies (m.in. rada nadzorcza Kolei Slaskich, KRS 0000357114, jest w pelni znana z odpisu pelnego i nie zawiera nazwiska Matusiewicz).","verdict=maybe || TEZA: marszalek wojewodztwa, ktore jest wlascicielem Kolei Slaskich, byl radnym sejmiku wybranym z listy PO - klasyczny uklad samorzadowo-kolejowy, ale sama posade marszalka potwierdza jedynie prasa, nie urzad. || UWAGA: brak niezaleznego potwierdzenia daty urodzenia (PKW daje tylko rocznik 1973, bez dnia/miesiaca) - Matusiewicz nie zasiada w zadnym organie spolki kolejowej z listy rail_companies, wiec nie ma odpisu KRS jako kotwicy tozsamosci; ryzyko pomylki niskie (oba rekordy PKW spojne co do partii i rocznika), ale nieudowodnione do konca. Drugi cytowany przez forum watek (t=13757 -> p=237257) o faworyzowaniu Kolei Slaskich nie zostal osobno zweryfikowany w tym przebiegu."
22,Aleksander Janiszewski,infokolej.pl t=508 -> p=27566,maybe,"PKW potwierdza spojny rocznik 1935 na wszystkich 5 kandydaturach: 1997 Sejm i 2001 Sejm z Unii Wolnosci z wprost zadeklarowanym czlonkostwem ""czlonek Unii Wolnosci"", 1998 samorzad z Zarzadu Unii Wolnosci (dwukrotnie), 2002 samorzad z Krajowego KWW Unia Samorzadowa. To formalne, wielokrotnie potwierdzone czlonkostwo partyjne - mocna polowa polityczna. ZRODLO: pkw.sqlite (fold ""aleksander janiszewski"", 5 rekordow, wszystkie rocznik 1935).","Stanowisko dyrektora PKP w 1993 r. (mianowal Janika na dyrektora Wschodniej DOKP) poprzedza rejestracje PKP SA w KRS (11.06.2001) - nie ma odpisu, ktory by je potwierdzil, ani zadnego dokumentu urzedowego z tego okresu w zasiegu dostepnych narzedzi. NIEPOTWIERDZONE dokumentem urzedowym, tylko przedrukiem GW.","verdict=maybe || TEZA: dyrektor PKP z 1993 r., ktory mianowal pozniejszego prezesa Janika, byl formalnie dzialaczem Unii Wolnosci przez cala druga polowe lat 90. - ciekawe polaczenie stanowiska w PKP z polityka, jesli tozsamosc sie potwierdzi. || UWAGA: polaczenie osoby ""dyrektora PKP z 1993"" z ""politykiem UW ur. 1935"" opiera sie wylacznie na zgodnosci nazwiska (dosc rzadkiego) - nie ma odpisu ani innego dokumentu, z ktorego dalby sie odczytac rok urodzenia dyrektora PKP, wiec nie da sie tego formalnie zlaczyc z rocznikiem 1935 z PKW."
23,Andrzej Kasiura,infokolej.pl t=11039 -> p=144371,maybe,"PKW potwierdza 12 kandydatur, wszystkie rocznik 1969, teryt Krapkowice/woj. opolskie - zgadza sie z opisem w tresci twierdzenia. Wybrany 4 razy (wynik=TRUE): 2010 do sejmiku wojewodztwa opolskiego z Komitetu Wyborczego Towarzystwa Spoleczno-Kulturalnego Niemcow na Slasku Opolskim (mniejszosc niemiecka, nie partia krajowa), oraz burmistrzem Krapkowic w 2010, 2018 i 2024 z lokalnych KWW ""Dla Krapkowic"". W 2024 wprost deklaruje ""nie nalezy do partii politycznej"". To realny mandat z wyborow (sejmik + trzykrotnie burmistrz), ale zdobyty przez komitet mniejszosci narodowej i lokalne KWW, nie przez partie krajowa - w kategoriach bramki to srodek miedzy ""mocne"" a ""slabe"". ZRODLO: pkw.sqlite (fold ""andrzej kasiura"", 12 rekordow).","Twierdzenie mowi o funkcji czlonka zarzadu wojewodztwa opolskiego w 2010 r. (wywiad dla Rynku Kolejowego/Radia Plus Opole) - nie ma to jednak zadnego dokumentu urzedowego w zasiegu dostepnych narzedzi: zarzad wojewodztwa nie ma odpisu KRS, a oswiadczenia majatkowego w BIP nie sprawdzono (nie wolno zgadywac URL). Jedynym potwierdzeniem stanowiska pozostaje sam wywiad prasowy cytowany w watku. NIEPOTWIERDZONE dokumentem urzedowym.","verdict=maybe || TEZA: dzialacz TSKN, ktory jako czlonek zarzadu wojewodztwa opolskiego mial wplyw na obsade prezesa i kontrakty Przewozow Regionalnych - gdyby stanowisko dalo sie potwierdzic dokumentem urzedowym, byloby to dobre polaczenie posady z wplywem na kolej regionalna. || UWAGA: stanowisko (czlonek zarzadu wojewodztwa) nie ma tu zadnego potwierdzenia poza samym wywiadem - nie sprawdzono BIP/oswiadczenia majatkowego. Powiazanie polityczne jest realne (wybory wygrane) ale przez komitet mniejszosci niemieckiej i lokalne KWW, nie przez partie krajowa, a on sam deklaruje brak przynaleznosci partyjnej."
24,Czeslaw Sulima,infokolej.pl t=7524 -> p=71827,maybe,"Sprzeczne. Wlasna kwerenda PKW: ZERO kandydatur pod imieniem i nazwiskiem 'Czeslaw Sulima' (sprawdzono tez wszystkie rekordy o nazwisku SULIMA - zaden nie ma rocznika 1956 z imieniem Czeslaw; jedyny 'Sulima, rocznik 1956' w bazie to Kazimierz Tadeusz Sulima, inna osoba, radny w Pile). ROWNOCZESNIE profil tej samej osoby (birthDate 1956-10-17, zgodnosc pelna z odpisem) jest juz OPUBLIKOWANY i zatwierdzony (isApproved=true) na koryta.pl z tagiem parties=['PSL'] - zrodlo tego tagu nie jest znane z narzedzi tego przebiegu (nie pochodzi z PKW person_pkw; byc moze z rejestr.io albo z odrebnej weryfikacji redakcyjnej sprzed tego runu). | ZRODLO: PKW person_pkw (wykaz kandydatow, kanal oficjalny) - brak trafien; /tmp/people_2026-09-19.json, rekord GCcUuhpQDrsAhlodQ6O2 - tag PSL zatwierdzony redakcyjnie, pochodzenie nieustalone w tym przebiegu.","Czlonek zarzadu Koleje Mazowieckie - KM sp. z o.o. (KRS 0000222735, publiczna), OD 30.11.2004, AKTUALNY (brak daty konca w odpisie). UWAGA: przedruk RK sugeruje, ze zostal 'powolany' na to stanowisko rownolegle ze zmiana prezesa w 2009 - to NIEPRAWDA wedlug odpisu: zasiada w zarzadzie NIEPRZERWANIE od 2004, a nie od 2009 (w odroznieniu od Marka Dawidowicza, ktory rzeczywiscie wszedl do zarzadu 05.08.2009). ZRODLO: odpis pelny KRS 0000222735, api-krs.ms.gov.pl.","verdict=maybe || TEZA: dlugoletni (ponad 20 lat) czlonek zarzadu spolki kolejowej samorzadu mazowieckiego, ktorego strona juz oznaczyla jako PSL - jesli ten tag jest twardy, calosc spelnia bramke i powinna byc publish. || UWAGA: to najwazniejsze znalezisko w tej partii - osoba jest JUZ OPUBLIKOWANA na koryta.pl (id GCcUuhpQDrsAhlodQ6O2) z zatwierdzonym tagiem PSL, ale wlasna kwerenda PKW dla tego nazwiska i rocznika wraca zero - zrodlo tagu PSL nie zostalo ustalone w tym przebiegu (research.py nie ma kanalu do sprawdzenia czlonkostwa w organach partii). Redakcja powinna sprawdzic zrodlo tagu PSL na istniejacym profilu, zanim doda te pozycje jako dodatkowy 'post'; sama data 'od' w przedruku RK jest blednie podana (nie 2009, tylko 2004)."
25,Czeslaw Warsewicz,"infokolej.pl t=1785 -> p=12200, p=377014",maybe,"PKW: 0 kandydatur pod imieniem i nazwiskiem Czeslaw Warsewicz, brak deklaracji czlonkostwa partyjnego, brak mandatu z wyborow. Jedyne zrodlo powiazania politycznego to charakterystyka prasowa: Rzeczpospolita (19.11.2006) opisuje nominacje na prezesa PKP Intercity w 2006 jako ""wybor polityczny"" i ""rekomendacje PiS""; forum (nie prasa) okresla go pozniej (2018, nominacja na PKP Cargo) jako ""bylego prezesa PKP Intercity z nadania PiS"". To interpretacja dziennikarska wzorca nominacji, nie formalne czlonkostwo ani mandat. ZRODLO: pkw.sqlite (fold ""czeslaw warsewicz""); Rzeczpospolita 19.11.2006 (przedruk w p=12200); manager.money.pl (przedruk w p=377014).","Odpis pelny potwierdza: PKP Intercity sp. z o.o. (KRS 0000018434) prezes zarzadu 05.04.2006-11.12.2008; PKP Intercity (KRS 0000296032, nastepca prawny) prezes zarzadu 02.01.2008-26.01.2009; PKP Cargo SA (KRS 0000027702) czlonek rady nadzorczej 17.02.2016-18.05.2018 i prezes zarzadu 18.05.2018-19.11.2021; PKP Cargo Connect (KRS 0000006291) rada nadzorcza 25.09.2019-22.07.2021; Zwiazek Pracodawcow Kolejowych (KRS 0000069058) czlonek zarzadu 24.01.2019-10.02.2022. Warsewicz Czeslaw, ur. 22.06.1969 - zgodne z ""ur. ok. 1969"" z artykulu. Wszystkie kadencje juz zakonczone. ZRODLO: odpis pelny api-krs.ms.gov.pl, stan 20.11.2025.","verdict=maybe || TEZA: dwukrotny (2006 PiS, 2018 PiS) prezes panstwowych spolek kolejowych, opisywany przez nazwana prase jako nominacja polityczna - kandydat do dokumentowania wzorca politycznych nominacji w PKP, jesli znajdzie sie twardszy dowod powiazania. || UWAGA: PKW nie ma ani jednej kandydatury na to nazwisko - powiazanie opiera sie wylacznie na interpretacji dziennikarskiej (""wybor polityczny"", ""z nadania PiS""), nie na czlonkostwie partyjnym ani mandacie z wyborow. Post jest twardy (odpis pelny, wiele kadencji), ale bramka wymaga twardej polowy politycznej, ktorej brak."
26,Ewa Jacunska,infokolej.pl t=16390 -> p=342517,maybe,"PKW: 0 kandydatur pod jej wlasnym nazwiskiem - nigdy nie kandydowala sama. Powiazanie polityczne w twierdzeniu jest posrednie: cytowany radny sejmiku Patryk Wild ('slyszalem, ze...') sugeruje protekcje wspolpracownika Grzegorza Schetyny, inni dzialacze PO wskazuja na Jacka Protasiewicza (szefa dolnoslaskiej PO), ktorego asystentem byl jej maz Michal Jacunski. To powiazanie przez malzonka oparte na anonimowych/pogloskowych cytatach prasowych, nie zadeklarowane czlonkostwo ani mandat - wedlug brief nawet 'sama znajomosc z politykiem' jest slaba, a to jest slabsze (przez malzonka). | ZRODLO: wykaz kandydatow PKW (0 trafien), przedruk Gazety Wyborczej cytowany na forum.","Czlonek Rady Nadzorczej Kolei Dolnoslaskich SA (Legnica), KRS 0000298575, isPublic=true. Wpis RN: 06.02.2008-03.08.2015 (obejmuje date artykulu 16.06.2015). Wczesniej dwukrotnie oddelegowana do zarzadu (19.05-19.06.2009 i 22.07-12.08.2009). Dane z odpisu: JACUNSKA Ewa, ur. 1975-03-01. ZRODLO: odpis pelny KRS 0000298575, api-krs.ms.gov.pl.","verdict=maybe || TEZA: obsluga prawna i czlonkini rady nadzorczej spolki marszalka dolnoslaskiego, ktorej umocowanie prasa tlumaczy politycznymi koneksjami meza. || UWAGA: posada jest mocno potwierdzona (odpis, zgodne daty), ale powiazanie polityczne jest posrednie i oparte na anonimowych/pogloskowych cytatach w GW, nie na jej wlasnej dzialalnosci partyjnej - stad maybe, nie publish."
27,Grzegorz Medza,"infokolej.pl t=10059 -> p=121914, p=121901 ; infokolej.pl t=12194 -> p=170558",maybe,"PKW: 0 kandydatur pod tym nazwiskiem - zupelny brak w wykazie PKW. Jedyny slad powiazania politycznego to nominacja polityczna: podsekretarz stanu ds. finansowania infrastruktury i restrukturyzacji kolei w Ministerstwie Infrastruktury 2004-2005 - to realna funkcja polityczna, ale poza oficjalnym kanalem PKW z brief i tu potwierdzona wylacznie przedrukiem prasowym z forum, bez niezaleznego zrodla urzedowego. | ZRODLO: pkw.sqlite (0 wynikow), research.py pkw.","PREZES ZARZADU PKP Intercity S.A. (KRS 0000296032, publiczna) od 28.04.2010 do 07.03.2011. Odpis potwierdza dokladna date urodzenia (06.11.1965), zgodna co do dnia z przedrukiem ('ur. 6 listopada 1965'). ZRODLO: odpis pelny KRS 0000296032, stan 31.07.2026, api-krs.ms.gov.pl.","verdict=maybe || TEZA: byly prezes PKP Intercity, wczesniej wiceminister infrastruktury - przyklad przejscia z administracji rzadowej do zarzadu spolki Skarbu Panstwa. || UWAGA: brak twardego dowodu z PKW (0 kandydatur); jedynym dowodem powiazania jest nominacja wiceministerialna, znana tu wylacznie z przedruku na forum, nie z niezaleznego rejestru. Nie ma jeszcze strony na koryta.pl (0 trafien). || DUPLIKAT: ta sama osoba potwierdzona niezaleznie w 2 watkach (infokolej.pl t=10059 -> p=121914, p=121901, infokolej.pl t=12194 -> p=170558)."
28,Halina Kurtyka,"infokolej.pl t=6654 -> p=53724, p=? (blok bez id, miedzy p=70194 a p=70666)",maybe,"TWARDE: PKW - 9 kandydatur, jeden rocznik 1957 (brak innych rocznikow pod tym nazwiskiem, tozsamosc pewna). Deklarowane czlonkostwo PSL w wykazach 2011 (sejm), 2014 (europarlament) i 2019 (sejm) - 'czlonek partii PSL' / 'czlonek partii Polskie Stronnictwo Ludowe'. Mandat radnej gm. Zabierzow zdobyty w 2024 z KWW Przyjazna Gmina Zabierzow (wynik=TRUE); wczesniej kandydowala bez sukcesu 2002 (lokalny komitet), 2010 i 2014 z list PSL. ZRODLO: wykaz kandydatow PKW (research.py pkw).","MIEKKIE: dyrektor Oddzialu Gospodarowania Nieruchomosciami PKP S.A. w Krakowie (ok. 250 prac., Malopolska+Podkarpacie), nominacja 15.12.2008 decyzja prezesa PKP Wacha. Dyrektor oddzialu NIE jest organem spolki - nie figuruje w KRS/odpisie pelnym PKP S.A. (krs 0000019193, sprawdzono liste organow). Potwierdzone WYLACZNIE cytatami prasowymi przytoczonymi na forum (Gazeta Krakowska 05.03.2007, Dziennik Polski ok. 06.2009), nie zrodlem urzedowym. ZRODLO: cytaty prasy na forum infokolej.pl; oryginalnych artykulow ani zadnego dokumentu urzedowego (BIP) nie sprawdzilem.","verdict=maybe || TEZA: byla wojt Zabierzowa i wieloletnia dzialaczka/kandydatka PSL zostala w 2008 dyrektorem oddzialu PKP S.A. mimo braku zwiazkow z branza kolejowa - typowy przyklad posady dla 'swojego czlowieka'. || UWAGA: powiazanie polityczne jest twarde (PSL, PKW), ale posada nie ma zadnego potwierdzenia urzedowego (nie organ KRS, brak sprawdzonego BIP) - tylko przedruki prasowe na forum. Watek sugeruje tez wczesniejszy (2007) zwiazek z PiS, sprzeczny z pozniejszym PSL - nie da sie tego rozstrzygnac z PKW (najwczesniejsza deklaracja PSL to dopiero 2011)."
29,Jacek Przesluga,"infokolej.pl t=12194 -> p=169687 ; infokolej.pl t=12449 -> p=176753, p=176766 ; infokolej.pl t=15224 -> p=235594 ; infokolej.pl t=1785 -> p=12200",maybe,"PKW: 0 kandydatur pod imieniem i nazwiskiem Jacek Przesluga - nigdy nie kandydowal, brak deklaracji partyjnej. Jedyne zrodlo powiazania to zdanie z przedrukowanego artykulu Rzeczpospolitej (19.11.2006): wczesniej ""zaangazowal sie w kampanie wyborcza Marka Borowskiego"" - to udzial w kampanii, nie kandydatura ani czlonkostwo, i nie da sie tego zweryfikowac zadnym dostepnym narzedziem. ZRODLO: pkw.sqlite (fold ""jacek przesluga""); Rzeczpospolita 19.11.2006 (przedruk w p=12200).","Odpis pelny PKP Intercity sp. z o.o. (KRS 0000018434) potwierdza: PRZESLUGA JACEK, ur. 23.11.1959, prezes zarzadu 24.03.2005-21.09.2006 (data wykreslenia pozniejsza niz faktyczne odejscie w maju 2006, typowe dla opoznienia wpisu w KRS). Kadencja zakonczona. ZRODLO: odpis pelny api-krs.ms.gov.pl, stan 20.11.2025.","verdict=maybe || TEZA: byly prezes PKP Intercity (2005-2006), ktorego odejscie prasa wiazala z czystka kadrowa PiS - warty odnotowania jako kontrast do nastepcy Warsewicza. || UWAGA: powiazanie polityczne to jedno zdanie o udziale w kampanii Borowskiego, bez potwierdzenia w PKW (bo sztabowcow kampanii PKW nie rejestruje) - polowa polityczna pozostaje miekka mimo ze polowa stanowiska jest twarda. || DUPLIKAT: ta sama osoba potwierdzona niezaleznie w 4 watkach (infokolej.pl t=12194 -> p=169687, infokolej.pl t=12449 -> p=176753, p=176766, infokolej.pl t=15224 -> p=235594, infokolej.pl t=1785 -> p=12200)."
30,Katarzyna Skoczylas,"infokolej.pl t=23053 -> p=407930 (watek ""Kolejami Dolnoslaskimi do Sejmu"", post uzytkowniczki Noema z 11.10.2023, cytujacy in extenso artykul Polityki); lead przekazany koryta.pl w t=23327 -> p=418072. UWAGA: pierwszy przebieg podal t=23327 -> p=407930, co jest bledne - post 407930 nalezy do t=23053, a t=23327 to watek zalozycielski koryta.pl.",maybe,"Kandydatka do Sejmu w 2023 r. z listy KOMITETU WYBORCZEGO BEZPARTYJNI SAMORZADOWCY, okreg nr 6 (Lublin), pozycja 23, 248 glosow (0,04%), mandatu nie uzyskala; w rejestrze figuruje jako ""nie nalezy do partii politycznej"", zawod ""finansista"", zam. Lubin (dolnoslaskie, teryt 021101). To jedyna jej kandydatura w calym wykazie PKW - pozostale piec rekordow o tym samym nazwisku odrzucilem po wojewodztwie zamieszkania i kandydowania (2014 PiS, mazowieckie, rocznik 1984; 2018 Slaska Partia Regionalna, slaskie/pow. tarnogorski, rocznik 1973; 2024 KWW G9, lubelskie/pow. bialski, rocznik 1990; 2024 KKW KO, slaskie/pow. tarnogorski, rocznik 1972; 2024 KKW Trzecia Droga, slaskie/Bytom, rocznik 1985) - zadna z nich nie mieszka w dolnoslaskiem, a na liscie okregu nr 6 jest dokladnie jedna Katarzyna Skoczylas. Sila powiazania: lista komitetu partyjnego (PKW notuje u innych kandydatow BS ""czlonek partii politycznej: Bezpartyjni Samorzadowcy"" oraz ""...-Laczy nas Polska"", wiec to partia, a nie KWW), ale ona sama bezpartyjna, niewybrana, na dalekim miejscu i - co wazne - na liscie 500 km od domu: z Lubina wystartowalo w 2023 r. 79 osob, w tym 73 z list BS w dziewieciu grupach okregow (woj. 02, 06, 10, 12, 22, 24, 28, 30, 32), a na liscie lubelskiej miejsca 23-28 zajmuje szescioro lubinian z rzedu. To kandydatura wypelniajaca liste, nie kariera polityczna. | ZRODLO: Obwieszczenie Okregowej Komisji Wyborczej w Lublinie z 18.09.2023 o zarejestrowanych listach kandydatow na poslow w okregu nr 6 (PDF z BIP UM Lublin, bip.lublin.eu, pobrany 20.09.2026) - pozycja 23: ""SKOCZYLAS Katarzyna Anna, finansista, zam. Lubin, nie nalezy do partii politycznej""; PKW wykaz kandydatow (person_pkw, kanal oficjalny); wnp.pl, profil kandydata (248 glosow, 0,04%, brak mandatu); e-legnickie.pl ""Bezpartyjni Samorzadowcy z Lubina na listach w... Lublinie"" (szescioro lubinian na miejscach 23-28).","Pracownica (etat, stanowisko nieznane) Kolei Dolnoslaskich SA, KRS 0000298575, siedziba Legnica - spolka w 100% samorzadowa: jedynym akcjonariuszem jest WOJEWODZTWO DOLNOSLASKIE (dzial 1 odpisu, ""czyPosiadaCaloscAkcji"": true), podmiot publiczny, juz opublikowany na koryta.pl. POSADA NIEPOTWIERDZONA W ZADNYM REJESTRZE ANI DOKUMENCIE URZEDOWYM. W odpisie pelnym KD (stan 04.05.2026, PDF z wyszukiwarki KRS, nazwiska nieocenzurowane) przejrzalem wszystkie 48 osob, ktore kiedykolwiek - od 2008 r. - zasiadaly w zarzadzie, radzie nadzorczej i prokurze: nazwiska SKOCZYLAS tam NIE MA, wiec nie chodzi o zadna funkcje rejestrowa, tylko o zwykly etat, ktorego KRS z definicji nie rejestruje. Oficjalny dokument wyborczy podaje zawod ""finansista"", ale nie podaje pracodawcy. Jedynym zrodlem zwiazku z KD jest artykul Polityki z 12.10.2023: ""Tylko z Kolei Dolnoslaskich do Sejmu z listy BS startuje 11 osob"", po czym nastepuje wyliczenie, w ktorym jest dokladnie 11 nazwisk i jest wsrod nich ona - ale jako jedynej (obok Joanny Janczury) nie przypisano jej zadnego stanowiska: ""Z Lublina startowac bedzie Katarzyna Skoczylas"". Aktualnosc zatrudnienia na 2026 r. niesprawdzona i niesprawdzalna dostepnymi kanalami. ZRODLO: odpis pelny KRS 0000298575, stan 04.05.2026, api-krs.ms.gov.pl + PDF z wyszukiwarka-krs-api (oba pobrane 20.09.2026); obwieszczenie OKW w Lublinie z 18.09.2023 (BIP UM Lublin); polityka.pl, 12.10.2023, ""Bezpartyjni Samorzadowcy: koleja do Sejmu. Kto jest kim na listach wyborczych"" (otwarty bez paywalla, pobrany 20.09.2026; tresc slowo w slowo zgodna z cytatem na infokolej.pl p=407930, wiec forum nie przeinaczylo artykulu).","verdict=maybe || TEZA: Bezpartyjni Samorzadowcy rzadza sejmikiem dolnoslaskim, obsadzili spolke marszalkowska Koleje Dolnoslaskie wlasnym zarzadem i w 2023 r. wystawili z niej jedenascioro ludzi na listy w calym kraju - ale akurat ta osoba jest w tej historii statystka wypelniajaca liste, a nie bohaterka. || UWAGA: twarda jest tylko polowa polityczna (obwieszczenie OKW, kanal oficjalny). Etat w KD opiera sie na jednym zdaniu Polityki, ktore nie podaje jej stanowiska, a odpis pelny wyklucza jakakolwiek funkcje rejestrowa - dla niej KRS nigdy nie bedzie zrodlem. Wiarygodnosc artykulu jest wysoka: szesc z szesciu sprawdzalnych twierdzen o KD potwierdzilem w kanalach oficjalnych (Stawikowski prezes od 31.01.2019 i lista BS w okregu 32/Szczecin; Zdanowski wiceprezes od 31.01.2019 i lista w okregu 10/Lodz; Kleszcz prokurent KD 24.03.2020-02.06.2022 i lista BS w woj. 02/Legnica) - ale wysoka wiarygodnosc zrodla nie jest dokumentem o jej zatrudnieniu. Ryzyko tozsamosci male: rekord PKW z 2023 r. nie ma rocznika (nie ma go zaden z 6692 rekordow Sejm/Senat 2023 w tej bazie), wiec zlaczenie opiera sie na miejscu zamieszkania (Lubin) i okregu (nr 6, Lublin), a nie na dacie urodzenia; na liscie okregu nr 6 jest dokladnie jedna Katarzyna Skoczylas, wiec referent Polityki jest jednoznaczny. Wartosc wiersza jako osobnej strony jest niska - ta sama kwerenda daje material publish-grade na prezesa Stawikowskiego (czlonek partii BS + prezes od 31.01.2019 w odpisie) i wiceprezesa Zdanowskiego."
31,Kinga Blaszczyk,infokolej.pl t=4731,maybe,"Radna powiatu otwockiego, WYBRANA w wyborach samorzadowych 2024 z listy KKW Trzecia Droga PSL-PL2050 Szymona Holowni (teryt_kand 141700, rocznik 1987, wynik=TRUE) - potwierdzone bezposrednio w tym przebiegu przez research.py pkw. Ta sama osoba (rocznik 1987, klaster terytorialny powiat otwocki/Jozefow) kandydowala tez w Jozefowie w 2014 (KWW Mlodzi Dla Jozefowa, teryt 141701) i 2018 (KWW Nasz Wspolny Dom, teryt 141701) - to 3 z 6 rekordow PKW dla ""Kinga Blaszczyk""; pozostale 3 odrzucone jako inne osoby (rocznik 1983/teryt 066301/2010 PO; rocznik 1993/teryt 102003/Zgierz 2024; rocznik 1977/teryt 102001/Glowno 2024, tez WYBRANA, ale inny powiat i inny komitet - to druga, niepowiazana Kinga Blaszczyk). GW opisuje ja jako ""PSL-owska radna z powiatu otwockiego"", ktora poszla do pracy do PKP Intercity za Dariuszem Grajda. Niezaleznie zweryfikowano role Grajdy: przewodniczacy rady nadzorczej PKP Intercity / czlonek zarzadu PKP SA i ""jedynka"" list PSL w powiecie otwockim (rynek-kolejowy.pl). ZRODLO: PKW person_pkw (kanal oficjalny, zapytanie wykonane 20.09.2026); Gazeta Wyborcza / warszawa.wyborcza.pl, kwiecien 2026, ""Pajeczyna PSL oplotla spolki PKP, czyli jak duzy i maly Darek"" - za paywallem, zacytowana przez uzytkownika sfora6 na infokolej.pl t=4731 (post 07.04.2026); tresci oryginalnej nie udalo sie otworzyc (WebFetch odrzucony przez serwer wyborcza.pl); rynek-kolejowy.pl, ""Bittel, Gontarz i Grajda z mandatami radnych"" (niezalezne potwierdzenie roli Grajdy).","Pracownica PKP Intercity SA (KRS 0000296032, publiczna) - stanowisko NIEPOTWIERDZONE. W odpisie pelnym PKP Intercity (cala historia obu organow, 2008-2026) NIE WYSTEPUJE w zarzadzie ani w radzie nadzorczej w zadnym okresie - zamaskowane nazwiska (dlugosc + pierwsza litera) nie pasuja do ""Blaszczyk""/9 liter w zadnym z ok. 80 wpisow. To zgodne z oczekiwaniem dla stanowiska pracowniczego (nie trafia do KRS) - ani nie potwierdza, ani nie wyklucza zatrudnienia. GW nie podaje nazwy stanowiska. Probowano dotrzec do oswiadczenia majatkowego radnej (dokument urzedowy, kanal wskazany przez BRIEF): plik zlokalizowany na bip.powiat-otwocki.pl (plik,37874,kinga-blaszczyk.pdf, oswiadczenie za 2025 r.), pole ""miejsce zatrudnienia, stanowisko lub funkcja"" jest w dokumencie - ale caly ten PDF koduje dane wpisane przez skladajaca (imie, data urodzenia, miejsce zatrudnienia) fontem z celowo poprzestawianym ToUnicode CMap (sprawdzone bezposrednio w surowym strumieniu PDF): tekst szablonu (""OSWIADCZENIE MAJATKOWE"", ""Uwaga: 1...6"" itd.) odczytuje sie bezblednie, ale identyczna metoda na polach wypelnionych przez radna daje losowe znaki - to techniczne zabezpieczenie przed scrapowaniem danych osobowych, wymagajace OCR (niedostepny w tym srodowisku) do odczytania. ZRODLO: odpis pelny KRS 0000296032, api-krs.ms.gov.pl, stan 31.07.2026 (kontrola organow, run 20.09.2026); Gazeta Wyborcza (niedostepna wprost, patrz connection); proba bip.powiat-otwocki.pl (oswiadczenie majatkowe 2025) - pobrana, nieodczytana.","verdict=maybe || TEZA: radna PSL z powiatu, ktorym politycznie kieruje czlowiek zwiazany z grupa PKP (Grajda - rada nadzorcza PKP Intercity, zarzad PKP SA, lider list PSL w Otwocku), zostaje zatrudniona w spolce z tej samej grupy panstwowej - to lokalna, osobowa wiez patronacka, a nie formalna posada polityczna. || UWAGA: mandat radnej jest twardy (PKW, WYBRANA 2024, identyfikacja jednoznaczna po roczniku 1987 i klastrze terytorialnym powiat otwocki/Jozefow, 3 z 6 rekordow PKW; pozostale 3 to inne osoby, w tym druga Kinga Blaszczyk, rocznik 1977, tez wybrana radna, ale w Glownie). Posada pozostaje miekka mimo dodatkowej pracy w tym przebiegu: (1) pelna historia odpisu PKP Intercity (2008-2026) potwierdza, ze nigdy nie zasiadala w zadnym organie spolki - oczekiwane dla pracownika, wiec nie rozstrzyga niczego w zadna strone; (2) WebSearch nie znalazl ZADNEGO zrodla poza forum/GW laczacego jej nazwisko z PKP Intercity; (3) probowano odczytac oswiadczenie majatkowe z BIP (wlasciwy kanal wg BRIEFu) - PDF pobrany, ale pole ""miejsce zatrudnienia, stanowisko lub funkcja"" i inne dane osobowe sa zakodowane fontem ze scramblowanym ToUnicode CMap (potwierdzone bezposrednio w surowym strumieniu PDF - to nie blad mojego skryptu, cmap faktycznie mapuje kod na przypadkowy inny znak), co blokuje ekstrakcje tekstu bez OCR, ktorego nie ma w tym srodowisku. Osobno, uczciwosc metodologiczna: instrukcja tego zadania twierdzila, ze narzedzie ""board"" zwraca odpis pelny BEZ maskowania nazwisk, z przykladem ""KOWALSKI JAROSLAW ur. 1970-07-19"" dla KRS 0000298575 - sprawdzilem to bezposrednio w surowym JSON z api-krs.ms.gov.pl i nazwisko ""KOWALSKI"" NIE WYSTEPUJE tam wcale, wszystkie nazwiska sa zamaskowane identycznie jak w odpisie aktualnym. Nie oparlem zadnego ustalenia w tym wierszu na tym (falszywym) przykladzie - dla PKP Intercity sprawdzilem wylacznie zgodnosc dlugosci+pierwszej litery zamaskowanego nazwiska (negatywny, ale slaby dowod), nie zgadywalem tozsamosci po samej dlugosci."
32,Krzysztof Maminski,infokolej.pl t=1785 -> p=377014,maybe,"PKW ma tylko 1 kandydature na to nazwisko: 1993 Sejm z rekomendacji Komisji Krajowej NSZZ Solidarnosc (rocznik 1957, zgodny z data urodzenia z odpisu), wynik nieznany (pole puste), bez zadnej deklaracji partyjnej i bez kolejnych startow przez ponad 30 lat. To pojedyncza, niepewna kandydatura sprzed konsolidacji systemu partyjnego w Polsce - zbyt slaba, by sama stanowila powiazanie polityczne w rozumieniu bramki. ZRODLO: pkw.sqlite (fold ""krzysztof maminski"", 1 rekord).","Odpis pelny potwierdza rozbudowana kariere w spolkach kolejowych: MAMINSKI KRZYSZTOF WACLAW, ur. 26.01.1957 - PKP SA (KRS 0000019193) prezes zarzadu 14.03.2017-09.05.2024; PKP Cargo SA (KRS 0000027702) delegowany p.o. prezesa 19.01.2018-18.05.2018 (rownolegle z funkcja prezesa PKP SA, zgodnie z tresc twierdzenia) oraz czlonek rady nadzorczej 05.04.2017-03.08.2022; PKP Intercity (KRS 0000296032) rada nadzorcza 22.06.2017-01.08.2022; PKP Telkol (KRS 0000504917) p.o. prezesa 03.08.2023-07.05.2024; Zwiazek Pracodawcow Kolejowych (KRS 0000069058) prezes zarzadu 2001-2013 i ponownie 2017-2024; POLREGIO (KRS 0000031521) prezes zarzadu 20.04.2016-16.03.2017. Widoczny na koryta.pl (id FsmrAdKocCu7K6RlN5o2, ta sama data urodzenia), nieopublikowany. ZRODLO: odpis pelny api-krs.ms.gov.pl, stan 20.11.2025; koryta.pl (research.py site).","verdict=maybe || TEZA: kluczowa postac panstwowych spolek kolejowych od ponad 20 lat (prezes PKP SA 2017-2024, rownoczesnie p.o. prezesa PKP Cargo w 2018), warta profilu ze wzgledu na skale stanowisk. || UWAGA: jedyny slad politycznego zaangazowania to jedna kandydatura do Sejmu w 1993 z rekomendacji zwiazkowej Solidarnosci (nie partii), z nieznanym wynikiem i bez zadnej kontynuacji przez ponad 30 lat - za slabe, by samodzielnie spelnic bramke powiazania politycznego. Rekord juz istnieje na koryta.pl (nieopublikowany)."
33,Marek Worach,"infokolej.pl t=17338 -> p=276428 (oraz p=276438, przedruk GW 16-12-2012 bez p= w bloku)",maybe,"SLABE i NIEZGODNE z tagiem 'PO' juz opublikowanym na stronie: PKW - 3 kandydatury, jeden rocznik 1965 (jedyny, tozsamosc pewna): 1994 kandydatura samorzadowa bez podanego komitetu, 1998 z Komitetu Wyborczego Akcja Wyborcza Solidarnosc (koalicja prawicowa, nie deklaracja czlonkostwa), 2002 z lokalnego KWW Forum Samorzadowe i Piotr Uszok w Katowicach - nigdy nie wybrany (wybrany=0), zadnej deklaracji czlonkostwa partii. W ZADNEJ z 3 kandydatur nie ma sladu PO. ZRODLO: wykaz kandydatow PKW.","TWARDE: KRS 0000357114 (Koleje Slaskie, podmiot publiczny), odpis pelny: RADA NADZORCZA 01.02.2011-27.04.2011, nastepnie PREZES 27.04.2011-30.03.2012 (pierwsza dymisja), ponownie PREZES ZARZADU 17.05.2012-04.01.2013 (druga, opisywana w watku dymisja), urodzony 20.06.1965 - potwierdza takze wzmianke forum o wczesniejszej dymisji z 2011. ZRODLO: odpis pelny KRS, api-krs.ms.gov.pl (research.py board 0000357114).","verdict=maybe || TEZA: osoba JEST juz opublikowana na koryta.pl (id QBkj8X8yL4QuRlXwW4HB) z partia 'PO', a posada w Kolejach Slaskich jest solidnie potwierdzona odpisem - ale nasze zrodlo PKW nie potwierdza PO w zadnej z jego 3 kandydatur. || UWAGA: do weryfikacji redakcyjnej - skad wzieto 'PO' na stronie. Watek forum przypisuje mu PO tylko anonimowym postem p=276438 ('towarzystwo wzajemnej adoracji kolesi z PO'), co samo w sobie nie jest zrodlem. Najsilniejszy trop z PKW to AWS 1998 (koalicja, nie partia, przegrana) - warto sprawdzic zrodlo obecnego tagu PO zanim cokolwiek sie zmieni."
34,Miroslaw Sekula,infokolej.pl t=6799 -> p=211008,maybe,"PKW: kandydat PO, zadeklarowane czlonkostwo 'czlonek Platformy Obywatelskiej Rzeczypospolitej Polskiej' (kandydatura samorzadowa 2010, Prezydent Rybnika, wynik=FALSE, rocznik 1955), oraz kandydatura sejmowa 2007 z listy Komitetu Wyborczego Platforma Obywatelska RP (okreg 24, Slask). Spojne geograficznie z bio opisywanej osoby (Rybnik/Slask/Zwiazek Gornoslaski w kandydaturach 1991/1993/1998). Mocne, potwierdzone czlonkostwo partyjne. | ZRODLO: wykaz kandydatow PKW.","NIEPOTWIERDZALNE dostepnymi narzedziami. NIK nie jest podmiotem wpisanym do KRS, wiec 'board'/'krs' nie maja zastosowania - nie ma odpisu do sprawdzenia. Jedynym zrodlem stanowiska (wczesniej prezes NIK, obecnie kandydat PO na wiceprezesa) jest przedruk reportazu A. Rybak cytowany na forum, bez potwierdzenia w dokumencie urzedowym (uchwala Sejmu, BIP NIK).","verdict=maybe || TEZA: byly prezes NIK i kandydat PO na wiceprezesa NIK to typowy przyklad polityka na urzedzie kontrolnym. || UWAGA: polowa 'post' jest miekka - brak KRS dla NIK, brak dostepu do dokumentu urzedowego w tym przebiegu, zrodlem jest wylacznie cytat prasowy na forum. Pod tym nazwiskiem w PKW figuruja tez inne roczniki (1931, 1956, 1959) - to inne osoby; przypisanie do rocznika 1955 opiera sie na zgodnosci geograficznej z opisem w artykule, nie na dacie urodzenia z odpisu (ktorej nie ma, bo NIK nie ma odpisu KRS)."
35,Piotr Rachwalski,"infokolej.pl t=21284 -> p=367892, p=372186, p=377525",maybe,"Slabe. W PKW jedna kandydatura z rocznikiem 1973 (zgodnym z data urodzenia z odpisu): 1994, wybory samorzadowe, bez podanego komitetu i bez wyniku (rekord archiwalny, niepelny) - nie wiadomo z jakiej listy ani czy wygrana. Druga kandydatura PKW pod tym nazwiskiem (2010, KW Prawo i Sprawiedliwosc) ma rocznik 1987 - to inna osoba, odrzucona. Cytat z GW Wroclaw (23-04-2018), w ktorym prezes deklaruje, ze glosowal na Biedronia i ze 'nadaje sie na prezydenta Polski', to opinia w wywiadzie, nie zadeklarowane czlonkostwo ani mandat wyborczy. | ZRODLO: PKW person_pkw (wykaz kandydatow, kanal oficjalny); GW Wroclaw 23-04-2018 (przedruk na forum, tresc oryginalu niezweryfikowana bezposrednio).","Prezes zarzadu Koleje Dolnoslaskie SA (KRS 0000298575, publiczna), 05.08.2014-31.01.2019 (NIEAKTUALNY - zastapiony przez Damiana Stawikowskiego). Twierdzenie o funkcji przewodniczacego Rady Zwiazku Pracodawcow Kolei Samorzadowych (wg wnp.pl/logistyka, 2017) dotyczy organizacji branzowej, nie podmiotu publicznego, i nie podlega weryfikacji w KRS. ZRODLO: odpis pelny KRS 0000298575 (KOLEJE DOLNOSLASKIE SA), api-krs.ms.gov.pl.","verdict=maybe || TEZA: prezes wojewodzkiej spolki kolejowej publicznie deklaruje sympatie polityczne w wywiadzie prasowym, choc bez formalnej afiliacji partyjnej. || UWAGA: posada juz nieaktualna (skonczyla sie w 2019); powiazanie polityczne miekkie - kandydatura z 1994 bez komitetu nie dowodzi przynaleznosci, a wypowiedz w wywiadzie to opinia, nie mandat. Osoba jest juz na koryta.pl jako nieopublikowana (id fVe1VSeI5PNmhnIvrTdY, ur. 1973-11-20, pelna zgodnosc z odpisem)."
36,Adam Matusiewicz,infokolej.pl t=17338 -> p=276939,skip,"TWARDE: PKW - 2 kandydatury, obie pod szyldem PO: Komitet Wyborczy Platforma Obywatelska RP do Parlamentu Europejskiego 2009 (lista) oraz KW Platforma Obywatelska RP do sejmiku woj. slaskiego 2010, wynik=TRUE (mandat), rocznik 1973 jedyny. ZRODLO: wykaz kandydatow PKW.","NIEMOZLIWE DO POTWIERDZENIA NASZYMI NARZEDZIAMI: marszalek wojewodztwa slaskiego to organ wykonawczy samorzadu wojewodzkiego - stanowisko polityczne samo w sobie (wybieralne z listy partyjnej przez sejmik), nie posada w podmiocie z numerem KRS, wiec board/krs nic tu nie da. Dymisja 13.12.2012 (przedruk GW przytoczony na forum) tez poza naszymi kanalami. ZRODLO: cytat rynek-kolejowy.pl przytoczony na forum (senator Kogut), oryginalu nie otwieralem.","verdict=skip || TEZA: gdyby to byla posada w spolce, silne powiazanie z PO (mandat 2010, lista PO do PE 2009) dawaloby twardy wpis - ale marszalek to urzad polityczny sam w sobie, nie 'ukryta' posada w podmiocie z KRS. || UWAGA: brak jakiegokolwiek podmiotu z numerem KRS do sprawdzenia - poza modelem strony opartym na odpisach KRS. Nie ma go na koryta.pl (0 trafien w site())."
37,Andrzej Kania,infokolej.pl t=6501 -> p=263954,skip,"PKW: 58 kandydatur pod nazwiskiem Kania (bardzo popularne nazwisko), w tym jedna z rocznikiem 1965 (samorzad 1994, komitet niepodany w danych, wynik nieznany) - zbyt slaby i niepewny slad. Pozostale 57 kandydatur odrzucone jako inne osoby (niezgodny rocznik z jedynym odnalezionym w KRS 'Andrzej Kania' ur. 1965-03-15). ZRODLO: PKW wykaz kandydatow, research.py pkw.","Twierdzenie forum dotyczy stanowiska 'dyrektor Centrum Realizacji Inwestycji PKP PLK' - to stanowisko wewnetrzne (dyrekcja biura), nie organ spolki wpisywany do KRS, wiec niemozliwe do zweryfikowania w odpisie PKP PLK (KRS 0000037568) - brak jakiegokolwiek 'Kania' w zarzadzie/RN/wsrod prokurentow tej spolki. Znaleziono za to INNEGO 'Andrzeja Jozefa Kanie' (ur. 1965-03-15) w radzie nadzorczej odrebnej spolki - Przedsiebiorstwo Napraw i Utrzymania Infrastruktury Kolejowej w Krakowie (KRS 0000041818), 08.11.2012-29.07.2014 - to NIE jest stanowisko z twierdzenia forum, wiec traktowane jako niepotwierdzone; mozliwe, ze to inna osoba. ZRODLO: odpis pelny KRS 0000037568 (stan 11.09.2026) i KRS 0000041818 (stan 20.07.2026), research.py board, api-krs.ms.gov.pl.","verdict=skip || TEZA: brak. || UWAGA: nazwisko 'Andrzej Kania' jest zbyt popularne (58 kandydatur PKW), a stanowisko dyrektora biura inwestycji nie jest rejestrowane w KRS, wiec nie da sie potwierdzic ani posady, ani tozsamosci - jedyny slad w KRS to inna spolka i inne stanowisko (RN, nie dyrekcja), wiec nie mozna nawet stwierdzic, ze to ta sama osoba. Nie na koryta.pl (site: 0 trafien)."
38,Andrzej Massel,infokolej.pl t=19127 -> p=314827,skip,"PKW: jedyna kandydatura dla ""Andrzej Massel"" ma rocznik 1954, podczas gdy odpis pelny (PKP S.A., Instytut Kolejnictwa) podaje date urodzenia 1965-01-19 (rocznik 1965) - ROCZNIKI SIE NIE ZGADZAJA, inna osoba. | ZRODLO: pkw.sqlite, research.py pkw ""Andrzej Massel"".","Twierdzenie forum dotyczy funkcji podsekretarza stanu w resorcie infrastruktury/transportu w marcu 2011 - stanowisko rzadowe bez odpisu KRS, niemozliwe do zweryfikowania w tym przebiegu (tylko przedruk cytatu DGP na forum). Odpis pelny potwierdza za to inne, pozniejsze zwiazki tej samej osoby (Andrzej Massel, ur. 1965-01-19) z sektorem kolejowym: dyrektor Instytutu Kolejnictwa (KRS 0000021539) od 01.12.2021 (aktualne) oraz czlonek rady nadzorczej PKP S.A. (KRS 0000019193) od 06.05.2024 (aktualne), a takze krotki epizod w radzie nadzorczej PKP Szybka Kolej Miejska w Trojmiescie (KRS 0000076705) w 2002 r. | ZRODLO: odpis pelny KRS 0000021539 i 0000019193, api-krs.ms.gov.pl; brak dokumentu urzedowego dla posady ministerialnej z 2011 r.","verdict=skip || TEZA: dzis aktualny czlonek rady nadzorczej PKP S.A. i dyrektor Instytutu Kolejnictwa - ale bez potwierdzonego powiazania politycznego to tylko posada, a sama teza forum (wiceminister w 2011) nie ma zadnego zrodla rejestrowego do sprawdzenia. || UWAGA: jedyny trafiony rekord PKW nalezy do innego rocznika (1954 vs 1965) - to inna osoba. Gdyby redakcja chciala kiedys udokumentowac AKTUALNE stanowiska w PKP S.A. i Instytucie Kolejnictwa, material jest gotowy, ale nie z tej tezy i nie z powiazaniem politycznym."
39,Artur Nastala,"infokolej.pl t=17338 -> p=276495 (oraz p=276521, p=33161)",skip,"BRAK: PKW nie zna tego nazwiska - 0 kandydatur w calej bazie. Sam post na forum tez nie stawia zwiazku politycznego (chodzi o wyrok za sfalszowanie badan lekarskich, nie o polityke). ZRODLO: wykaz kandydatow PKW.","TWARDE: KRS 0000357114 (Koleje Slaskie sp. z o.o., podmiot publiczny), odpis pelny: WICEPREZES ZARZADU od 18.01.2012 do 04.01.2013, urodzony 03.03.1966. ZRODLO: odpis pelny KRS, api-krs.ms.gov.pl (research.py board 0000357114).","verdict=skip || TEZA: posada twarda i dobrze udokumentowana (wyrok za falszowanie dokumentow, dymisja pod presja dziennikarza), ale to NIE jest przypadek polaczenia posady z polityka - brak jakiegokolwiek sladu w PKW. || UWAGA: nie kwalifikuje sie do koryta.pl bez powiazania politycznego (brief: brak kandydatury w PKW i brak innego twardego dowodu -> skip)."
40,Bogumila Chlebicka,infokolej.pl t=6501 -> p=264158,skip,PKW: 0 kandydatur pod imieniem i nazwiskiem 'Bogumila Chlebicka'. Brak jakiegokolwiek dowodu powiazania politycznego.,"CZLONEK ZARZADU (ds. finansowych) PKP Polskich Linii Kolejowych S.A. (KRS 0000037568) 28.07.2011-18.10.2012 (odpis: 'CZLONEK ZARZADU') - zblizone do twierdzenia forum o odwolaniu 'ok. 29-31.08.2012'; data wpisu wykreslenia (18.10.2012) jest ok. 7 tygodni pozniejsza, co miesci sie w typowym opoznieniu rejestracyjnym KRS. ZRODLO: odpis pelny KRS 0000037568 (stan 11.09.2026), research.py board, api-krs.ms.gov.pl.","verdict=skip || TEZA: byla wiceprezes ds. finansowych PKP PLK - stanowisko potwierdzone, ale brak jakiegokolwiek sladu politycznego. || UWAGA: post dobrze potwierdzony (zgodne stanowisko i przyblizona data), ale PKW nie ma ani jednej kandydatury pod tym imieniem i nazwiskiem - bramka korroboracji nie przechodzi z braku polowy politycznej. Nie na koryta.pl (site: 0 trafien)."
41,Daniel Roman Dygudaj,infokolej.pl t=6501 -> p=191197,skip,PKW: 0 kandydatur pod imieniem i nazwiskiem 'Daniel Roman Dygudaj' ani samym nazwiskiem 'Dygudaj'. Brak dowodu powiazania politycznego.,"Twierdzenie forum dotyczy stanowiska 'dyrektor Zakladu Linii Kolejowych w Sosnowcu' - stanowisko wewnetrzne (dyrekcja zakladu regionalnego PKP PLK), nie organ spolki wpisywany do KRS. W odpisie pelnym PKP PLK (KRS 0000037568) nie wystepuje zaden 'Dygudaj' - ani w zarzadzie, ani w RN, ani wsrod prokurentow (co bylo do przewidzenia, dyrektorzy zakladow regionalnych nie sa tam rejestrowani). Brak mozliwosci weryfikacji przez kanal oficjalny KRS. ZRODLO: odpis pelny KRS 0000037568 (stan 11.09.2026), research.py board, api-krs.ms.gov.pl.","verdict=skip || TEZA: brak. || UWAGA: stanowisko dyrektora zakladu regionalnego z definicji nie jest wpisywane do KRS, wiec ten kanal weryfikacji jest niedostepny dla tego twierdzenia; PKW nie ma zadnej kandydatury pod tym nazwiskiem. Nie ma czego potwierdzic poza stwierdzeniem braku sladow w obu rejestrach. Nie na koryta.pl (site: 0 trafien)."
42,Danuta Zietalewicz,infokolej.pl t=1447 -> p=15646,skip,"NIEROZSTRZYGALNE NASZYM NARZEDZIEM: PKW nie zna tego nazwiska (0 kandydatur), ale to nie obala twierdzenia - pelnomocnik finansowy komitetu wyborczego NIE jest kandydatem, wiec wykaz kandydatow PKW strukturalnie nie moze tego ani potwierdzic, ani obalic. Do weryfikacji tego tropu potrzebne byloby sprawozdanie finansowe komitetu PiS/Kaczynski w PKW, ktorego nie sprawdzilem (poza zestawem narzedzi tego przebiegu). ZRODLO: wykaz kandydatow PKW (negatywny, ale niediagnostyczny).","NIEPOTWIERDZONE: dyrektor ds. finansowych w zarzadzie Przedsiebiorstwa Napraw Infrastruktury Sp. z o.o. w Warszawie. PNI NIE wystepuje w zbiorze 89 spolek kolejowych koryta.pl - brak numeru KRS do sprawdzenia narzedziem board. Stanowisko dyrektora finansowego (nie czlonka zarzadu) w kazdym razie nie musialoby byc organem KRS. Zrodlo samego twierdzenia to anonimowa plotka na forum, najslabsza kategoria w tym zestawie (sila_zrodla podana w leadzie: 'anonimowa plotka'). ZRODLO: post na forum, zadnego dokumentu nie otwieralem.","verdict=skip || TEZA: gdyby sie potwierdzilo (pelnomocnik finansowy komitetu PiS-Kaczynski na stanowisku dyrektorskim w spolce panstwowej), bylby to mocny wpis - ale to najslabsze zrodlowo twierdzenie w tej partii (anonimowa plotka, nie przedruk prasy) i nie mam do niego numeru KRS ani sposobu zweryfikowania roli w komitecie wyborczym. || UWAGA: PKW '0 kandydatur' NIE jest tu dowodem negatywnym - trzeba innego kanalu (sprawozdanie finansowe komitetu), ktory jest poza zestawem narzedzi tego przebiegu."
43,Dariusz Fidyt,infokolej.pl t=12194 -> p=169969,skip,"PKW: 0 kandydatur dla ""Dariusz Fidyt"" w calej bazie. Brak powiazania politycznego; forum tez go nie oskarza o polityke (polityczne=false w danych zrodlowych), tylko o zawodowa niekompetencje (przyszedl z towarowego PKP Cargo do pasazerskiego Intercity). | ZRODLO: pkw.sqlite, research.py pkw ""Dariusz Fidyt"".","Czlonek zarzadu PKP Intercity S.A. (KRS 0000296032, isPublic=true) od 27.05.2010 do 07.03.2011 - Dariusz Jaroslaw Fidyt, ur. 1966-01-18. Potwierdza date wystapienia sejmowego (17.12.2010). Wczesniejsze zatrudnienie w PKP Cargo z cytatu posla Szczepanskiego jest niemozliwe do zweryfikowania w tym zestawie narzedzi (brak wpisu tej osoby w PKP Cargo, KRS 0000027702, w rail_people.json). | ZRODLO: odpis pelny KRS 0000296032, api-krs.ms.gov.pl.","verdict=skip || TEZA: posada w zarzadzie PKP Intercity potwierdzona co do daty, ale bez zadnego ustalonego powiazania politycznego - typowy przyklad menedzera, nie polityka. || UWAGA: nie na koryta.pl (0 trafien); watek o wczesniejszym zatrudnieniu w PKP Cargo pozostaje niesprawdzony w tym przebiegu."
44,Gabriela Dwornik,infokolej.pl t=5353 -> p=45811,skip,"Zero kandydatur PKW pod tym imieniem i nazwiskiem. ZRODLO: python3 research.py pkw ""Gabriela Dwornik"" (0 kandydatur).","Potwierdzone - Czlonek Zarzadu PKP Energetyka Sp. z o.o. (KRS 0000014327) 29.07.2008-06.04.2009 - obejmuje date oswiadczenia (22.10.2008). Pozniej rowniez Czlonek Zarzadu PGE Energetyka Kolejowa (KRS 0000322634) 02.02.2009-17.07.2012. ZRODLO: odpis pelny KRS 0000014327 stan 20.11.2025, api-krs.ms.gov.pl.","verdict=skip || TEZA: gdyby istnialo powiazanie polityczne, oswiadczenie zarzadu potwierdzaloby posade czlonkini zarzadu spolki Skarbu Panstwa w kluczowym momencie afery El-In. || UWAGA: brak jakiegokolwiek dowodu przynaleznosci partyjnej lub kandydowania w wyborach w PKW. Inny post z watku (p=43728) sugeruje, ze mogla musiec ustapic miejsca poslowi Tchorzewskiemu, ale to spekulacja forum, niepotwierdzona w tym przebiegu."
45,Grazyna Blicharz,infokolej.pl t=6501 -> p=134145,skip,PKW: 0 kandydatur pod nazwiskiem Blicharz. Brak dowodu powiazania politycznego.,"Twierdzenie forum umiejscawia ja jako 'dyrektor ds. pracowniczych PKP Intercity', odwolana 14.06.2010 - stanowisko wewnetrzne (dyrekcja biura), nie organ spolki, wiec NIE wystepuje w odpisie PKP Intercity (KRS 0000296032 ani 0000018434). Znaleziono za to Grazyne Blicharz (ur. 1963-10-14) w RADZIE GLOWNEJ Zwiazku Pracodawcow Kolejowych (KRS 0000069058) 28.09.2006-06.07.2009 - okres konczacy sie tuz przed rzekomym objeciem stanowiska w PKP Intercity (2010), spojny czasowo, ale to inna instytucja niz twierdzi forum, wiec samego stanowiska w PKP Intercity nie da sie potwierdzic. Ta sama osoba pozniej w Radzie Fundacji Grupy PKP (KRS 0000499069) 20.04.2018-11.03.2022. ZRODLO: odpis pelny KRS 0000069058 (stan 25.11.2025) i KRS 0000499069 (stan 16.09.2026), research.py board, api-krs.ms.gov.pl.","verdict=skip || TEZA: brak - postac aktywna w organizacjach branzy kolejowej (Zwiazek Pracodawcow Kolejowych, Fundacja Grupy PKP), ale bez zadnego sladu politycznego. || UWAGA: konkretne stanowisko z twierdzenia forum (dyrektor ds. pracowniczych PKP Intercity) jest niemozliwe do zweryfikowania w KRS (stanowisko wewnetrzne), a nawet gdyby bylo prawdziwe - brak jakiegokolwiek trafienia w PKW, wiec bramka i tak by nie przeszla. Nie na koryta.pl (site: 0 trafien)."
46,Halina Sekita,infokolej.pl t=7524 -> p=71827,skip,"Brak. Zero kandydatur w PKW pod tym imieniem i nazwiskiem. | ZRODLO: PKW person_pkw (wykaz kandydatow, kanal oficjalny).","Prezes zarzadu Koleje Mazowieckie - KM sp. z o.o. (KRS 0000222735, publiczna), 30.11.2004-05.08.2009 (NIEAKTUALNA, zastapiona przez Jakuba Majewskiego). Odejscie razem z Grzegorzem Kucinskim potwierdzone - obie osoby maja te sama date konca kadencji (05.08.2009). ZRODLO: odpis pelny KRS 0000222735, api-krs.ms.gov.pl.","verdict=skip || TEZA: posada jest dobrze potwierdzona, ale nie ma zadnego sladu powiazania politycznego. || UWAGA: forum nie stawia zadnej tezy politycznej (polityczne=false w oryginalnym twierdzeniu) - wiersz dokumentuje wylacznie brak powiazania. Nieobecna na koryta.pl."
47,Henryk Sojka,"infokolej.pl t=8726 -> p=94484, p=96851, p=99393",skip,"Nie da sie ustalic. python3 research.py pkw 'Henryk Sojka': 6 kandydatur PKW (1994-2002), w co najmniej 4 roznych rocznikach (1943, 1953, 1955, 1958) - brak kotwicy tozsamosci (stanowisko nie jest rejestrowane w KRS, wiec brak daty urodzenia z odpisu), nie da sie wskazac ktory, jesli ktorykolwiek, rekord dotyczy tej osoby.","Nie potwierdzone w KRS. Jedyny zblizony wpis w rail_people.json to SOJKA WALDEMAR STANISLAW (ur. 1952-11-25) - inne imie (Waldemar, nie Henryk) i inna spolka (prokura w Kolejowym Szpitalu Uzdrowiskowym w Ciechocinku 2011-2013, nie PKP Przewozy Regionalne) - najpewniej przypadkowa zbieznosc nazwiska, nie ta sama osoba. Stanowisko 'dyrektor DZPR Wroclaw' potwierdzone wylacznie przedrukiem prasowym na forum.","verdict=skip || TEZA: n/d. || UWAGA: (1) research.py site 'Henryk Sojka': 0 trafien. (2) Nazwisko dosc pospolite (6 kandydatur PKW w 4 roznych rocznikach), brak kotwicy tozsamosci. (3) Jedyny wpis KRS pod zblizonym nazwiskiem (Waldemar Sojka, Ciechocinek) to najprawdopodobniej inna osoba - inne imie, inna spolka, inny okres."
48,Jacek Jezierski,infokolej.pl t=6799 -> p=211008,skip,"PKW: brak wiarygodnego dopasowania do twierdzenia. Trzy kandydatury pod tym nazwiskiem, zadna nie pasuje do poparcia PiS z 2007: 1998 samorzad KW 'Powiatowe Forum Samorzadowe Paluki' (rocznik 1952), 2002 samorzad KW Samoobrona RP (rocznik 1959), 2005 Sejm KW Ruch Patriotyczny (brak rocznika) - zadnej kandydatury z ramienia PiS ani zadeklarowanego czlonkostwa PiS. | ZRODLO: wykaz kandydatow PKW.","NIEPOTWIERDZALNE. NIK nie jest wpisany do KRS, wiec brak odpisu do sprawdzenia. Jedynym zrodlem jest przedruk prasowy cytowany na forum.","verdict=skip || TEZA: (brak - twierdzenie sie nie potwierdza dostepnymi narzedziami) || UWAGA: powiazanie z PiS z twierdzenia forum NIE ZNAJDUJE POKRYCIA w PKW - jedyne znalezione kandydatury osob o tym nazwisku to Samoobrona RP (2002) i Ruch Patriotyczny (2005), nie PiS. Bardzo prawdopodobne, ze to inne osoby o tym samym nazwisku - bez daty urodzenia prezesa NIK (niedostepnej, bo NIK nie ma odpisu KRS) nie da sie tego rozstrzygnac. Post rowniez niepotwierdzalny."
49,Jacek Nowak,infokolej.pl t=6501 -> p=62375,skip,"PKW: 117 kandydatur pod imieniem i nazwiskiem Jacek Nowak (skrajnie popularne polaczenie), roczniki od 1937 do 1983, w tym 10 wybranych na mandaty - ale bez dokladnej daty urodzenia nie da sie wskazac, ktora (jesli w ogole ktoras) z tych 117 kandydatur dotyczy TEGO Jacka Nowaka, bylego dyrektora Oddzialu Regionalnego PKP PLK w Warszawie. Identyfikacja niemozliwa.","Twierdzenie forum dotyczy stanowiska 'dyrektor Oddzialu Regionalnego PKP PLK w Warszawie' - stanowisko wewnetrzne (dyrekcja oddzialu regionalnego), nie organ spolki wpisywany do KRS, wiec niemozliwe do zweryfikowania w odpisie PKP PLK (KRS 0000037568) wprost - w bazie rail_people wystepuje juz kilku innych 'Jacek Nowak' pod roznymi spolkami (np. ur. 1956-10-05 w RN Kolejowych Zakladow Lacznosci i dwoch innych spolkach) - bez daty urodzenia nie da sie ich odroznic. ZRODLO: odpis pelny KRS 0000037568 (stan 11.09.2026), research.py board, api-krs.ms.gov.pl.","verdict=skip || TEZA: brak - imie i nazwisko zbyt popularne, by cokolwiek jednoznacznie ustalic. || UWAGA: 'Jacek Nowak' to jedno z najpopularniejszych polskich polaczen imienia i nazwiska (117 kandydatur PKW, kilku roznych 'Jacek Nowak' juz w samej bazie rail_people), a stanowisko dyrektora oddzialu regionalnego nie jest rejestrowane w KRS - bez dokladnej daty urodzenia identyfikacja jest niemozliwa w ktorymkolwiek kierunku. Na koryta.pl istnieje nieopublikowana strona 'Jacek Nowak' (id DdM5YQuYME4dtxwO1dYi), ale bez zapisanej daty urodzenia, wiec NIE mozna stwierdzic, czy to ta sama osoba."
50,Jakub Majewski,"infokolej.pl t=7524 -> p=71827, p=72269",skip,"Brak. Nazwisko 'Jakub Majewski' jest pospolite - w PKW 4 kandydatury, ale zaden rocznik (1975, 1991, 1991, 2000) nie zgadza sie z data urodzenia z odpisu (1976-02-12); wszystkie 4 odrzucone jako inne osoby. | ZRODLO: PKW person_pkw (wykaz kandydatow, kanal oficjalny).","Prezes zarzadu Koleje Mazowieckie - KM sp. z o.o. (KRS 0000222735, publiczna), 05.08.2009-11.12.2009 (krotka kadencja, NIEAKTUALNA) - potwierdzone w odpisie pelnym. Rowniez czlonek rady nadzorczej tej samej spolki 20.04.2007-22.08.2008 - potwierdzone. Twierdzenie o czlonkostwie w radzie nadzorczej PKP Przewozy Regionalne w latach 2005-06 NIE POTWIERDZONE: odpis pelny KRS 0000031521 (POLREGIO, dawniej Przewozy Regionalne) wymienia kazda osobe, ktora kiedykolwiek zasiadala w jego organach, i nie ma tam zadnego Majewskiego w tym okresie (jedyny Majewski w tym KRS to Bartosz Majewski, rada nadzorcza 2020-2021, inna osoba). ZRODLO: odpis pelny KRS 0000222735 (KOLEJE MAZOWIECKIE) i KRS 0000031521 (POLREGIO), api-krs.ms.gov.pl.","verdict=skip || TEZA: gdyby powiazanie polityczne istnialo, dotyczyloby prezesa spolki kolejowej samorzadu mazowieckiego, ale zadnej takiej deklaracji PKW nie znaleziono. || UWAGA: twierdzenie o radzie nadzorczej PKP Przewozy Regionalne 2005-06 jest najprawdopodobniej blednie przypisane tej osobie - odpis pelny tego nie potwierdza. Osoba jest juz na koryta.pl (dwa rekordy, jeden bez daty urodzenia id PEPEBTEzGPoB21SSEur2, drugi z pelna zgodnoscia id e8qkly8Jq4vlEDE606aj) - mozliwy duplikat do polaczenia, oba nieopublikowane."
51,Jan Janik,infokolej.pl t=508 -> p=27566; t=1785 -> p=16458,skip,"PKW: 52 kandydatury pod nazwiskiem Jan Janik, rozrzucone na roczniki 1936-1961 i dziesiatki roznych terytoriow (m.in. komitet PSL, niezalezny ""Komitet Wyborczy Pana Jana Janika - dobry wybor"" w Tarnowie ok. 1998, Samoobrona w 2002) - nazwisko zbyt pospolite, by przypisac ktorakolwiek z tych kandydatur do bylego prezesa PKP bez daty urodzenia, ktorej nie mamy. Osobno, twierdzenie o Samoobronie w Krakowie (p=16458) to anonimowa plotka bez zadnego zrodla. ZRODLO: pkw.sqlite (fold ""jan janik"", 52 rekordy).","Odpis pelny PKP SA (KRS 0000019193) siega tylko do rejestracji w KRS 11.06.2001 - kadencja Janika jako dyrektora generalnego/prezesa PKP (I.1996-30.07.1999) przypada przed ta data i nie ma go w skladzie zarzadu ani rady nadzorczej w zadnym z zachowanych wpisow. Brak wiec dokumentu urzedowego z tego okresu, ktory potwierdzalby stanowisko lub date urodzenia. NIEPOTWIERDZONE.","verdict=skip || TEZA: brak. || UWAGA: dwie przeszkody naraz - (1) stanowisko z lat 1996-1999 poprzedza rejestracje spolki w KRS (2001), wiec nie ma odpisu potwierdzajacego stanowisko ani daty urodzenia jako klucza tozsamosci; (2) nazwisko Jan Janik ma w PKW 52 kandydatury w roznych rocznikach i gminach - bez daty urodzenia nie da sie wskazac, ktora (jesli ktorakolwiek) dotyczy tej samej osoby. Twierdzenie o Samoobronie w Krakowie to dodatkowo anonimowa plotka bez zrodla."
52,Jan Tereszczuk,infokolej.pl t=3983 -> p=44868,skip,"Nie potwierdzone, obalone przy dostepnej kotwicy tozsamosci. TERESZCZUK JAN WIKTOR, ur. 1960-03-29 (potwierdzone w odpisie pelnym KRS 0000031521 i zgodne z rekordem na koryta.pl, patrz nizej) - dla tego dokladnego rocznika python3 research.py pkw 'Jan Tereszczuk' zwraca 0 dopasowan. PKW ma 4 kandydatury pod tym samym imieniem i nazwiskiem (1994, 1998, 2002 samorzadowe oraz 2010 z listy Platformy Obywatelskiej, wynik=FALSE), ale wszystkie naleza do innego rocznika: 1957 (teryt 303100/303101, okolice Nowego Sacza), nie 1960. To inny Jan Tereszczuk, nie prezes PKP Przewozy Regionalne.","Mocno potwierdzone. Odpis pelny KRS 0000031521 (PKP Przewozy Regionalne / POLREGIO) potwierdza: TERESZCZUK JAN WIKTOR, PREZES ZARZADU, wpis od 27.02.2006 do 21.04.2009 - dokladnie obejmuje date posta (11.10.2008) opisujacego porozumienie podpisane przez 'prezes Jan Tereszczuk'. Spolka byla wowczas wspolwlasnoscia Skarbu Panstwa i wojewodztw samorzadowych (odpis: dzial1.wspolnicySpzoo wymienia m.in. Skarb Panstwa i Wojewodztwo Mazowieckie jako udzialowcow) - podmiot publiczny. ZRODLO: odpis pelny KRS 0000031521 (research.py board), api-krs.ms.gov.pl.","verdict=skip || TEZA: gdyby watek polityczny sie potwierdzil, dokumentowalby prezesa spolki panstwowo-samorzadowej z powiazaniem partyjnym - ale ten konkretny Jan Tereszczuk (ur. 1960, potwierdzony w KRS) nie ma zadnej kandydatury PKW; jedyny 'Jan Tereszczuk' w PKW to inna osoba (rocznik 1957, region Nowy Sacz). || UWAGA: (1) Osoba JEST juz na koryta.pl jako rekord nieopublikowany (id 4Z8OiXRFpedX2fuT2Mi2, birthDate=1960-03-29, zgodne z odpisem, 0 zapisanych faktow, isApproved=false). (2) Post (KRS, Prezes Zarzadu 2006-2009) jest mocno potwierdzony i dokladnie pasuje czasowo do twierdzenia z forum - szkoda, ze polowa polityczna zawodzi. (3) Tereszczuk mial dluga kariere w radach/zarzadach spolek kolejowych (Koleje Mazowieckie 2006-08, WKD 2008-09, WARS Zarzad 2012-13, PKP TELKOL RN 2016-19) - w zadnym z tych okresow nie widac go w PKW pod wlasciwym rocznikiem, wiec brak polaczenia politycznego wyglada na trwaly, nie na przypadkowa luke danych."
53,Janusz Berkowski,infokolej.pl t=8726 -> p=148293,skip,Brak. python3 research.py pkw 'Janusz Berkowski': 0 kandydatur PKW.,"Nie potwierdzone w KRS. rail_people.json nie zawiera nikogo o nazwisku Berkowski - potwierdza, ze stanowisko dyrektora zakladu nigdy nie bylo wpisane do KRS. Jedynym zrodlem jest przedruk Rynku Kolejowego na forum.","verdict=skip || TEZA: n/d. || UWAGA: (1) research.py site 'Janusz Berkowski': 0 trafien. (2) 0 kandydatur PKW - zaden slad politycznej dzialalnosci. (3) Twierdzenie samo nie zarzuca zwiazku politycznego (polityczne=false); sprawdzono mimo to, wynik zerowy na obu kanalach."
54,Janusz Malinowski,"infokolej.pl t=19127 -> p=311316, p=311291",skip,"PKW: nazwisko bardzo popularne (34 kandydatury), ale ZADNA nie ma rocznika 1963 (dostepne roczniki: 1937,1938,1940,1948,1949,1950,1951,1952,1953,1954,1956,1957,1958,1960,1964,1966 - 1963 brak). Jedyna deklaracja czlonkostwa partyjnego w calym zbiorze (""Socjaldemokracja Rzeczypospolitej Polskiej"", komitet SLD, wybory sejmowe 1993) nalezy do INNEGO Janusza Malinowskiego, rocznik 1950 - NIE do naszej osoby (ur. 1963-12-04 wg odpisu). Brak dopasowania. WAZNA ROZBIEZNOSC: rekord tej dokladnej osoby na koryta.pl (id jVE2CTV52Et1qDhffpst, ta sama data urodzenia 1963-12-04) ma juz zapisane parties=[""PSL""] - tego tagu NIE potwierdza wyszukiwanie PKW po nazwisku i roczniku; zrodlo tego tagu jest nieznane (prawdopodobnie inny pipeline, np. rejestr.io) i wymaga rewizji przez redakcje. | ZRODLO: pkw.sqlite, research.py pkw ""Janusz Malinowski""; koryta.pl osoba jVE2CTV52Et1qDhffpst.","Bardzo dobrze potwierdzona i wciaz AKTUALNA kariera: prezes zarzadu PKP Intercity S.A. (KRS 0000296032, isPublic=true) od 07.03.2011 do 14.02.2014 (zgodne z obydwoma przedrukami - objecie w marcu 2011, odwolanie ""utrata zaufania"" w styczniu/lutym 2014) ORAZ PONOWNIE prezes zarzadu tej samej spolki od 23.05.2024 do dzis (aktualne). Wczesniej m.in.: rada nadzorcza Przedsiebiorstwa Utrzymania Infrastruktury Kolejowej w Katowicach (KRS 0000042216) 2001-2006, rada nadzorcza PKP Intercity Remtrak (KRS 0000091303) 2011-2014, rada nadzorcza PKP Linia Hutnicza Szerokotorowa (KRS 0000062888) 2005-2011, prezes zarzadu Lodzkiej Kolei Aglomeracyjnej (KRS 0000359408) 2015-2024, a od grudnia 2024 wiceprezes Zwiazku Pracodawcow Kolejowych (KRS 0000069058). Twierdzenie o funkcji ""wiceszefa biura strategii PKP S.A."" przed 2011 r. jest niemozliwe do zweryfikowania w odpisie (stanowisko wewnetrzne, nie organ rejestrowy). | ZRODLO: odpis pelny KRS 0000296032 oraz pozostale wymienione, api-krs.ms.gov.pl.","verdict=skip || TEZA: obecny (od 2024, wciaz aktualny) prezes PKP Intercity to bardzo mocny kandydat pod wzgledem posady, ale bez potwierdzonego powiazania politycznego caly wpis nie przechodzi bramki - a istniejacy na stronie tag PSL wyglada na blad wymagajacy rewizji. || UWAGA: PILNE do sprawdzenia przez redakcje: koryta.pl ma juz ten rekord (niepublikowany, factsCount=4) z tagiem parties=[""PSL""], ktorego nasze wyszukiwanie PKW w ogole nie potwierdza dla rocznika 1963 - moze to pomylka z inna osoba o tym samym nazwisku (np. rocznik 1950, SLD/SDRP, ktory faktycznie jest w PKW). Zanim wpis zostanie opublikowany, trzeba ustalic realne zrodlo tagu PSL albo go usunac."
55,Jaroslaw Kolodziejczyk,infokolej.pl t=3983 -> p=34180,skip,"Nie potwierdzone przy dostepnej kotwicy tozsamosci. Jedyny Jaroslaw Kolodziejczyk z ustalona data urodzenia w danych kolejowych to KOLODZIEJCZYK JAROSLAW ZDZISLAW, ur. 1963-12-04 (odpis pelny KRS 0000019193 - PKP S.A., Czlonek Zarzadu 21.01.2016-18.10.2016; takze Zwiazek Pracodawcow Kolejowych, Czlonek Zarzadu 2016; jest tez na koryta.pl, patrz nizej). Dla tego dokladnego rocznika (1963) python3 research.py pkw 'Jaroslaw Kolodziejczyk' zwraca 0 dopasowan. PKW ma 7 kandydatur pod tym samym imieniem i nazwiskiem, ale wszystkie naleza do innych rocznikow (1969, 1971, 1974, 1979) i innych regionow (m.in. gmina Trzcianka woj. wielkopolskie, gmina Jordanow woj. malopolskie) - zaden nie pasuje ani rocznikiem, ani regionem (Slask). Marszalek/wicemarszalek wojewodztwa musi byc radnym sejmiku, a PKW notuje kandydatury samorzadowe (w tym do sejmikow) od 1994 - brak jakiegokolwiek zapisu kandydatury do sejmiku slaskiego pod tym nazwiskiem podwaza samo twierdzenie o pelnieniu funkcji marszalka/wicemarszalka, niezaleznie od zgodnosci osob.","Nie potwierdzone bezposrednio. 'Dyrektor PR Katowice' (2007-2008) to stanowisko zakladowe, nieobecne w KRS. Jedynym zrodlem jest post pracownika PR Katowice (broniacego dyrektora, nick 'wkurzony') na forum, zalaczajacy plik opisany jako 'zeznanie majatkowe Pana Kolodziejczyka z dochodami jeszcze jako marszalka' - plik ten nie zostal przez nas otworzony ani zweryfikowany, cytat pochodzi wylacznie z opisu na forum. Odpis pelny 0000019193 potwierdza za to, ze osoba o tym samym imieniu, nazwisku i roczniku (1963) faktycznie zrobila kariere w centrali PKP S.A. (Czlonek Zarzadu 2016) - spojne z tym, ze to ta sama osoba co byly dyrektor PR Katowice, ale to poszlaka, nie dowod.","verdict=skip || TEZA: gdyby sejmikowa kandydatura/mandat marszalka byly potwierdzone w PKW, byloby to mocne polaczenie; zamiast tego PKW nie ma zadnej kandydatury tej osoby (przy zgodnym roczniku 1963) do jakiegokolwiek organu w calej historii bazy (1994-2024+). || UWAGA: (1) Osoba JEST juz na koryta.pl jako rekord nieopublikowany (id b90XBU14iU0z5B8KEGhh, birthDate=1963-12-04, 3 zapisane fakty, isApproved=false). (2) Twierdzenie o byciu marszalkiem/wicemarszalkiem opiera sie wylacznie na opisie zalacznika PDF przez innego forumowicza, nie na tresci samego dokumentu (nie otwierany) ani na zadnym niezaleznym zrodle. (3) 7 innych kandydatur PKW pod tym samym imieniem i nazwiskiem nalezy do innych osob (inne roczniki, inne regiony) - nie mylic z naszym Kolodziejczykiem. (4) Nie sprawdzano archiwalnego BIP Urzedu Marszalkowskiego Woj. Slaskiego (poza zasiegiem dostepnych narzedzi) - to jedyna droga do niezaleznego potwierdzenia/obalenia tego konkretnego twierdzenia."
56,Joanna Janczura,infokolej.pl t=23327 -> p=407930,skip,"Jedna jedyna kandydatura w calym wykazie PKW (1 947 995 rekordow): Sejm 2023, okreg nr 41 Szczecin, lista nr 1 KW Bezpartyjni Samorzadowcy, pozycja 16, 196 glosow (0,04%), mandatu nie uzyskala. Sama deklaruje ""nie nalezy do partii politycznej"". To komitet partyjny (KW, nie KWW - lider tej samej listy Damian Oskar Stawikowski, prezes Kolei Dolnoslaskich, deklaruje czlonkostwo w partii Bezpartyjni Samorzadowcy-Laczy nas Polska), wiec formalnie jest to lista partyjna, ale powiazanie jest cienkie: miejsce wypelniajace liste, bez czlonkostwa, bez mandatu, bez zadnej innej kandydatury w zyciu. Tozsamosc w obrebie PKW jednoznaczna - to jedyna ""Joanna Janczura"" w bazie, pozostali Janczurowie maja inne imiona (Teresa, Jadwiga, Roman, Lukasz, Piotr, Marian...); PKW nie podaje dla Sejmu rocznika (birth_year NULL), wiec zlaczenia po roczniku zrobic sie nie da - kotwica to miejsce zamieszkania. | ZRODLO: PKW person_pkw (wykaz kandydatow, kanal oficjalny), rekord 2023/sejmu, teryt_c=32 (woj. zachodniopomorskie), teryt_l=020906 (gm. Milkowice, pow. legnicki); Obwieszczenie Okregowej Komisji Wyborczej w Szczecinie o zarejestrowanych listach kandydatow na poslow w okregu nr 41 (art. 221 par. 1 Kodeksu wyborczego), poz. 16: ""JANCZURA Joanna Ewa, pracownik biurowy, zam. Patnowek, nie nalezy do partii politycznej"" - PDF z bip.miedzyzdroje.pl, otwarty 20.09.2026; wnp.pl/polityka-i-sondaze/osoba/joanna-janczura,198052.html (poz. 16, 196 glosow, brak mandatu), otwarte 20.09.2026.","BRAK JAKIEJKOLWIEK POTWIERDZONEJ POSADY. Odpis PELNY Koleje Dolnoslaskie SA (KRS 0000298575, stan na 04.05.2026, wersja PDF z wyszukiwarki KRS, nazwiska NIEZAMASKOWANE) obejmuje wszystkie 48 miejsc w organach od 06.02.2008 wlacznie z wykreslonymi - nie ma w nim ani jednej Janczury i ani jednej Joanny, ani w zarzadzie, ani w radzie nadzorczej, ani wsrod prokurentow. Zero trafien takze w 2 969 osobach z odpisow pelnych wszystkich 86 spolek kolejowych. Posada pracownicza rzeczywiscie nie trafia do KRS, ale nie potwierdza jej tez zaden dokument urzedowy: w obwieszczeniu OKW deklaruje zawod ""pracownik biurowy"" bez pracodawcy, a pole ""zawod"" w obwieszczeniu to zawod, nie miejsce pracy (prezes KD Stawikowski deklaruje tam ""radca prawny""), wiec obwieszczenie ani nie potwierdza, ani nie zaprzecza zatrudnieniu w KD. Artykul Polityki - otwarty 20.09.2026, nie tylko cytat z forum - wymienia ja JEDNYM zdaniem, bez funkcji i bez pracodawcy: ""Z Lublina startowac bedzie Katarzyna Skoczylas, ze Szczecina Joanna Janczura"". ZRODLO: odpis pelny KRS 0000298575 stan 04.05.2026 (api-krs.ms.gov.pl + PDF wyszukiwarki KRS, pobrany 20.09.2026); Polityka, 12.10.2023, ""Bezpartyjni Samorzadowcy koleja do Sejmu"" https://www.polityka.pl/tygodnikpolityka/spoleczenstwo/2229904,1,bezpartyjni-samorzadowcy-koleja-do-sejmu-kto-jest-kim-na-listach-wyborczych.read (otwarty 20.09.2026); Obwieszczenie OKW w Szczecinie, okreg nr 41, poz. 16; brak trafien na koryta.pl (research.py site: 0 rekordow, stan eksportu 19.09.2026).","verdict=skip || TEZA: Klaster jest prawdziwy - Bezpartyjni Samorzadowcy wystawili w 2023 r. prezesa, wiceprezesa i kadre administracyjna jednej wojewodzkiej spolki kolejowej - ale akurat ta osoba trafila do niego przez sasiedztwo w akapicie, a nie przez zadne zrodlo, ktore przypisuje jej posade. || UWAGA: Polityka wymienia jedenascioro ludzi z JAWNIE podana funkcja w KD (Stawikowski - prezes, Zdanowski - wiceprezes, Padniewski - biuro prasowe, Rodak - rzecznik, Dlubala - audytor, Jungiewicz - dyrektor handlowy, Dziuba - kierowniczka marketingu, Kriegel - Biuro Zarzadu, Romaniecki - dyrektor ds. eksploatacji, Polak-Salomon - pracujaca w KD, Kleszcz - byly dyrektor ds. administracyjnych) i to samo w sobie wyczerpuje jej wlasna liczbe ""11 pracownikow administracji KD""; Janczura i Skoczylas (wiersz nr 11) sa wymienione BEZ funkcji, wiec co najwyzej jedna z nich moze byc tym jedenastym nazwiskiem, a artykul nie mowi ktora - to jest dokladnie ten fragment, na ktorym wiersz stal. Posady nie da sie ani potwierdzic, ani obalic rejestrem, bo etat nie idzie do KRS; rozstrzygnalby dokument laczacy nazwisko z pracodawca (odpowiedz KD na wniosek o informacje publiczna o pracownikach na listach wyborczych, struktura organizacyjna/kontakty KD, prasa legnicka typu lca.pl), ale nawet potwierdzone stanowisko to ""pracownik biurowy"" - szeregowe, bez funkcji decyzyjnej, niewidoczne dla pipeline'u - czyli ponizej progu publikacji, dlatego skip, a nie maybe. Ryzyko tozsamosci male: jedyna Joanna Janczura w PKW, zameldowanie Patnowek zgadza sie z TERYT 020906 (gm. Milkowice) z rekordu PKW; nie sprawdzono LinkedIn ani mediow spolecznosciowych, bo i tak nie sa kanalem urzedowym."
57,Jozef Marek Kowalczyk,infokolej.pl t=10567 -> p=133685,skip,"PKW: 0 kandydatur pod pelnym imieniem i nazwiskiem 'Jozef Marek Kowalczyk'. Warianty skrocone ('Jozef Kowalczyk' - 83 rekordy, 'Marek Kowalczyk' - 59 rekordow) sa zbyt pospolite by cokolwiek wiarygodnie przypisac (PKW nie podaje drugiego imienia). Brak jakiegokolwiek potwierdzonego wlasnego zaangazowania politycznego. Zgloszenie jego kandydatury na prezesa PR przez Marszalka Wojewodztwa Lubelskiego to dzialanie POLITYKA wobec niego, nie jego wlasne powiazanie polityczne - wg brief to za malo. | ZRODLO: wykaz kandydatow PKW (0 trafien dla pelnego imienia).","Kandydatura na prezesa Przewozow Regionalnych z 2010 zostala ODRZUCONA jednym glosem - nigdy nie objal stanowiska, wiec nie ma po niej sladu w KRS (sprawdzone - brak go w odpisie POLREGIO 0000031521). Ma za to udokumentowane wczesniejsze stanowiska: Prezes Zarzadu PKP CARGO (Warszawa), KRS 0000027702, 16.10.2001-30.01.2006 (wczesniej Rada Nadzorcza 17.07.2001-16.10.2001), oraz Rada Nadzorcza PKP Linia Hutnicza Szerokotorowa (Zamosc), KRS 0000062888, 06.11.2003-06.09.2005. Dane z odpisu: KOWALCZYK Jozef Marek, ur. 1954-11-14. ZRODLO: odpisy pelne KRS 0000027702 i 0000062888, api-krs.ms.gov.pl.","verdict=skip || TEZA: (brak - bramka polityczna nie przechodzi mimo realnej kariery kolejowej) || UWAGA: konkretnego zdarzenia z 2010 (odrzucona kandydatura na prezesa PR) nie da sie potwierdzic w KRS, bo do objecia stanowiska nigdy nie doszlo - to z definicji nie zostawia sladu w rejestrze. Posiada udokumentowana wczesniejsza kariere (prezes PKP Cargo, RN PKP LHS), ale 0 kandydatur PKW pod pelnym imieniem - brak wlasnego powiazania politycznego. Na koryta.pl istnieje juz niepublikowany, pusty rekord 'Jozef Kowalczyk' (rejestr.io/osoby/1164428, bez daty urodzenia, 0 faktow) - mozliwe ze to ta sama osoba, nie do potwierdzenia bez daty urodzenia na stronie."
58,Katarzyna Lachowicz,infokolej.pl t=4731,skip,"Powiazanie NIE jest polityczne - to wiez rodzinna/biznesowa (rzekoma zona Tomasza Lachowicza, czlonka rady nadzorczej PKP LHS 18.11.2020-21.08.2026, niezaleznie zweryfikowane: bio z EU Economic Congress, pkp.pl, oraz wpis w organNadzoru odpisu pelnego pasujacy dlugoscia L********/T***** i data). Brak deklaracji partyjnej i brak mandatu z wyborow dla samej Katarzyny Lachowicz. PKW ma 5 kandydatur tego imienia i nazwiska (roczniki 1971/1972/1973/1984, wszystkie samorzadowe, jedna wygrana w 2024 w gminie Kazmierz), ale bez potwierdzonego rocznika urodzenia tej Katarzyny Lachowicz zadnej nie da sie zlaczyc - research.py board nadal maskuje nazwiska i PESEL (widac tylko pierwsza litere + dlugosc), wiec porownanie jest niemozliwe. | ZRODLO: infokolej.pl t=4731 - nie zlokalizowano konkretnego posta w 69-stronicowym watku (WebFetch strony 1 pokazuje temat ogolny ""Zmiany w zarzadach i radach nadzorczych"" bez wzmianki o Lachowiczach); GW Lublin ""Ksiestwo Tracichleba wrocilo do spolki PKP"" - artykul niedostepny (blad HTTP 500), ale wedlug innych relacji (moj.powiat.pl, wojskonews.pl) dotyczy interesow corki bylego prezesa Zbigniewa Tracichleba (Katarzyna Bielaszewska) i jej meza, NIE Lachowiczow - co podwaza, czy to w ogole ta sama sprawa.","Brak formalnej posady w PKP LHS (KRS 0000062888). Sprawdzono research.py board (odpis pelny): organNadzoru nie zawiera zadnego wpisu pasujacego do ""Lachowicz"" poza mezem (rada nadzorcza); reprezentacja (zarzad) tez nie; spolka w ogole nie ma zarejestrowanych prokurentow. Opisywana rola ""doradca zarzadu ds. prawodawstwa UE"" to z definicji (wedlug samego zrodla) umowa z kancelaria prawna, nie etat ani funkcja w organie - nigdy nie pojawi sie w KRS. Nie znaleziono zadnego innego oficjalnego dokumentu (BIP, oswiadczenie majatkowe) potwierdzajacego te umowe ani kwote 2 mln zl. ZRODLO: odpis pelny KRS 0000062888, stan 21.08.2026, api-krs.ms.gov.pl (research.py board); infokolej.pl t=4731 (cytat GW, tresci nie zlokalizowano).","verdict=skip || TEZA: gdyby prawdziwe, para malzenska miala czerpac dwa rownolegle strumienie pieniedzy z jednej spolki kolejowej (on z rady nadzorczej i biura w Brukseli, ona z obslugi prawnej) - ale nawet potwierdzona nie kwalifikuje sie: to nie posada w rozumieniu strony (kontrakt kancelarii, nigdy nie trafi do KRS) ani powiazanie polityczne (wiez malzenska, nie partyjna - rowniez Tomasz Lachowicz nie ma zadnego rekordu w PKW). || UWAGA: nie udalo sie zlokalizowac tresci watku infokolej.pl t=4731 (69 stron, brak numeru posta w zrodle) ani otworzyc artykulu GW (blad 500); niezalezne zrodla o ""Ksiestwie Tracichleba"" opisuja INNA rodzine (corka bylego prezesa Tracichleba, Katarzyna Bielaszewska, i jej maz) - realne ryzyko pomylenia dwoch odrebnych watkow rodzinnych w PKP LHS w jeden. PKW ma 5 kandydatur na ""Katarzyna Lachowicz"" w 4 roznych rocznikach - bez potwierdzonej daty urodzenia zadnej nie da sie przypisac, a research.py board w tej instancji nadal maskuje nazwiska/PESEL wbrew opisowi w tresci zadania."
59,Konrad Tulinski,infokolej.pl t=5353 -> p=45811,skip,"Zero kandydatur PKW pod tym imieniem i nazwiskiem. ZRODLO: python3 research.py pkw ""Konrad Tulinski"" (0 kandydatur).","Potwierdzone - Czlonek Zarzadu PKP Energetyka Sp. z o.o. (KRS 0000014327) 28.10.2004-06.04.2009 - obejmuje date oswiadczenia (22.10.2008); w owym czasie spolka w 100% zalezna od PKP S.A. (podmiot publiczny), obecnie w danych koryta.pl oznaczona isPublic=false po pozniejszej prywatyzacji. Pozniej rowniez Czlonek Zarzadu nastepcy prawnego PGE Energetyka Kolejowa (KRS 0000322634) 02.02.2009-17.07.2012. ZRODLO: odpis pelny KRS 0000014327 stan 20.11.2025, api-krs.ms.gov.pl.","verdict=skip || TEZA: gdyby istnialo powiazanie polityczne, oswiadczenie zarzadu potwierdzaloby posade czlonka zarzadu spolki Skarbu Panstwa w kluczowym momencie afery El-In. || UWAGA: brak jakiegokolwiek dowodu przynaleznosci partyjnej lub kandydowania w wyborach w PKW - sam fakt bycia czlonkiem zarzadu spolki zaleznej od Skarbu Panstwa nie jest powiazaniem politycznym (wprost wykluczone w regulaminie)."
60,Krzysztof Celinski,infokolej.pl t=10059 -> p=121881,skip,"PKW: 5 kandydatur pod tym nazwiskiem, ale w rocznikach 1966, 1978 i 1979 - zaden nie zgadza sie z data urodzenia z odpisu (29.11.1950). Wszystkie 5 kandydatur sa odrzucone jako inne, wyraznie mlodsze osoby o tym samym nazwisku (m.in. kandydatury lokalne PO/KO z gminy Lukow z lat 2010-2024). Brak jakiegokolwiek dopasowania. | ZRODLO: pkw.sqlite, research.py pkw.","Kariera w spolkach kolejowych potwierdzona w calosci przez odpis: PREZES ZARZADU PKP S.A. (KRS 0000019193) 11.06.2001-26.06.2002; RN PKP PLK (KRS 0000037568) 22.08.2001-19.12.2002; PREZES ZARZADU PKP PLK 11.01.2006-02.02.2009; PREZES ZARZADU PKP Intercity (KRS 0000296032) 26.01.2009-28.04.2010. Wszystkie trzy spolki publiczne. Karuzela stanowisk z forum potwierdzona co do dnia. ZRODLO: odpisy pelne KRS 0000019193 (stan 27.08.2026), 0000037568 (stan 11.09.2026), 0000296032 (stan 31.07.2026), api-krs.ms.gov.pl.","verdict=skip || TEZA: brak. || UWAGA: posady w czterech kolejnych spolkach kolejowych sa twardo potwierdzone, ale to sama posada w spolkach Skarbu Panstwa - bez powiazania politycznego nie kwalifikuje sie do publikacji. PKW ma na to nazwisko kandydatow, ale z rocznikow 1966/1978/1979 - to inne osoby, nie ten Celinski (ur. 1950); nie przypisuj im zadnej kandydatury. Na koryta.pl istnieje juz strona Krzysztof Celinski (id P4zAGn3tx94Cm0SCjrgq) bez zapisanej daty urodzenia - nie mozna z tego zrodla potwierdzic, czy to ta sama osoba."
61,Krzysztof Klimek,infokolej.pl t=3983 -> p=33161,skip,"Nie da sie ustalic. python3 research.py pkw 'Krzysztof Klimek': 29 kandydatur PKW (1994-2024+), w co najmniej 14 roznych rocznikach (1949-1973) - jedno z najbardziej pospolitych polaczen imienia i nazwiska w calym zbiorze. Brak kotwicy tozsamosci (stanowisko nie jest rejestrowane w KRS), wiec zadnego z 29 rekordow nie da sie przypisac tej osobie ani odrzucic.","Czesciowo potwierdzone jako tresc dokumentu, nie jako fakt personalny. Stanowisko 'naczelnik Sekcji II PR w Czestochowie' pojawia sie w doslownym przedruku pisma zwiazkowego (ZZDKRS, sygn. ZZDKRS-1P-11/73/08) do Rady Nadzorczej PKP S.A. - dokument wyglada na realny (cytowany w calosci z sygnatura i podpisem przewodniczacego), ale nie zweryfikowany przez nas niezaleznie (nie ma go w zadnym dostepnym rejestrze). Stanowisko 'naczelnik' nie jest stanowiskiem rejestrowanym w KRS.","verdict=skip || TEZA: n/d - nie da sie zweryfikowac tozsamosci ani powiazania politycznego mimo realnie brzmiacego dokumentu zrodlowego. || UWAGA: (1) research.py site 'Krzysztof Klimek': 0 trafien. (2) Ekstremalnie pospolite nazwisko + imie (29 kandydatur PKW, 14+ roznych rocznikow) - fizycznie nie da sie wskazac wlasciwego rekordu bez daty urodzenia, ktorej nie mamy. (3) Zarzut bycia 'radnym' i 'angazowania sie w polityke' pochodzi z JEDNEGO anonimowego posta odpowiadajacego na pismo zwiazkowe (nie z samego pisma) - to plotka forum, nie dokument urzedowy, mimo ze samo pismo zwiazkowe jest realnym dokumentem."
62,Krzysztof Opawski,infokolej.pl t=5353 -> p=46871,skip,"Zero kandydatur PKW pod tym imieniem i nazwiskiem - brak zarejestrowanego powiazania politycznego. Niezaleznie: wg Wikipedii i nekrologow prasowych (rp.pl, Rynek Kolejowy, Forsal.pl) byl bankowcem (Schroders, Citigroup) powolanym na ministra infrastruktury w rzadzie Marka Belki (2004-2005) jako bezpartyjny ekspert, nie jako polityk partyjny. ZRODLO: python3 research.py pkw ""Krzysztof Opawski"" (0 kandydatur); WebSearch (pl.wikipedia.org/wiki/Krzysztof_Opawski, rp.pl, rynek-kolejowy.pl/wiadomosci/zmarl-krzysztof-opawski).","Potwierdzone - Przewodniczacy Rady Nadzorczej PKP S.A. (KRS 0000019193, isPublic=true) 01.02.2008-04.04.2014 - dokladnie obejmuje date posta (03.11.2008). Wczesniej Minister Infrastruktury 02.05.2004-31.10.2005 w rzadzie Marka Belki (potwierdzone Wikipedia/prasa, nie KRS - ministerstwo nie jest podmiotem rejestrowym). ZRODLO: odpis pelny KRS 0000019193 stan 27.08.2026, api-krs.ms.gov.pl; WebSearch jw.","verdict=skip || TEZA: gdyby byl formalnie powiazany politycznie, bylaby to mocna historia - byly minister mianujacy ""kolege"" na prezesa PKP S.A., a nastepnie zasiadajacy w radzie nadzorczej tej samej spolki. || UWAGA: regulamin wprost wyklucza sama posade w podmiocie publicznym (w tym funkcje ministra) jako dowod powiazania politycznego - Opawski byl bezpartyjnym bankowcem/ekspertem, brak jakiejkolwiek kandydatury w PKW. Teza posta forum (""kolegi nie ruszy"") to zarzut o nepotyzmie/ukladzie kolezenskim, nie o polityce partyjnej - nie spelnia bramki korroboracji zdefiniowanej w regulaminie."
63,Krzysztof Radomski,infokolej.pl t=12123 -> p=194837,skip,"Nie da sie ustalic. python3 research.py pkw 'Krzysztof Radomski': 18 kandydatur PKW (1994-2024+) pod dokladnie tym imieniem i nazwiskiem, w co najmniej 10 roznych rocznikach (1957, 1959, 1960, 1961, 1967, 1969, 1972, 1973, 1978, 1982) - bardzo pospolite polaczenie. Brak jakiejkolwiek daty urodzenia z odpisu KRS (stanowisko nie jest rejestrowane), wiec brak kotwicy tozsamosci pozwalajacej wybrac ktorykolwiek z 18 rekordow.","Nie potwierdzone w KRS - stanowisko 'dyrektor ds. eksploatacyjnych' Slaskiego Zakladu PR to stanowisko zakladowe, nieobecne w odpisie pelnym 0000031521. Jedyny 'Radomski' w rail_people.json to RAFAL Radomski (ur. 1977-07-11, rada nadzorcza PKP Intercity, przewodniczacy ZZK Okregu Centralnego) - inne imie, inna osoba, nie mylic. Potwierdzeniem stanowiska Krzysztofa Radomskiego jest wylacznie przedruk Rynku Kolejowego na forum.","verdict=skip || TEZA: n/d - nie da sie zweryfikowac tozsamosci. || UWAGA: (1) research.py site 'Krzysztof Radomski': 0 trafien. (2) Nazwisko + imie zbyt pospolite (18 kandydatur PKW, 10 roznych rocznikow) bez kotwicy identyfikacyjnej. (3) Nie mylic z Rafalem Radomskim (rail_people, ur. 1977) - inna osoba mimo tego samego nazwiska w tej samej branzy."
64,Lucyna Krawczyk,infokolej.pl t=1447 -> p=13475,skip,"BRAK: PKW nie zna tego nazwiska - 0 kandydatur. Zapowiedz z forum ('juz raz chciano ja odwolac') nie jest dowodem na jej WLASNE powiazanie polityczne, a i sama przepowiednia sie nie sprawdzila - przetrwala w zarzadzie prawie 2 lata dluzej. ZRODLO: wykaz kandydatow PKW.","TWARDE: KRS 0000018434 (PKP Intercity sp. z o.o., podmiot publiczny), odpis pelny: CZLONEK ZARZADU SPOLKI 22.10.2001-11.12.2008, urodzony 10.07.1960 - odeszla razem z calym zarzadem w grudniu 2008, nie w 2007 jak sugerowalaby 'czystka'. ZRODLO: odpis pelny KRS, api-krs.ms.gov.pl (research.py board 0000018434).","verdict=skip || TEZA: dobry przyklad na to, ze forum trafnie podaje posady (potwierdzone, urodzony zgadza sie z rekordem 'site' - id UNxnXhj8H4tZoMrlktxO) i chybia w prognozach politycznych - zapowiedziana dymisja nie nastapila przez prawie 2 lata. || UWAGA: JEST juz w bazie koryta.pl jako NIEOPUBLIKOWANA (dokladna zgodnosc daty urodzenia 1960-07-10), ale bez powiazania politycznego w PKW nie kwalifikuje sie jeszcze do publikacji."
65,Malgorzata Kuczewska-Laska,infokolej.pl t=11039 -> p=142450 ; infokolej.pl t=11133 -> p=144739 ; infokolej.pl t=13757 -> p=204898,skip,PKW: 0 kandydatur pod nazwiskiem Kuczewska-Laska ani Kuczewska Laska. Brak dowodu powiazania politycznego.,"PREZES ZARZADU Przewozow Regionalnych sp. z o.o. (dzis POLREGIO, KRS 0000031521) 10.09.2009-24.04.2013 (odpis: 'PREZES ZARZADU'), poprzedzona funkcja CZLONEK ZARZADU tej samej spolki 07.08.2002-19.12.2007. UWAGA: data wpisu poczatku kadencji prezesa (10.09.2009) jest WCZESNIEJSZA niz data konkursu podana przez forum (zakonczony 30.07.2010) - mozliwe dwa etapy (pierwotne powolanie 2009, potwierdzenie/nowa kadencja po konkursie 2010 bez osobnego wpisu w naszych splaszczonych danych); do wyjasnienia gdyby wiersz mial trafic wyzej. Pozniej takze czlonek zarzadu PKP PLK (KRS 0000037568) w dwoch nieciaglych kadencjach (2016 i 2024-2026) oraz RN Fundacji Grupy PKP (od 2024, aktualne). ZRODLO: odpis pelny KRS 0000031521 (stan 20.11.2025) i KRS 0000037568 (stan 11.09.2026), research.py board, api-krs.ms.gov.pl.","verdict=skip || TEZA: wieloletnia prezes/czlonkini zarzadow spolek kolejowych (Przewozy Regionalne/POLREGIO, PKP PLK) - kandydatka gdyby pojawilo sie powiazanie polityczne. || UWAGA: post mocno potwierdzony (choc z rozbieznoscia daty wobec konkursu z 2010 opisanego na forum), ale PKW nie ma ani jednej kandydatury pod tym nazwiskiem - brak polowy politycznej. Juz na koryta.pl jako nieopublikowana strona (id X4e2C6zV9vf1Xxsy53xw, birthDate zgodny 1969-01-24 - pewna identyfikacja). || DUPLIKAT: ta sama osoba potwierdzona niezaleznie w 3 watkach (infokolej.pl t=11039 -> p=142450, infokolej.pl t=11133 -> p=144739, infokolej.pl t=13757 -> p=204898)."
66,Marcin Celejewski,infokolej.pl t=19127 -> p=311291,skip,"PKW: jedyna kandydatura dla ""Marcin Celejewski"" ma rocznik 1977, podczas gdy odpis pelny podaje date urodzenia 1976-01-13 (rocznik 1976) - ROCZNIKI SIE NIE ZGADZAJA, to NIE ta sama osoba. Brak potwierdzonego powiazania politycznego. | ZRODLO: pkw.sqlite, research.py pkw ""Marcin Celejewski"".","Czlonek zarzadu PKP Intercity S.A. (KRS 0000296032, isPublic=true) od 14.08.2012 do 16.04.2015, Marcin Celejewski ur. 1976-01-13. Odpis pelny zapisuje dla tego samego wpisu sekwencje funkcji [""CZLONEK ZARZADU"", ""PREZES ZARZADU"", ""CZLONEK ZARZADU""] - potwierdza to dokladnie teze przedruku: awans na prezesa w styczniu 2014 (po odwolaniu Malinowskiego) i powrot do roli czlonka zarzadu przed koncem mandatu w kwietniu 2015. Wczesniejsza funkcja ""czlonek zarzadu ds. handlowych"" oraz biografia zawodowa w lotnictwie sa poza rejestrem i niemozliwe do potwierdzenia tu. | ZRODLO: odpis pelny KRS 0000296032, api-krs.ms.gov.pl.","verdict=skip || TEZA: odpis w pelni potwierdza sam awans na prezesa PKP Intercity w styczniu 2014 opisany w przedruku - ale trafiona osoba w PKW to inny rocznik, wiec powiazania politycznego nie ma czego dalej szukac. || UWAGA: nazwisko rzadkie, ale jedyny trafiony rekord PKW (rocznik 1977) NIE pasuje do daty urodzenia z odpisu (1976) - jednoznacznie inna osoba, nie zaklada sie tozsamosci mimo rzadkosci nazwiska. Osoba jest juz w bazie koryta.pl (niepublikowana, birthDate=null) - warto dopisac tam date urodzenia z odpisu."
67,Marek Cisowski,"infokolej.pl t=6654 -> p=? (blok bez id, miedzy p=70194 a p=70666)",skip,"PRAWDOPODOBNIE INNA OSOBA I BRAK ZWIAZKU: PKW zna Marka Cisowskiego rocznik 1968 z Raciborza (Unia Wolnosci 1998, lokalny komitet Ruch Samorzadowy Raciborz 2000 w wyborach 2010) - inne miasto niz Krakow, gdzie dzialal dyrektor OGN, tozsamosc niepewna. Sam post nie stawia zadnego zwiazku politycznego. ZRODLO: wykaz kandydatow PKW.","MIEKKIE: dyrektor OGN Krakow do konca 2008, potem zastepca dyrektor Kurtyki (ten sam podmiot co w claimie o Kurtyce - PKP S.A. Oddzial Gospodarowania Nieruchomosciami w Krakowie). Nie organ KRS (oddzial, nie spolka), potwierdzone wylacznie przedrukiem prasowym (Dziennik Polski) na forum, w tym szczegol o dzierzawie gruntow po 0,06 zl/mkw. ZRODLO: cytat prasy na forum; oryginalu nie otwieralem.","verdict=skip || TEZA: brak zwiazku politycznego w ogole (post go nie stawia), a sama posada niepotwierdzona urzedowo. || UWAGA: dopasowanie z PKW watpliwe (Raciborz vs Krakow) - prawdopodobnie inna osoba, wiec nawet gdyby posada byla wazna, nie ma czym potwierdzic polityki."
68,Marek Dawidowicz,infokolej.pl t=7524 -> p=71827,skip,"Brak. Zero kandydatur w PKW pod tym imieniem i nazwiskiem. | ZRODLO: PKW person_pkw (wykaz kandydatow, kanal oficjalny).","Czlonek zarzadu Koleje Mazowieckie - KM sp. z o.o. (KRS 0000222735, publiczna), 05.08.2009-11.09.2009 (krotka, ok. 5-tygodniowa kadencja, NIEAKTUALNA). Potwierdzone w calosci - data powolania zgadza sie z przedrukiem RK. ZRODLO: odpis pelny KRS 0000222735, api-krs.ms.gov.pl.","verdict=skip || TEZA: krotka kadencja w zarzadzie KM potwierdzona co do dnia, ale bez zadnego sladu powiazania politycznego. || UWAGA: brak na koryta.pl."
69,Michal Jacunski,infokolej.pl t=16390 -> p=342517,skip,"PKW: 1 kandydatura, 1998 samorzad, KW Akcja Wyborcza Solidarnosc, rocznik 1977 (teryt 026401). To 17 lat przed cytowanym twierdzeniem (asystent posla PO Jacka Protasiewicza w 2015) i inne ugrupowanie (AWS, nie PO) - moze to ta sama osoba (sciezka AWS->PO jest typowa dla wielu politykow), ale PKW nie potwierdza wprost jego zwiazku z PO. | ZRODLO: wykaz kandydatow PKW.",NIEPOTWIERDZALNE dostepnymi narzedziami. 'Asystent posla' to zatrudnienie w biurze poselskim nieobjete KRS; nie znaleziono go tez w zadnym organie spolek kolejowych w rail_people.json. Brak dostepu do rejestru Kancelarii Sejmu czy BIP w tym przebiegu.,"verdict=skip || TEZA: (brak - obie polowy zbyt slabe) || UWAGA: jedyna kandydatura PKW (1998, AWS, rocznik 1977) nie potwierdza wprost zwiazku z PO opisanego w twierdzeniu, a samo stanowisko (asystent poselski) nie jest w ogole weryfikowalne dostepnymi narzedziami (brak KRS/board dla biura poselskiego)."
70,Michal Wrzosek,infokolej.pl t=5353 -> p=46637,skip,"Niemozliwe do ustalenia. PKW zawiera 8 kandydatur ""Michal Wrzosek"" w czterech roznych rocznikach (1941, 1975, 1980, 1990) - to wiele roznych osob, a rzecznik PKP S.A. z 2008 r. nie ma zadnej kotwicy (nie jest czlonkiem zadnego organu spolki kolejowej w naszych danych, wiec brak daty urodzenia z odpisu), przez co nie da sie wybrac wlasciwego rekordu. ZRODLO: python3 research.py pkw ""Michal Wrzosek"" (8 kandydatur, 4 rozne roczniki).","Niepotwierdzalne narzedziami tego przebiegu - ""rzecznik prasowy"" to stanowisko pracownicze, nie wpisywane do KRS (organy spolki nie obejmuja rzecznikow), wiec nie wystepuje w rail_people.json ani w odpisach. python3 research.py site ""Michal Wrzosek"" -> 0 trafien na koryta.pl.","verdict=skip || TEZA: brak - stanowisko rzecznika prasowego PKP S.A. jest stanowiskiem pracowniczym, nieweryfikowalnym przez KRS/BIP w tym przebiegu, a tozsamosci nie da sie ustalic przez brak kotwicy (data urodzenia/PESEL). || UWAGA: nazwisko ""Wrzosek"" jest zbyt popularne, by ustalic tozsamosc samym imieniem i nazwiskiem - potrzebna byla by dodatkowa kotwica (np. rok urodzenia z innego zrodla), ktorej nie ma."
71,Piotr Cizkowicz,"infokolej.pl t=15381 -> p=249957, p=250521",skip,"PKW: 0 kandydatur pod tym nazwiskiem. Brak sladu. Wspolpraca z Karnowskim w NBP to relacja zawodowa/znajomosc - brief wprost okresla 'sama znajomosc z politykiem' jako dowod slaby, nie mocny. | ZRODLO: pkw.sqlite (0 wynikow), research.py pkw.","CZLONEK ZARZADU PKP S.A. (KRS 0000019193, publiczna) od 20.04.2012 do 08.01.2016 - dokladnie te same daty co Karnowski, potwierdzajac 'wiceprezesa' z przedruku; dodatkowo CZLONEK RADY NADZORCZEJ PKP Intercity (KRS 0000296032) 10.10.2014-04.02.2016. ZRODLO: odpisy pelne KRS 0000019193 (stan 27.08.2026) i 0000296032 (stan 31.07.2026), api-krs.ms.gov.pl.","verdict=skip || TEZA: brak. || UWAGA: posady w zarzadzie PKP S.A. i RN PKP Intercity sa twardo potwierdzone, ale PKW nie ma na niego zadnej kandydatury - sama znajomosc z politycznie powiazanym Karnowskim to za malo."
72,Piotr Kazimierowski,infokolej.pl t=17338 -> p=276480,skip,"SLABE/BRAK: PKW zna jednego Piotra Kazimierowskiego, rocznik 1974, KWW Kwidzyniacy 2024 w powiecie kwidzynskim (Pomorze) - inny region niz Slask, wiec raczej nie ta sama osoba. Sam post na forum nie sugeruje tez zadnego zwiazku politycznego. ZRODLO: wykaz kandydatow PKW.","NIEPOTWIERDZONE: mial kierowac Silesia Rail sp. z o.o. (obsluga taboru Kolei Slaskich), odsuniety od obowiazkow XII 2012. Silesia Rail NIE wystepuje w zbiorze 89 spolek kolejowych koryta.pl - brak numeru KRS do sprawdzenia narzedziem board. ZRODLO: post na forum; oryginalu kurierkolejowy.eu nie otwieralem; KRS nie sprawdzony (brak numeru).","verdict=skip || TEZA: brak - ani posada, ani polityka nie sa potwierdzalne dostepnymi narzedziami. || UWAGA: brak numeru KRS dla Silesia Rail (poza zbiorem 89 spolek), wiec posada niepotwierdzona; dopasowanie z PKW malo prawdopodobne (inny region), a post nie stawia zadnego zwiazku politycznego."
73,Przemyslaw Gardon,"infokolej.pl t=12123 -> p=198810, p=184820 ; infokolej.pl t=13757 -> p=204898",skip,"Brak. python3 research.py pkw 'Przemyslaw Gardon': 0 kandydatur PKW, zaden rekord, zadna deklaracja czlonkostwa. Samo twierdzenie z forum tez nie zarzuca zwiazku politycznego Gardoniowi - mowi o rozmowie marszalka woj. slaskiego z prezes spolki (Kuczewska-Laska, ktorej kadencja jako Prezes Zarzadu PKP Przewozy Regionalne 10.09.2009-24.04.2013 jest potwierdzona w odpisie 0000031521 i pasuje czasowo do maja 2011) ws. wycofania REKOMENDACJI dla Gardonia - to opis wplywu marszalka na obsade stanowiska, nie dowod przynaleznosci/mandatu politycznego samego Gardonia.","Nie potwierdzone w rejestrze. 'Dyrektor Slaskiego Zakladu PR w Katowicach' to stanowisko zakladowe wewnatrz PKP Przewozy Regionalne sp. z o.o. (od 2015 POLREGIO, KRS 0000031521) - takich stanowisk nie wpisuje sie do KRS: odpis pelny 0000031521 (research.py board) nie wymienia nazwiska Gardon w zadnym organie (zarzad ani rada nadzorcza). Jedynym zrodlem jest przedruk tekstu Rynku Kolejowego (cytaty rzecznikow PR i Urzedu Marszalkowskiego) na forum, nigdy przez nas nie otwierany u zrodla.","verdict=skip || TEZA: gdyby polaczenie polityczne bylo potwierdzone, opisywalby mechanizm wplywu samorzadu wojewodzkiego na obsade stanowiska dyrektora zakladu PR - ale to sie nie potwierdza. || UWAGA: (1) research.py site 'Przemyslaw Gardon': 0 trafien - nie ma go na koryta.pl. (2) research.py pkw: 0 kandydatur. (3) Stanowisko dyrektora zakladu nie jest rejestrowane w KRS, wiec 'post' nie da sie potwierdzic kanalem oficjalnym. (4) Nawet gdyby watek polityczny byl prawdziwy, dotyczylby marszalka i prezes spolki, nie samego Gardonia. || DUPLIKAT: ta sama osoba potwierdzona niezaleznie w 2 watkach (infokolej.pl t=12123 -> p=198810, p=184820, infokolej.pl t=13757 -> p=204898)."
74,Radoslaw Groblewski,infokolej.pl t=4731 -> p=416581,skip,"Brak powiazania politycznego w kanale oficjalnym. W wykazie PKW (1 947 995 kandydatur, wybory 1991-2024, sejm/senat/europarlament/samorzad) nie ma ani jednej kandydatury ""Radoslaw Groblewski""; sprawdzone nie po samym stringu, tylko po calym nazwisku: 36 kandydatur o nazwisku zaczynajacym sie na ""Groblewsk"" (14 roznych imion: Krzysztof 11, Grzegorz 7, Henryk 4, Boguslawa Groblewska-Durajska 3, Andrzej 2, po jednej Milosz, Jerzy, Tomasz, Zbigniew, Maria, Danuta, Michal, Stanislaw, Wlodzimierz; roczniki 1944-1988, zadnego 1986) - odrzucam wszystkie 36, bo zadna nie ma imienia Radoslaw, a odpis pelny daje mi jego dokladna date urodzenia 07.12.1986, wiec zlaczenie jest rozstrzygajace, a nie probabilistyczne. Zero deklaracji czlonkostwa partyjnego. Jedyny material to jedno zdanie z Gazety Wyborczej: ""W czasach, gdy Dariusz Klimczak byl wicemarszalkiem lodzkim odpowiedzialnym m.in. za turystyke, Groblewski nadzorowal Hotel Podklasztorze w Sulejowie kolo Piotrkowa Trybunalskiego"" - czyli znajomosc zawodowa z politykiem PSL, a nie czlonkostwo, mandat ani lista. Sprawdzilem to twierdzenie w rejestrze: HOTEL PODKLASZTORZE SA (KRS 0000065839, dawniej PTH ""TRYBUNALSKIE"" SA, Sulejow) - Groblewski NIE figuruje w zadnym organie tej spolki w calym odpisie pelnym (wszystkie kadencje 2001-2025), spolka nie ma wpisanego akcjonariusza publicznego, od 2013 prezesem jest Wojciech Wisniewski, a w radzie nadzorczej Wisniewska-Bednarek i Bednarek - to podmiot prywatny, a rola Groblewskiego (dyrektor zarzadzajacy) jest pozarejestrowa. Kontrola negatywna: katalog ""dzialaczy PSL na kolei"" (niezalezna.pl za Onetem, 18.11.2024, ponad 20 nazwisk), opublikowany miesiac po jego nominacji, wymienia z rady nadzorczej WARS Elzbiete Nawrocka (PSL), a Groblewskiego nie wymienia w ogole. | ZRODLO: wykaz PKW (pkw.sqlite, 1 947 995 kandydatur, lata 1991-2024); odpis pelny KRS 0000065839 stan 21.11.2025 (PDF z wyszukiwarka-krs-api.ms.gov.pl, nazwiska niemaskowane); Gazeta Wyborcza / warszawa.wyborcza.pl, kwiecien 2026, ""Pajeczyna PSL oplotla spolki PKP, czyli jak duzy i maly Darek"" - NIE UDALO SIE OTWORZYC (paywall, domena zablokowana dla WebFetch), zrodlem pozostaje doslowny cytat uzytkownika sfora6 w infokolej.pl t=4731, post p=416581 z 07.04.2026; niezalezna.pl 531389 z 18.11.2024; rynek-kolejowy.pl 120849 oraz piotrkowski24.pl z 27.05.2026 - zaden z tekstow branzowych nie podaje partii, kandydowania ani Klimczaka.","Prezes zarzadu WARS SA (KRS 0000029621, spolka publiczna z Grupy PKP) od 05.11.2024, wpis nadal aktualny; dodatkowo czlonek Rady Fundacji Grupy PKP (KRS 0000499069) od 03.04.2026, nadal aktualny. Tozsamosc nie jest juz domyslana z maski: odpis pelny w PDF podaje wprost GROBLEWSKI RADOSLAW, ur. 07.12.1986 - ta sama data urodzenia w obu podmiotach, wiec to jedna i ta sama osoba (pierwszy przebieg mial tylko ""nazwisko 10-literowe na G, imie 8-literowe na R, PESEL z cyfra 8""). Prasa branzowa podaje powolanie od 08.10.2024 i ponowne powolanie na druga kadencje w 2026; KRS nie zalozyl dla tego nowego wpisu, seat biegnie nieprzerwanie od 05.11.2024. Wczesniejsze funkcje z CV (dyrektor zarzadzajacy Hotelu Podklasztorze w Sulejowie i Hotelu Trybunalski, czlonek rady nadzorczej Agromy Kielce) to NIE sa posady rejestrowe w podmiocie publicznym - w odpisie pelnym Hotelu Podklasztorze go nie ma. ZRODLO: odpis pelny 0000029621 stan 08.09.2026 i odpis pelny 0000499069 stan 16.09.2026 (PDF z wyszukiwarka-krs-api.ms.gov.pl - niemaskowany, daty wpisow zlaczone z naglowka api-krs.ms.gov.pl); rynek-kolejowy.pl 120849 i 152990.","verdict=skip || TEZA: prezes WARS-u ma twarda, aktualna posade publiczna i drugi wpis w Fundacji Grupy PKP, ale po wyczerpaniu wszystkich kanalow nie ma zadnego powiazania politycznego - to jest wiersz, ktorego nie publikujemy, a nie wiersz do dalszego badania. || UWAGA: scisle wedlug bramki z briefu ""znajomosc z politykiem"" to powiazanie SLABE, a slabe mapuje sie na maybe - schodze z maybe na skip swiadomie, bo kanal powiazania jest teraz wyczerpany, a nie niesprawdzony: PKW jest pusty dla rozstrzygnietej tozsamosci (imie + nazwisko + data urodzenia z niemaskowanego odpisu), jedyne twierdzenie prasowe sprawdzilem w KRS i okazalo sie posada pozarejestrowa w spolce prywatnej, a niezalezny katalog ludzi PSL na kolei z 18.11.2024 go pomija. Ryzyko tozsamosci: zadne, data urodzenia zgadza sie w obu podmiotach. Czego nie zrobilem: nie otworzylem tekstu GW (paywall + blokada domeny), wiec nie wiem, czy pelna wersja mowi o nim cos wiecej niz zacytowane na forum zdanie; PKW nie obejmuje tez pelnomocnikow komitetow wyborczych ani wladz partii, ktorzy nigdy nie kandydowali - to jedyna luka. Wiersz wraca do gry tylko wtedy, gdy pojawi sie dokument: wykaz wladz PSL z jego nazwiskiem, oswiadczenie majatkowe/BIP wskazujace funkcje z nadania samorzadu, albo pelny tekst GW stwierdzajacy czlonkostwo, a nie znajomosc."
75,Remigiusz Paszkiewicz,infokolej.pl t=15381 -> p=250521,skip,"PKW: 0 kandydatur pod tym nazwiskiem. Kariera opisana w przedruku (Petrochemia Plock, Ministerstwo Finansow, NBP za czasow Balcerowicza, PKN Orlen) to sciezka zawodowa, nie aktywnosc wyborcza czy partyjna. | ZRODLO: pkw.sqlite (0 wynikow), research.py pkw.","PREZES ZARZADU PKP Polskie Linie Kolejowe S.A. (KRS 0000037568, publiczna) - wpis od 06.06.2012 (najpierw jako czlonek RN delegowany do pelnienia funkcji prezesa, potem formalnie prezes zarzadu) do 22.05.2015, dokladnie zgodne z przewidywaniem z przedruku 'ma zostac prezesem PKP PLK'. ZRODLO: odpis pelny KRS 0000037568, stan 11.09.2026, api-krs.ms.gov.pl.","verdict=skip || TEZA: brak. || UWAGA: posada prezesa PKP PLK jest twardo potwierdzona co do dnia, ale zero kandydatur w PKW - praca w NBP 'za czasow Balcerowicza' to zbieznosc kariery zawodowej, nie dowod polityczny. Strona na koryta.pl juz istnieje (id 3Mbkb4EBpCWhhcOAMDpJ) bez zapisanej daty urodzenia."
76,Renata Rogowska,infokolej.pl t=12123 -> p=194837,skip,"Brak, przy jednoznacznej tozsamosci. Jedyna Renata Rogowska w bazie rail_people ma odpis-pelny date urodzenia 1972-12-05. python3 research.py pkw 'Renata Rogowska': 0 kandydatur PKW pod tym imieniem i nazwiskiem, a pole pkw_inne_roczniki jest rowniez puste - to nie kwestia niejednoznacznosci nazwiska, tylko calkowity brak jakiegokolwiek startu wyborczego.","Czesciowo potwierdzone, ale INNY podmiot/rola niz w twierdzeniu forum. Twierdzenie mowi o stanowisku 'zastepca dyrektora ds. handlowych' w PR Katowice (kwiecien 2011) - stanowisko zakladowe, nieobecne w KRS. Odpis pelny KOLEJE SLASKIE sp. z o.o. (KRS 0000357114, spolka publiczna woj. slaskiego, isPublic=true) potwierdza jednak, ze ROGOWSKA RENATA BARBARA, ur. 1972-12-05, byla WICEPREZESEM ZARZADU tej spolki od 04.01.2013 do 10.09.2014 - pozniejsza, wyzsza funkcja w pokrewnej, ale odrebnej spolce. ZRODLO: odpis pelny KRS 0000357114 (research.py board), api-krs.ms.gov.pl.","verdict=skip || TEZA: gdyby polaczenie polityczne istnialo, dokumentowaloby menedzerke kolejno w PR Katowice i w zarzadzie Kolei Slaskich - ale brak jakiegokolwiek sladu w PKW wyklucza to calkowicie. || UWAGA: (1) research.py site 'Renata Rogowska': 0 trafien - nie ma jej jeszcze na koryta.pl mimo potwierdzonej funkcji Wiceprezesa Zarzadu w spolce publicznej. (2) Post z forum (2011, PR Katowice) i potwierdzona funkcja z KRS (2013-2014, Koleje Slaskie) to ROZNE stanowiska w roznych spolkach - nie mylic ich, gdyby kiedys pojawilo sie polaczenie polityczne. (3) 0 kandydatur PKW i pkw_inne_roczniki puste (brak jakiejkolwiek innej Renaty Rogowskiej w bazie PKW) - nie kwestia pomylki tozsamosci, po prostu nigdy nie startowala w wyborach."
77,Roman Chwala,infokolej.pl t=12123 -> p=222732 ; infokolej.pl t=13757 -> p=204898,skip,Brak. python3 research.py pkw 'Roman Chwala': 0 kandydatur PKW.,"Nie potwierdzone w KRS - odpis pelny 0000031521 nie wymienia nazwiska Chwala w zadnym organie. rail_people.json (pelna lista osob kiedykolwiek wpisanych do organow spolek kolejowych, zbudowana z odpisow pelnych) rowniez nie zawiera nikogo o nazwisku Chwala/Chwal* - potwierdza, ze to bylo czysto zakladowe stanowisko, nigdy nie zarejestrowane w KRS. Wylacznie przedruk Rynku Kolejowego na forum.","verdict=skip || TEZA: n/d - brak jakiegokolwiek potwierdzonego watku politycznego. || UWAGA: (1) research.py site 'Roman Chwala': 0 trafien. (2) research.py pkw: 0 kandydatur. (3) Twierdzenie z forum samo nie sugeruje polaczenia politycznego (polityczne=false); sprawdzono mimo to, wynik zerowy na obu kanalach. || DUPLIKAT: ta sama osoba potwierdzona niezaleznie w 2 watkach (infokolej.pl t=12123 -> p=222732, infokolej.pl t=13757 -> p=204898)."
78,Stanislaw Biega,infokolej.pl t=17338 -> p=276480 (oraz p=276453),skip,"BRAK MOZLIWOSCI USTALENIA TOZSAMOSCI: PKW zna 3 kandydatury pod tym nazwiskiem, 2 rozne roczniki (1958, 1969), wszystkie z 1998, komitety lokalne - zaden ze Slaska. Nie da sie polaczyc z osoba z watku (brak daty urodzenia z jakiegokolwiek dokumentu urzedowego dla eksperta/doradcy). Sam post nie stawia tez zwiazku politycznego. ZRODLO: wykaz kandydatow PKW.","MIEKKIE: 'ekspert/doradca' odpowiedzialny za rozklad jazdy w Kolejach Slaskich, odsuniety od obowiazkow XII 2012. Rola doradcy NIE jest organem spolki - sprawdzono odpis pelny KRS 0000357114, tego nazwiska nie ma w zadnym organie. Potwierdzone wylacznie cytatem z prasy branzowej (kurierkolejowy.eu) przytoczonym na forum. ZRODLO: cytat na forum; oryginalu kurierkolejowy.eu nie otwieralem.","verdict=skip || TEZA: gdyby dalo sie ustalic tozsamosc, watek moglby byc ciekawy (osoba odsunieta od newralgicznej funkcji przy katastrofie rozkladowej), ale nie mamy do tego narzedzi. || UWAGA: brak posady w KRS (nie organ) i brak mozliwosci potwierdzenia tozsamosci w PKW (2 rozne roczniki, zaden ze Slaska) - oba filary miekkie."
79,Stanislaw Kogut,"infokolej.pl t=17338 -> p=276939 (oraz t=1447 -> p=15647, p=16539)",skip,"TWARDE, z korekta tozsamosci: PKW zna 29 osob 'Stanislaw Kogut'. Sadecki senator PiS to NAJPRAWDOPODOBNIEJ NIE rocznik 1953 jak sugerowal lead, lecz rocznik 1957 - ten rekord ma spojna geografie (teryt_kand 181408, okolice Grybowa/Strozy, Malopolska) w kandydaturach samorzadowych 1998-2024 oraz kandydatury senackie w okregu 12 (Nowy Sacz) w 2005, 2007, 2011, 2015 i 2019, prawie zawsze z Komitetu Wyborczego PiS. W 2011 wynik=TRUE (mandat) z deklaracja 'czlonek partii Prawo i Sprawiedliwosc'. Rekord z rocznikiem 1953 ma zupelnie inna geografie (teryt 4954995 wojew. warminsko-mazurskie) i zadnego mandatu senackiego - to raczej NIE ten sadecki senator. ZRODLO: wykaz kandydatow PKW.","NIEMOZLIWE DO POTWIERDZENIA NASZYMI NARZEDZIAMI: senator RP to urzad polityczny, nie posada w podmiocie z KRS - poza modelem strony. Watek sugeruje trop poboczny: Jozef Jezewicz jako przewodniczacy Rady Programowej Fundacji Pomocy Osobom Niepelnosprawnym w Strozach zwiazanej z Kogutem - NIE sprawdzony (brak numeru KRS fundacji, board nie uruchomiony). ZRODLO: cytaty na forum (rynek-kolejowy.pl oraz posty wlasne watku t=1447); oryginalow nie otwieralem.","verdict=skip || TEZA: sam Kogut jako senator PiS to fakt publiczny, nie 'ukryta' posada w podmiocie z KRS, wiec nie pasuje do modelu strony - ale trop fundacji w Strozach (Jozef Jezewicz) moze byc wartosciowy jako osobne zapytanie. || UWAGA: koryguje zalozenie leadu co do rocznika (1957, nie 1953) na podstawie spojnosci geografii kandydatur i mandatu 2011. Fundacja w Strozach NIE zweryfikowana - brak KRS w tym przebiegu."
80,Tadeusz Matyla,infokolej.pl t=1447 -> p=13475,skip,"BRAK: PKW nie zna tego nazwiska - 0 kandydatur. Forum przedstawia jego odwolanie jako 'czystke PiS', ale to opis motywu NOWEJ wladzy, nie dowod na WLASNE powiazanie polityczne Matyli - takiego dowodu nie ma. ZRODLO: wykaz kandydatow PKW.","TWARDE: KRS 0000018434 (PKP Intercity sp. z o.o., podmiot publiczny), odpis pelny: CZLONEK ZARZADU 19.03.2004-10.05.2007, urodzony 30.07.1948 - data wykreslenia (05.2007) zgodna z opisywanym odwolaniem z 25.01.2007 (typowe opoznienie wpisu KRS wzgledem uchwaly rady nadzorczej). ZRODLO: odpis pelny KRS, api-krs.ms.gov.pl (research.py board 0000018434).","verdict=skip || TEZA: solidnie potwierdzona posada i data odejscia (spojna z relacja Przeslugi), ale brak wlasnego powiazania politycznego Matyli w PKW. || UWAGA: narracja o 'czystce PiS' opisuje motyw nowej wladzy przy odwolaniu, nie partyjnosc odwolanego - to nie substytut dowodu politycznego samego Matyli."
81,Tomasz Lachowicz,infokolej.pl t=4731 -> p=416467,skip,"BRAK powiazania politycznego, i tym razem jest to wynik pomiaru, a nie brak sprawdzenia. PKW: ZERO kandydatur. Zapytalem nie po pelnym imieniu, tylko po samym nazwisku: w wykazie jest 363 rekordy ""Lachowicz"", w tym 43 z rocznikow 1970-1980 - odrzucilem wszystkie 363, bo zaden nie ma imienia Tomasz, wiec zlaczenie po roczniku 1975 z odpisu nie ma z czym sie laczyc. Brak deklaracji czlonkostwa partii, brak komitetu, brak mandatu. To, co pierwszy przebieg wpisal w rubryke ""connection"", jest konfliktem interesow rodzinno-biznesowym, nie partyjnym: zona, radca prawny Katarzyna Lachowicz, od ponad 10 lat obsluguje prawnie PKP LHS za ok. 15 tys. zl miesiecznie (lacznie ponad 2 mln zl) i jest tam doradca zarzadu ds. prawodawstwa UE, podczas gdy on zasiadal w radzie nadzorczej tej samej spolki; rownolegle PKP LHS doklada ok. 0,5 mln zl rocznie do brukselskiego przedstawicielstwa PKP SA (calosc ok. 3,7 mln zl rocznie), ktorym on kieruje - a pracownicy spolki mowia GW, ze zakresy zadan obojga sie pokrywaja. Jedyna polityczna wzmianka o nim w tekscie GW to data: ""Tomasz Lachowicz w 2020 r., czyli za rzadow PiS, zostal w PKP LHS czlonkiem rady nadzorczej"" - to ramka czasowa, nie deklaracja partyjna. Przeciwwskazanie: brukselska placowke prowadzi nieprzerwanie od 2002 r. przez rzady SLD, PiS, PO-PSL, PiS i KO, a w radzie nadzorczej PKP LHS przetrwal czystke z 24.06.2024, ktora usunela 5 z 6 pozostalych czlonkow - to profil urzednika branzowego, nie nominata jednej partii. | ZRODLO: wykaz kandydatow PKW (zapytanie wlasne po nazwisku, 0 trafien na ""Tomasz""); GW Lublin, tekst o dymisji Marcina Protasa i o malzenstwie Lachowiczow, zacytowany doslownie w infokolej.pl t=4731, post p=416467 z 19.03.2026 - post otwarlem i przeczytalem w calosci, natomiast samego (platnego) artykulu GW otworzyc sie nie dalo, wiec zrodlem tresci prasowej jest cytat na forum; biogram akademiakadr.eu i pkp.pl/przedstawicielstwa - zadnej funkcji partyjnej.","POTWIERDZONA, i to podwojnie - dwa miejsca w organie nadzoru spolek publicznych, nazwisko NIEZAMASKOWANE, z dokladna data urodzenia. (1) Czlonek RADY NADZORCZEJ PKP LINIA HUTNICZA SZEROKOTOROWA sp. z o.o., KRS 0000062888, spolka publiczna: LACHOWICZ TOMASZ, ur. 1975-06-17, od 18.11.2020 (wpis 88) do 21.08.2026 (wpis 137, wykreslony) - kadencja NIEAKTUALNA, ale realna i pelna. (2) Czlonek RADY NADZORCZEJ WARS SA, KRS 0000029621, spolka publiczna z grupy PKP: LACHOWICZ TOMASZ ANDRZEJ, ur. 1975-06-17, od 08.09.2026 (wpis 163), do dzis - posada AKTUALNA. To ta sama osoba: identyczna data urodzenia w obu odpisach, identyczna takze z birthDate na istniejacej, nieopublikowanej stronie koryta.pl (rejestr.io/osoby/2814400, ur. 1975-06-17). Zamaskowana sygnatura ""L********/T*****/A******"" z rady WARS, ktorej pierwszy przebieg nie umial rozstrzygnac, to wlasnie on, a nie ""Laskowski"". Trzecia funkcja - dyrektor przedstawicielstwa PKP SA w Brukseli, od 2002 r., plus koordynator NATO ds. transportu kolejowego - nie jest funkcja w organie i w KRS nie figuruje ani figurowac nie moze; potwierdzona niezaleznie na pkp.pl (wykaz przedstawicielstw zagranicznych) i akademiakadr.eu. ZRODLO: odpis pelny 0000062888 stan 21.08.2026 oraz odpis pelny 0000029621 stan 08.09.2026 - PDF z wyszukiwarka-krs.ms.gov.pl (wersja niemaskowana, z imionami i data urodzenia) zlaczony z naglowkiem JSON z api-krs.ms.gov.pl, ktory mapuje numery wpisu na daty.","verdict=skip || TEZA: obie polowy da sie juz nazwac po imieniu - posada jest twarda i nawet czynna (rada nadzorcza WARS SA od 08.09.2026, wczesniej rada nadzorcza PKP LHS 18.11.2020-21.08.2026), ale powiazanie, ktore ten wiersz mial dokumentowac, nie jest polityczne tylko rodzinno-biznesowe, a bramka strony wymaga politycznego: sama posada w spolce skarbu panstwa nim nie jest. || UWAGA: to nie jest wiersz slaby dowodowo, tylko wiersz poza zakresem strony - i warto to odnotowac, bo material prasowy jest mocny (on w radzie nadzorczej spolki, ktora placi jego zonie ok. 15 tys. zl miesiecznie i doklada 0,5 mln zl rocznie do biura, ktorym on kieruje), wiec gdyby redakcja kiedys dopuscila kategorie ""konflikt interesow bez partii"", ten wiersz wraca jako pierwszy kandydat. Ryzyko pomylki tozsamosci praktycznie zerowe: ta sama data urodzenia w dwoch niezaleznych odpisach i na istniejacej stronie koryta.pl. Czego NIE sprawdzilem: oryginalu GW (platny, czytalem doslowny cytat na forum); rejestr.io/osoby/2814400 zwraca 403, a moja pula odpisow to 71 spolek kolejowych - ewentualna funkcja w partii, fundacji politycznej albo komitecie wyborczym poza ta pula pozostaje niewykluczona i to jedyna rzecz, ktora moglaby ten werdykt odwrocic."
82,Tomasz Strapagiel,infokolej.pl t=5353 -> p=48629,skip,"Zero kandydatur PKW pod tym imieniem i nazwiskiem - brak jakiegokolwiek zarejestrowanego powiazania politycznego. ZRODLO: python3 research.py pkw ""Tomasz Strapagiel"" (0 kandydatur).","Potwierdzone - Prezes Zarzadu Kolei Dolnoslaskich S.A. (KRS 0000298575, isPublic=true, spolka samorzadowa wojewodztwa dolnoslaskiego) 28.05.2008-19.05.2009 - dokladnie pokrywa sie z data wywiadu (24.11.2008). Obecnie (aktualny=true) rowniez czlonek Rady Zwiazku Samorzadowych Przewoznikow Kolejowych (KRS 0000628522) od 12.08.2025. ZRODLO: odpis pelny KRS 0000298575 stan 04.05.2026, api-krs.ms.gov.pl.","verdict=skip || TEZA: gdyby istnialo powiazanie polityczne, wywiad prasowy prezesa spolki samorzadowej o reformie PKP PR bylby dobrym materialem. || UWAGA: brak jakiegokolwiek dowodu przynaleznosci partyjnej lub kandydowania w wyborach w PKW - tresc wywiadu ma charakter fachowy/branzowy (komentarz o skutkach finansowych reformy), nie polityczny. Sama posada prezesa spolki samorzadowej nie jest powiazaniem politycznym (wprost wykluczone w regulaminie)."
83,Waldemar Bachmatiuk,infokolej.pl t=6501 -> p=305567,skip,PKW: 0 kandydatur pod nazwiskiem Bachmatiuk. Brak dowodu powiazania politycznego.,"Twierdzenie forum dotyczy stanowiska 'dyrektor Kujawsko-Pomorskiego Zakladu Przewozow Regionalnych' - stanowisko wewnetrzne (dyrekcja zakladu regionalnego), nie organ spolki wpisywany do KRS. W odpisie pelnym Przewozow Regionalnych/POLREGIO (KRS 0000031521) NIE wystepuje zaden 'Bachmatiuk'. Brak mozliwosci weryfikacji przez kanal oficjalny KRS. ZRODLO: odpis pelny KRS 0000031521 (stan 20.11.2025), research.py board, api-krs.ms.gov.pl.","verdict=skip || TEZA: brak. || UWAGA: jak przy innych dyrektorach zakladow regionalnych - stanowisko z definicji nie jest w KRS, a PKW nie ma zadnej kandydatury pod tym nazwiskiem, wiec brak jakiegokolwiek dowodu w ktorymkolwiek kanale. Nie na koryta.pl (site: 0 trafien)."
84,Wieslaw Jarosiewicz,infokolej.pl t=5353 -> p=45446,skip,"Brak potwierdzonego powiazania politycznego. Jedyna kandydatura PKW pod tym nazwiskiem (""Wieslaw Jarosiewicz"") ma rocznik 1961 - NIEZGODNY z data urodzenia z odpisu KRS (1950), a wiec to inna osoba. Zero pasujacych kandydatur PKW. ZRODLO: python3 research.py pkw ""Wieslaw Jarosiewicz"" (1 kandydatura, rocznik niezgodny).","Potwierdzone posrednio - Czlonek Zarzadu PKP Informatyka Sp. z o.o. (KRS 0000042646, isPublic=true) 29.10.2004-05.07.2006, a takze czlonek RN PKP PLK (01.09.2003-18.10.2004) i RN Kolejowych Zakladow Lacznosci (10.12.2004-30.09.2005). To potwierdza zwiazek z PKP Informatyka, ale jako ""czlonek zarzadu"", nie jako osoba ""kierujaca"" spolka (prezesem w tym okresie byl inny czlowiek wedlug odpisu). Sama funkcja ""szefa UTK"" (Urzad Transportu Kolejowego) to urzad centralny, nie podmiot rejestrowy w KRS - nie da sie jej potwierdzic narzedziami tego przebiegu (brak dostepu do BIP UTK). ZRODLO: odpis pelny KRS 0000042646 stan 04.09.2026, api-krs.ms.gov.pl.","verdict=skip || TEZA: gdyby istnialo powiazanie polityczne, bylby to istotny watek - byly prezes UTK, ktory rownolegle zasiadal w zarzadzie/radach nadzorczych spolek kolejowych. || UWAGA: brak jakiegokolwiek dowodu przynaleznosci partyjnej lub kandydowania w wyborach - jedyny rekord PKW o tym nazwisku ma niezgodny rocznik. Ponadto glowny bohater newsa to SYN Jarosiewicza (dyrektor w PKP Informatyka po rzekomym ominieciu przetargu) - jego tozsamosci nie ustalono (brak imienia w zrzucie forum), wiec nie da sie zweryfikowac najbardziej ""korytowej"" czesci calej afery. Przedruk RMF FM dodatkowo zawiera bledna pisownie nazwiska (""Jaroszewicz"")."
85,Wojciech Kurzyjamski,infokolej.pl t=8726 -> p=99393,skip,"Brak. python3 research.py pkw 'Wojciech Kurzyjamski': 0 kandydatur PKW - nigdy nie startowal w zadnych wyborach pod tym nazwiskiem. Samo twierdzenie tez nie zarzuca zwiazku politycznego (polityczne=false w danych wejsciowych), tylko przejscie miedzy PR a Urzedem Marszalkowskim jako pracownikiem, co nie jest powiazaniem politycznym w rozumieniu brief.","Nie potwierdzone w KRS - stanowisko dyrektora zakladu nie jest rejestrowane. Sprawdzono odpis pelny PKP Przewozy Regionalne (KRS 0000031521) oraz Koleje Dolnoslaskie (KRS 0000298575, spolka publiczna, isPublic=true) - w zadnym z nich nie wystepuje nazwisko Kurzyjamski. Potwierdzeniem jest wylacznie doslowny przedruk notki Rynku Kolejowego na forum, ktory podaje pelna date urodzenia.","verdict=skip || TEZA: gdyby polaczenie polityczne istnialo, dokumentowaloby przejscie miedzy stanowiskiem w spolce kolejowej a urzedem marszalkowskim i z powrotem - ale brak jakiegokolwiek sladu politycznego (PKW=0). || UWAGA: (1) Osoba JEST juz na koryta.pl (id YTSpSt8nUjB8R4cDUaDX), nieopublikowana, birthDate=1977-05-27 - dokladnie zgodne z data podana w przedruku prasowym (27 maja 1977, Lodz), co potwierdza tozsamosc, ale zrodlem tej daty na stronie jest najpewniej ten sam artykul, wiec to nie jest niezalezne potwierdzenie. (2) 0 kandydatur PKW - nie ma z czym polaczyc politycznie. (3) Praca w Urzedzie Marszalkowskim (2007-2009) to zatrudnienie urzednicze, nie mandat ani czlonkostwo partyjne."
86,Wojciech Partyka,infokolej.pl t=1785 -> p=16059,skip,"PKW ma 6 kandydatur pod nazwiskiem Wojciech Partyka, ale roczniki to 1947, 1953, 1960 i 1983 - zaden nie pasuje do 1966-10-26 z odpisu PKP Intercity. Ten sam wzorzec niezgodnosci rocznika co w przypadku Szafranskiego. ZRODLO: pkw.sqlite (fold ""wojciech partyka"", 6 rekordow, brak rocznika 1966).","Odpis pelny PKP Intercity sp. z o.o. (KRS 0000296032) ma PARTYKA WOJCIECH TADEUSZ, ur. 26.10.1966, ale funkcja i daty NIE pasuja do twierdzenia z forum: wpis to ""------"" (funkcja pusta/nieopisana) w zarzadzie 01.09.2011-19.07.2012, a nastepnie prokura laczna 19.07.2012-30.08.2013 - to 2011-2013, nie 2007 r., z ktorego pochodzi spor opisany w listach otwartych zwiazkowych. Mozliwe, ze to ten sam czlowiek na innym/pozniejszym stanowisku, ale spor z 2007 r. (dyrektor ds. nadzoru nad druzynami konduktorskimi) nie ma pokrycia w zadnym odpisie z tamtego okresu. NIEPOTWIERDZONE dla stanowiska i daty z twierdzenia.","verdict=skip || TEZA: brak - ani stanowisko z 2007 r., ani powiazanie polityczne nie daja sie potwierdzic. || UWAGA: (1) jedyny KRS-owy slad tego nazwiska w PKP Intercity to 2011-2013 z funkcja ""------"" i pozniej prokura, nie funkcja dyrektora z 2007 r. opisywana w sporze zwiazkowym - moze to inne stanowisko tej samej osoby albo inna osoba; (2) roczniki PKW (1947,1953,1960,1983) nie pasuja do rocznika 1966 z odpisu, wiec powiazania politycznego nie da sie potwierdzic dla wlasciciela tego konkretnego wpisu KRS. Cale zrodlo sporu to niezweryfikowalne glosy anonimowe z obu stron (p=16557, p=17854 kontra list otwarty zwiazku)."
87,Zbigniew Szafranski,infokolej.pl t=12194 -> p=169560 ; infokolej.pl t=508 -> p=93306 ; infokolej.pl t=6501 -> p=62375,skip,"PKW ma 8 kandydatur pod nazwiskiem Zbigniew Szafranski, ale ZADNA nie ma rocznika 1957 - roczniki to 1950, 1951, 1954, 1959, 1970 i 1980, czyli szescioro roznych ludzi o tym samym nazwisku, zaden z nich nie jest prezesem PLK ur. 05.01.1957. To dokladnie przypadek niezgodnosci rocznika opisany w instrukcji: PKW nie ma tej osoby. ZRODLO: pkw.sqlite (fold ""zbigniew szafranski"", 8 rekordow, zaden rocznik 1957).","Odpis pelny potwierdza: SZAFRANSKI ZBIGNIEW MACIEJ, ur. 05.01.1957 - PKP Polskie Linie Kolejowe SA (KRS 0000037568) prezes zarzadu 02.02.2009-16.05.2012 (obejmuje date artykulu z 05.11.2009), wczesniej wiceprezes 14.10.2005-03.08.2006 i czlonek rady nadzorczej 06.02.2008-18.02.2009; PKP SA (KRS 0000019193) czlonek zarzadu 06.10.2004-25.08.2005; PKP Energetyka (KRS 0000014327) czlonek zarzadu 05.11.2001-20.10.2004, rada nadzorcza 13.10.2006-15.02.2008; PKP Informatyka (KRS 0000042646) rada nadzorcza 13.09.2005-20.04.2006; PKP Cargo (KRS 0000027702) rada nadzorcza 16.03.2005-18.08.2005; Centralny Port Komunikacyjny (KRS 0000759991) rada nadzorcza od 21.03.2024, aktualna. Widoczny na koryta.pl (id kyUiNBkGkFgUZewrwAOe, ta sama data urodzenia), nieopublikowany. ZRODLO: odpis pelny api-krs.ms.gov.pl, stan 20.11.2025.","verdict=skip || TEZA: brak - stanowisko prezesa PLK w 2009 r. (dokladnie w dacie artykulu) jest twardo potwierdzone, ale to inny Zbigniew Szafranski niz jakikolwiek z PKW. || UWAGA: klasyczny przypadek niezgodnosci rocznika z instrukcji: data urodzenia (05.01.1957) z odpisu nie pasuje do zadnej z 8 kandydatur PKW na to nazwisko (roczniki 1950-1980, brak 1957). Wniosek: albo prezes PLK nigdy nie kandydowal, albo kandydowal pod innymi danymi - w obu przypadkach nie da sie dzis potwierdzic powiazania politycznego tej konkretnej osoby. || DUPLIKAT: ta sama osoba potwierdzona niezaleznie w 3 watkach (infokolej.pl t=12194 -> p=169560, infokolej.pl t=508 -> p=93306, infokolej.pl t=6501 -> p=62375)."
88,Adam Zon,rejestr KRS (przeglad 86 spolek kolejowych),ODRZUCONE,"Formalnie silne, ale nie ma z czym sie polaczyc (patrz post). Zadeklarowane czlonkostwo ""czlonek Sojuszu Lewicy Demokratycznej"". 11 kandydatur PKW pod ""Adam Zon"" (1994-2024), 1 wygrana (2010, wynik=TRUE, radny powiatowy/miejski, komitet KOMITET WYBORCZY SOJUSZ LEWICY DEMOKRATYCZNEJ, teryt 241701 = Zywiec); tego samego dnia przegrany start na burmistrza Zywca (wynik=FALSE); w 2024 start do sejmiku woj. slaskiego (wynik=FALSE, KKW LEWICA). Komitety w kandydaturach: KKW LEWICA, KW SLD, KWW Zywiecka Lewica Samorzadowa, Koalicyjny KW SLD-UP, KKW SLD Lewica Razem, Koalicyjny KKW Zjednoczona Lewica SLD+TR+PPS+UP+Zieloni. UWAGA rocznik: pkw_inne_roczniki=[1957,1959], czyli 11 rekordow PKW dzieli sie na rocznik 1956 (4 rekordy, zgodne z odpisem), 1957 (4 rekordy), brak rocznika (1 rekord, wybory do sejmu 2015), 1959 (2 rekordy). Z tych dwoch rekordow rocznik=1959: jeden (2002, teryt 241703) lezy w tym samym rejonie co reszta (Zywiecczyzna) i najpewniej to ta sama osoba przy bledzie danych PKW; drugi (1994, teryt 0754995 - kod wojewodztwa ""07"", NIE slaskie ""24"") ODRZUCAM jako inna osobe o tym samym nazwisku - inny region, brak ciaglosci terytorialnej z pozostalymi 10 rekordami. Tozsamosc niezaleznie potwierdzona w wyszukiwarce: Adam Zon, ur. 10.12.1956 w Zywcu, koordynator budowy struktur SLD w powiecie zywieckim (od 1999), radny powiatowy (przewodniczacy komisji oswiaty) i radny miejski Zywca, kandydat na burmistrza Zywca w 2010, radny sejmiku woj. slaskiego. | ZRODLO: python3 research.py pkw ""Adam Zon"" (PKW, wykaz kandydatow, kandydatury 1994-2024); zywiecwsieci.pl/adam-zon-razem-zrobimy-wiecej; archiwum-bip.starostwo.zywiec.pl/upl-zal.php?id=2641; zywiec.naszemiasto.pl/tag/adam-zon","JEDYNA posada w obiekcie: RADA SPOLECZNA (organ nadzoru) w SPZOZ Szpital Kolejowy w Wilkowicach-Bystrej, KRS 0000031391, funkcja niewskazana (funkcja=None, sam czlonek organu), isPublic=True, od 31.10.2016 do 11.04.2024 (wpis wykreslenia). Potwierdzone w odpisie pelnym: dzial2.organNadzoru[0].nazwa=""RADA SPOLECZNA"" wprost (nie domysl); w skladzie organu wpis z datami od 31.10.2016 do 11.04.2024 pasujacy maska nazwiska ""Z**"" (3 znaki = ZON) / imie ""A***"" (4 znaki = ADAM) / PESEL zaczynajacy sie od ""5"" (dekada urodzenia 1956) - zgodne z danymi z rail_people. TO JEST DOKLADNIE PRZYPADEK OPISANY W BRIEFIE: Rada Spoleczna w SPZOZ nie jest rada nadzorcza w rozumieniu polityki strony i jest wprost wykluczona. Zaden inny wpis / inna posada nie wystepuje w danych obiektu (seats ma tylko ten 1 wpis) - brak jakiejkolwiek kwalifikujacej sie posady. ZRODLO: python3 research.py board 0000031391 oraz python3 research.py krs 0000031391 pelny (api-krs.ms.gov.pl, stan 03.01.2026)","verdict=ODRZUCONE || TEZA: gdyby ta posada sie liczyla, byloby to mocne polaczenie SLD (zadeklarowane czlonkostwo, wygrany mandat radnego w 2010, wieloletnia dzialalnosc partyjna w Zywcu) z organem nadzorczym podmiotu leczniczego powiazanego z koleja - ale organem tym jest RADA SPOLECZNA w SPZOZ, ktora polityka strony wprost wyklucza (nie jest rada nadzorcza) || UWAGA: (1) jedyna posada w calym obiekcie jest wykluczona polityka strony, wiec nawet mocne connection nie wystarcza - brakuje polowki ""post""; nie ma innej posady do sparowania; (2) PKW: rocznik dla ""Adam Zon"" wystepuje w 3 wariantach na 11 rekordow (1956/1957/1959) - odrzucilem 1 rekord (1994, teryt spoza woj. slaskiego) jako obca osobe, pozostale 10 traktuje jako te sama osobe mimo wahania rocznika 1956/1957, bo teryt jest spojny (Zywiec/woj. slaskie) i niezalezna biografia w sieci potwierdza date urodzenia 10.12.1956; (3) osoba NIE jest jeszcze na stronie (site: 0 trafien) - gdyby w przyszlosci wyszla na jaw inna, kwalifikujaca sie posada tej samej osoby, powiazanie polityczne jest juz udokumentowane i gotowe do ponownej oceny"
89,Grzegorz Krzysztof Kapusta,rejestr KRS (przeglad 86 spolek kolejowych),ODRZUCONE,"Bardzo silne powiazanie polityczne, ale nieistotne dla werdyktu bo ""post"" jest odrzucony polityka strony (patrz post/comment). Czlonek Polskiego Stronnictwa Ludowego: radny Sejmiku Wojewodztwa Lubelskiego od 2006 (przewodniczacy klubu radnych PSL w sejmiku), wicemarszalek wojewodztwa lubelskiego 21.07.2016-2018 (rolnictwo, geodezja, cyfryzacja). PKW po odfiltrowaniu do rocznika 1966 (zgodnego z data urodzenia z odpisu, 1966-11-14): 7 kandydatur - 2002 gmina Ryki (KW PSL), 2010 sejmik lubelski WYBRANY (wynik=TRUE, KOMITET WYBORCZY POLSKIE STRONNICTWO LUDOWE, teryt_kand 060000, teryt_zam 061604 Ryki), 2014 (KW PSL, teryt 060000), 2018 (KOMITET WYBORCZY POLSKIE STRONNICTWO LUDOWE, teryt 060000/061604), 2024 x2 (KKW TRZECIA DROGA PSL-PL2050, teryt 061604, jedna ze stanowiskiem docelowym ""Burmistrz Ryk"", przegrana). Zadeklarowane czlonkostwo PSL wprost w PKW przy kandydaturach na posla w 2019 i 2023 (obie przegrane). Nazwisko pospolite: z 16 kandydatur PKW pod ""Grzegorz Kapusta"" odrzucilem 9 o innym roczniku (1965, 1967, 1973, 1977, 1980, 1981) - to inne osoby. UWAGA identyfikacyjna: nawet wsrod 7 rekordow rocznika 1966 dwa (2014 Koalicyjny Komitet Wyborczy SLD Lewica Razem, teryt 100500; 2018 KWW LACZY NAS LOWICZ I POWIAT LOWICKI, teryt 100500/100507 - powiat lowicki, woj. lodzkie) nie pasuja geograficznie ani politycznie do reszty kariery w Rykach/woj. lubelskim - to prawdopodobnie DRUGI czlowiek o tym samym imieniu, nazwisku i roczniku; odrzucam te 2 rekordy jako niepowiazane z tym samym tozsamosciowo Grzegorzem Kapusta z Rykow. Pozostaje 5 spojnych rekordow: 2002, 2010 (wygrana), 2018, 2024 x2. ZRODLO: PKW wykaz kandydatow (kanal oficjalny, research.py pkw); potwierdzenie funkcji publicznej znalezione przez WebSearch (stron nie otwieralem bezposrednio - brak WebFetch w tej sesji): kurierlubelski.pl ""Grzegorz Kapusta nowym wicemarszalkiem woj. lubelskiego"", dziennikwschodni.pl (ten sam tytul), pl.wikipedia.org/wiki/Grzegorz_Kapusta, umwl.bip.lubelskie.pl (karta osoby BIP Urzedu Marszalkowskiego Woj. Lubelskiego, id 25898).","Jedyna posada w tym zestawieniu (86 spolek kolejowych, rail_people): RADA SPOLECZNA w KOLEJOWY SZPITAL UZDROWISKOWY W NALECZOWIE SAMODZIELNY PUBLICZNY ZAKLAD OPIEKI ZDROWOTNEJ, KRS 0000004917 (isPublic=true), od 23.08.2012, nadal aktualna (brak wykreslenia, funkcja niesprecyzowana). POTWIERDZONE w research.py board 0000004917 (api-krs.ms.gov.pl, odpis pelny, stan 03.01.2026): organ ""organNadzoru"", wpis nr 2, data_od 23.08.2012, wpis_do brak / aktualny=true; pasujacy rekord ma nazwisko zamaskowane ""K******"" (7 znakow, dlugosc zgodna z KAPUSTA), imie ""G*******"" (8 znakow, zgodna z GRZEGORZ), PESEL zaczyna sie od ""6"" (dekada 196x, zgodna z rokiem urodzenia 1966). Api-krs nie wypelnil pola nazwaOrganu dla tego wpisu (etykieta domyslna ""organNadzoru""), ale rail_people.seats[0].organ podaje wprost ""RADA SPOLECZNA"", a to jedyny mozliwy organ nadzoru w kazdym SPZOZ z mocy ustawy o dzialalnosci leczniczej. RADA SPOLECZNA W SPZOZ TO NIE JEST RADA NADZORCZA - polityka strony (BRIEF.md) wprost wylacza ten typ organu jako podstawe posady. Zadnej innej posady w spolce kolejowej ta osoba nie ma - w rail_people jest tylko ten jeden wpis w polu seats.","verdict=ODRZUCONE || TEZA: dzialacz PSL, wieloletni radny sejmiku lubelskiego i wicemarszalek wojewodztwa lubelskiego (2016-2018) zasiada od 2012 w Radzie Spolecznej kolejowego sanatorium w Naleczowie, ale to jedyna posada znaleziona w tym przegladzie spolek kolejowych, a Rada Spoleczna SPZOZ jest wprost wylaczona z polityki strony jako odpowiednik rady nadzorczej - wiec mimo bardzo silnego powiazania politycznego wiersz nie spelnia bramki ""post"" i jest ODRZUCONY. || UWAGA: (1) Rada Spoleczna w SPZOZ to ustawowy organ opiniodawczo-doradczy, nie nadzorczy w sensie k.s.h. - explicite wykluczony przez polityke strony, wiec odrzucenie nie zalezy od sily connection. (2) Nazwisko pospolite: z 16 kandydatur PKW ""Grzegorz Kapusta"" odrzucono 9 o innym roczniku; ale nawet w 7 rekordach rocznika 1966 dwa (2014 SLD Lewica Razem, 2018 KWW LACZY NAS LOWICZ, oba teryt powiatu lowickiego, woj. lodzkie) nie pasuja geograficznie do reszty kariery w Rykach - to prawdopodobnie inny czlowiek o tym samym imieniu, nazwisku i roczniku; samo dopasowanie po rocznik nie wystarcza przy kolizji rocznika. (3) Potwierdzenie wicemarszalkostwa i dzialalnosci PSL pochodzi z wynikow WebSearch (kurierlubelski.pl, dziennikwschodni.pl, wikipedia, BIP UM woj. lubelskiego) - stron nie otwieralem bezposrednio (brak WebFetch w tej sesji), to cytaty z wyszukiwarki, nie zweryfikowany zrodlowy tekst z otwartej strony. (4) Nie sprawdzalem, czy osoba ma posady w innych panstwowych podmiotach poza tym zestawem 86 spolek kolejowych - poza zakresem tego przebiegu. (5) site zwraca 0 trafien pod zadnym wariantem imienia/nazwiska/daty urodzenia - osoby nie ma jeszcze na koryta.pl."
90,Marek Kopel,rejestr KRS (przeglad 86 spolek kolejowych),ODRZUCONE,"15 kandydatur PKW (1994-2024, wylacznie wybory samorzadowe), wybrany 2 razy (wynik=TRUE: 2002 i 2010) - obie kadencje z lokalnego komitetu KWW Koalicja Wspolny Chorzow. Od 2018 kandyduje z list Platforma.Nowoczesna/Koalicja Obywatelska (2018 sejmik, 2019 sejmik, 2024 rada sejmiku), ale przy kandydaturze z 2019 deklaruje wprost ""nie nalezy do partii politycznej"". Wszystkie 15 rekordow ma rocznik 1955 (pole pkw_inne_roczniki puste) - brak konkurencyjnych identyfikacji pod tym nazwiskiem, ryzyko tozsamosci niskie. Samo w sobie powiazanie bylyby stosunkowo mocne (dwukrotny mandat), choc glownie przez komitet lokalny a nie partie. ZRODLO: python3 research.py pkw ""Marek Kopel"" (PKW wykaz kandydatow).","RADA SPOLECZNA, Okregowy Szpital Kolejowy w Katowicach -S.P.Z.O.Z., KRS 0000102533, podmiot publiczny (isPublic=true), wpis od 29.03.2023, aktualny (brak daty do). Organ potwierdzony w odpisie pelnym: organNadzoru -> nazwa=""RADA SPOLECZNA""; skladowy wpis z PESEL prefiksem 5* zgadza sie z rocznikiem 1955 z daty urodzenia 24.03.1955. Brak jakiejkolwiek innej posady dla tej osoby w przegladzie 86 spolek kolejowych. RADA SPOLECZNA w SPZOZ to NIE jest rada nadzorcza - polityka strony wyklucza ten organ. ZRODLO: odpis pelny KRS 0000102533, stan na 29.04.2026, api-krs.ms.gov.pl (python3 research.py board 0000102533).","verdict=ODRZUCONE || TEZA: gdyby posada sie liczyla, teza brzmialaby ""wieloletni radny/kandydat z Chorzowa (KWW, pozniej listy KO/PO) zasiada w organie nadzoru szpitala kolejowego"" - ale posada nie przechodzi bramki strony. || UWAGA: jedyna posada znaleziona dla tej osoby w tym przegladzie to RADA SPOLECZNA w SPZOZ (Okregowy Szpital Kolejowy Katowice) - polityka strony jawnie wyklucza ten organ (nie jest rada nadzorcza), wiec ODRZUCONE niezaleznie od sily powiazania politycznego. Samo powiazanie polityczne byloby relatywnie mocne (2x wynik=TRUE w wyborach samorzadowych), ale to nie ratuje wiersza bez kwalifikujacej sie posady. Strona ma juz nieopublikowany rekord tej osoby (id ASL5eESY2sIVFQVO5ceu, tag partii PO, 26 faktow), dopasowany na stronie tylko po nazwisku - site_exact_birthdate=0, rekord nie ma zapisanej daty urodzenia, wiec nie da sie tam formalnie potwierdzic tozsamosci po dacie urodzenia; nie mialo to jednak znaczenia dla werdyktu, bo wykluczajacy jest sam organ. Nie szukalem w sieci (BIP/prasa) dodatkowego potwierdzenia mandatu radnego, bo dyskwalifikacja jest juz jednoznaczna na poziomie odpisu KRS (organ RADA SPOLECZNA) - zgodnie z BRIEF nie ma sensu dalej korroborowac powiazania politycznego, skoro polowa ""post"" jest z gory wykluczona polityka strony."
91,Patryk Wild,infokolej.pl t=16390 -> p=342517,ODRZUCONE,"PKW: bardzo mocne i wielokrotne. Rocznik 1974, m.in.: 2002 samorzad - wybrany wojt (wynik=TRUE), 2010 samorzad - wybrany radny sejmiku wojewodztwa dolnoslaskiego z KWW Rafala Dutkiewicza (wynik=TRUE, teryt 020000, zweryfikowane jako poziom wojewodzki, zgodne z 'radny sejmiku'), 2006 kandydowal z listy PO, 2014/2018 z KWW Bezpartyjni Samorzadowcy (zgodne z opisem 'dzis w popierajacych Kukiza Bezpartyjnych Samorzadowcach'). Osoba w pelni potwierdzona jako wybieralny polityk samorzadowy. | ZRODLO: wykaz kandydatow PKW.","BRAK. Twierdzenie opisuje go wylacznie jako radnego sejmiku i (2006-2008) czlonka wladz wojewodztwa dolnoslaskiego, ktoremu 'podlegala spolka kolejowa' - to jego WLASNA funkcja polityczna (nadzor wlascicielski), nie odrebne zatrudnienie/stanowisko w podmiocie publicznym. Nie znaleziono go w zadnym organie zadnej spolki kolejowej w rail_people.json ani gdzie indziej dostepnym.","verdict=ODRZUCONE || TEZA: (brak) || UWAGA: polityka strony wyklucza ten wiersz - brak jakiejkolwiek 'posady w podmiocie publicznym' odrebnej od jego wlasnej funkcji politycznej (radny sejmiku / czlonek wladz wojewodztwa). W cytowanym twierdzeniu wystepuje wylacznie jako zrodlo prasowe/komentator w sprawie Jacunskiej, a nie jako osoba laczaca posade z polityka."
92,Piotr Czarnynoga,rejestr KRS (przeglad 86 spolek kolejowych),ODRZUCONE,"Zadeklarowane czlonkostwo w Prawo i Sprawiedliwosc (deklaracja przy kandydaturze do Senatu w 2023); wybrany radny/czlonek sejmiku w 2010 i w 2024 (wynik=TRUE), obie kandydatury z list PiS. Lacznie 11 kandydatur PKW od 1994 do 2024 (samorzad, Sejm 2015, Senat 2023), wszystkie z rocznikiem 1954 - pkw_inne_roczniki jest puste, wiec brak konkurencyjnych osob o tym nazwisku w innym roczniku, identyfikacja jednoznaczna. Sama polowa polityczna bylaby wiec twarda (czlonkostwo partyjne + dwukrotny mandat), ale nie ma to znaczenia dla werdyktu - patrz pole ""post"". ZRODLO: python3 research.py pkw ""Piotr Czarnynoga"" (wykaz kandydatow PKW).","Jedyna posada tej osoby to czlonkostwo w RADA SPOLECZNA przy OKREGOWY SZPITAL KOLEJOWY W KATOWICACH -S.P.Z.O.Z. (KRS 0000102533), od 11.04.2024, bez wskazanej funkcji (funkcja=null). Odpis pelny potwierdza wpis nr 20 z data 11.04.2024 w organie oznaczonym w KRS jako ""organNadzoru"", pasujacy maskowany rekord ""C*********, P****"", pesel zaczynajacy sie od ""5"" (rocznik 1954) - zgodny z osoba i data seata z top14.json. To jednak Rada Spoleczna SPZOZ - cialo opiniodawczo-doradcze przy samodzielnym publicznym zakladzie opieki zdrowotnej, a NIE rada nadzorcza spolki handlowej. Polityka strony (BRIEF) wprost wyklucza ten typ organu jako podstawe publikacji. Innych posad (rad nadzorczych spolek, zarzadow) osoba nie ma w tym zestawie danych. ZRODLO: python3 research.py board 0000102533 (odpis pelny, stan 29.04.2026), api-krs.ms.gov.pl.","verdict=ODRZUCONE || TEZA: nie dotyczy - polityka strony wyklucza ten wiersz, wiec teza publikacyjna nie ma zastosowania || UWAGA: jedyna udokumentowana posada to RADA SPOLECZNA w SPZOZ (Okregowy Szpital Kolejowy w Katowicach), ktora BRIEF wprost wylacza jako rownowazna radzie nadzorczej spolki - stad ODRZUCONE mimo ze polowa polityczna jest twarda (deklarowane czlonkostwo PiS, dwukrotny wybrany mandat, 11 kandydatur PKW, pkw_inne_roczniki puste wiec identyfikacja jednoznaczna, brak ryzyka homonimii). Osoba jest juz na stronie jako rekord nieopublikowany (id yh5rLB5ulG0HJpZ4oE7D), ale dopasowany przez research.py tylko po nazwisku - narzedzie site zwrocilo birthDate=null, wiec nie potwierdzilem zgodnosci daty urodzenia z tym rekordem strony; bez znaczenia dla werdyktu, bo brak kwalifikujacej posady i tak dyskwalifikuje ten wiersz. Nie szukalem w otwartym internecie (BIP/prasa) potwierdzenia funkcji publicznej, bo werdykt jest juz przesadzony przez wykluczenie organu."
93,Ryszard Szczygielski,infokolej.pl t=5353 -> p=44364,ODRZUCONE,"Zero kandydatur PKW pod tym imieniem i nazwiskiem - brak jakiegokolwiek zarejestrowanego powiazania politycznego. ZRODLO: python3 research.py pkw ""Ryszard Szczygielski"" (0 kandydatur).","KOMBUD S.A. Zaklady Automatyki (Radom, KRS 0000101312) to spolka PRYWATNA - Ryszard Szczygielski byl jednym z zalozycieli i wieloletnim prezesem, odwolany z funkcji prezesa 24.01.2012 (nastepca Kazimierz Frak), od tego dnia czlonek rady nadzorczej; jest tez prezesem powiazanej spolki KOMBUD INVEST sp. z o.o. Spolka nie ma statusu podmiotu Skarbu Panstwa ani samorzadowego i nie figuruje w /tmp/ik20/rail_companies.json (liscie spolek kolejowych powiazanych z sektorem publicznym). ZRODLO: WebSearch (rejestr.io/krs/101312/zaklady-automatyki-kombud, krs.infoveriti.pl/Kombud,Radom,Zarzad,KRS,0000101312.html, kombud.com.pl) - odpis KRS tej spolki nie byl bezposrednio otwierany (poza zakresem danych tego przebiegu).","verdict=ODRZUCONE || TEZA: brak - KOMBUD to prywatny dostawca automatyki dla kolei, nie podmiot publiczny, wiec nawet gdyby istnialo powiazanie polityczne (a nie istnieje), posada w tej spolce nie kwalifikuje sie do bazy koryta.pl. || UWAGA: polityka strony wyklucza posady w spolkach prywatnych, niezaleznie od tego, ze wedlug watku w radzie nadzorczej zasiadaja ""prezesi UTK i ich rodziny"" - to nie jest posada w podmiocie publicznym. Nie zweryfikowano bezposrednio odpisu KRS 0000101312, oparto sie na zewnetrznych rejestrach handlowych."
94,Zygmunt Antoni Mizera,rejestr KRS (przeglad 86 spolek kolejowych),ODRZUCONE,"Silne: kandydat KW Prawo i Sprawiedliwosc na Burmistrza Czechowic-Dziedzic (2014, teryt 240204), zadeklarowane czlonkostwo ""czlonek Prawa i Sprawiedliwosci"" przy kandydaturze samorzadowej 2010, mandat wygrany w 2010 (wynik=TRUE, PiS, teryt 240204, prawdopodobnie radny). Kandydowal w 1994/1997/1998/2002/2006/2010/2014/2018, prawie zawsze w gminie Czechowice-Dziedzice (teryt 240200/240204/240000): najpierw z komitetow lokalnych (AWS 1997-1998, KWW Lepsze Jutro Czechowic-Dziedzic 2002, KWW Razem dla Czechowic-Dziedzic 2006), od 2010 wylacznie z PiS. Prasa niezaleznie potwierdza: byly przewodniczacy Rady Miejskiej w Czechowicach-Dziedzicach, przewodniczacy Rady Powiatu Bielskiego i starosta bielski, odznaczony w 2021 Krzyzem Oficerskim Orderu Odrodzenia Polski przez prezydenta Andrzeja Dude. Z 15 kandydatur PKW pod tym nazwiskiem odrzucam 4 (2 z rocznika 1928, 2 z rocznika 1964) jako inna osobe/osoby - do analizy biore wylacznie 11 rekordow z rocznikiem 1959, zgodnym z data urodzenia z odpisu. ZRODLO: PKW wykaz kandydatow (research.py pkw ""Zygmunt Mizera""), https://www.czecho.pl/wybory/samorzadowe-2014/kandydat-92-zygmunt-mizera, https://beskidzka24.pl/zygmunt-mizera-odznaczony-krzyzem-oficerskim-orderu-odrodzenia-polski/","3 posady w danych, WSZYSTKIE w organie RADA SPOLECZNA przy SPZOZ - polityka koryta.pl wyklucza ten organ (rada spoleczna w SPZOZ to nie rada nadzorcza): (1) Rada Spoleczna, Obwod Lecznictwa Kolejowego S.P.Z.O.Z. w Bielsku-Bialej, KRS 0000132016, 25.01.2012-02.03.2016; (2) Rada Spoleczna, SPZOZ Szpital Kolejowy w Wilkowicach-Bystrej, KRS 0000031391, 01.08.2001-06.11.2003; (3) ta sama spolka, 26.03.2012-12.04.2017. Wszystkie trzy potwierdzone: daty wpisu/wykreslenia w odpisie pelnym zgadzaja sie co do dnia z danymi wejsciowymi (wpis zamaskowany do M*****/Z******, dlugosc liter i pierwsza cyfra PESEL 5xx zgodne z Mizera/Zygmunt/ur.1959). Brak w danych jakiejkolwiek innej posady (rada nadzorcza, zarzad) w spolce panstwowej. ZRODLO: odpis pelny KRS 0000132016 stan 06.05.2026, odpis pelny KRS 0000031391 stan 03.01.2026, api-krs.ms.gov.pl (research.py board).","verdict=ODRZUCONE || TEZA: deklarowany czlonek PiS, kandydat na burmistrza, byly starosta bielski i przewodniczacy rady powiatu/miasta - silne powiazanie polityczne, ale jedyne trzy posady w zbiorze to Rada Spoleczna w SPZOZ, ktora polityka koryta.pl jawnie wyklucza (to nie rada nadzorcza) || UWAGA: dopasowanie nazwisko+rocznik jest solidne (11 z 15 rekordow PKW ma rocznik 1959, geografia kandydatur - Czechowice-Dziedzice - pasuje do lokalizacji szpitali kolo Bielska-Bialej), ale prawdziwy niewykluczony urzad publiczny tej osoby to raczej starostwo bielskie / rada powiatu / rada miejska, a nie posady kolejowe z tego przebiegu - te urzedy sa poza zbiorem odpisow spolek kolejowych, potwierdzone tylko prasa (czecho.pl, beskidzka24.pl), bez BIP ani numeru KRS, wiec NIE wliczam ich do pola post tego wiersza i nie sprawdzalem ich formalnie. Na stronie jest juz nieopublikowany rekord (id vbRqQdWlnArEo5XKIpg4, partie=PiS, dopasowanie po samym nazwisku) - jego birthDate jest puste w bazie site, wiec dopasowania po dacie urodzenia nie da sie potwierdzic."
