nr,osoba,wynik,pozycja_w_kolejce,link,id,modele,wynik_bez_party_member,rejestr_io,partie,zatrudniony_od,posady,kandydatury
1,Hanna Chodecka,4.31,1,https://autopush.koryta.pl/osoba/WXTQi7i93elIJH8MSemT,WXTQi7i93elIJH8MSemT,evidence=3 pipeline=5 pipeline-capture=5 pipeline-pagerank=3,4.31,https://rejestr.io/osoby/552915,PO,2026-05-22,"Rada Nadzorcza @ SAMODZIELNY ZESPÓŁ PUBLICZNYCH ZAKŁADÓW LECZNICTWA OTWARTEGO WARSZAWA - WAWER (KRS 0000089156, publiczna) 2026-05-22–nadal",1998 Samorząd Komitet Wyborczy Akcja Wyborcza Solidarność; 2006 Samorząd Komitet Wyborczy Platforma Obywatelska RP partia: PO; 2018 Samorząd KOALICYJNY KOMITET WYBORCZY PLATFORMA.NOWOCZESNA KOALICJA OBYWATELSKA partia: PO; 2024 Samorząd KKW KOALICJA OBYWATELSKA partia: PO WYBRANY; 2002 Samorząd KWW Wspólnota Wawerska; 2010 Samorząd KOMITET WYBORCZY PLATFORMA OBYWATELSKA RP partia: PO WYBRANY; 2014 Samorząd Komitet Wyborczy Platforma Obywatelska RP partia: PO
2,Józef Rysak,4.24,2,https://autopush.koryta.pl/osoba/b9pbkk9OOXnOob4T5hhV,b9pbkk9OOXnOob4T5hhV,evidence=4 pipeline=5 pipeline-capture=5 pipeline-pagerank=2 pipeline-succession=1,4.32,https://rejestr.io/osoby/97177,"PSL, Polska 2050",2021-01-25,"Rada Nadzorcza @ STOWARZYSZENIE METROPOLIA KRAKOWSKA (KRS 0000514292, prywatna/nieznana) 2021-01-25–2024-06-13",1994 Samorząd; 2015 Sejm Komitet Wyborczy Polskie Stronnictwo Ludowe partia: PSL; 2024 Samorząd KKW TRZECIA DROGA PSL-PL2050 SZYMONA HOŁOWNI WYBRANY; 2006 Samorząd KWW WSPÓLNA GMINA; 2010 Samorząd KOMITET WYBORCZY POROZUMIENIE PODKRAKOWSKIE PKW-deklaracja: członek Polskiego Stronnictwa Ludowego WYBRANY; 2010 Samorząd KOMITET WYBORCZY POROZUMIENIE PODKRAKOWSKIE PKW-deklaracja: członek Polskiego Stronnictwa Ludowego; 2014 Samorząd Komitet Wyborczy Porozumienie Podkrakowskie; 2018 Samorząd KOMITET WYBORCZY POROZUMIENIE PODKRAKOWSKIE PKW-deklaracja: PSL WYBRANY; 2005 Sejm Komitet Wyborczy Polskiego Stronnictwa Ludowego partia: PSL
3,Marek Sarwa,4.23,3,https://autopush.koryta.pl/osoba/kQtSE0azJbN2l3UTqd2n,kQtSE0azJbN2l3UTqd2n,evidence=4 pipeline=5 pipeline-capture=4 pipeline-facts=4 pipeline-pagerank=3 pipeline-succession=5 pipeline-together=2 pipeline-turnover=4,4.08,https://rejestr.io/osoby/2753043,PiS,2025-05-23,"Prokurent @ TOMASZOWSKIE CENTRUM ZDROWIA (KRS 0000312959, publiczna) 2025-05-23–2026-02-18; Rada Nadzorcza @ TOMASZOWSKIE CENTRUM ZDROWIA (KRS 0000312959, publiczna) 2024-09-05–2024-09-13; Rada Nadzorcza @ INWESTYCJE MEDYCZNE ŁÓDZKIEGO (KRS 0000507870, publiczna) 2020-03-09–2024-09-26",2024 Samorząd KWW WSPÓLNIE DLA GMINY DRZEWICA PKW-deklaracja: członek partii politycznej: Prawo i Sprawiedliwość; 2002 Samorząd KWW Drzewicka Wspólnota Samorządowa; 2010 Samorząd KOMITET WYBORCZY PRAWO I SPRAWIEDLIWOŚĆ partia: PiS WYBRANY; 2014 Samorząd Komitet Wyborczy Prawo i Sprawiedliwość partia: PiS; 2024 Samorząd KWW WSPÓLNIE DLA GMINY DRZEWICA; 2014 Samorząd Komitet Wyborczy Prawo i Sprawiedliwość partia: PiS; 2023 Sejm KOMITET WYBORCZY PRAWO I SPRAWIEDLIWOŚĆ partia: PiS PKW-deklaracja: członek partii politycznej: Prawo i Sprawiedliwość; 2018 Samorząd KOMITET WYBORCZY PRAWO I SPRAWIEDLIWOŚĆ partia: PiS PKW-deklaracja: Prawo i Sprawiedliwość
4,Jadwiga Szeląg,4.16,4,https://autopush.koryta.pl/osoba/q5ASd87FtQ3SqoACRbCk,q5ASd87FtQ3SqoACRbCk,evidence=3 pipeline=4 pipeline-capture=5 pipeline-pagerank=3 pipeline-succession=3 pipeline-together=2 pipeline-turnover=5,4.16,https://rejestr.io/osoby/613190,"PO, SLD",2021-12-15,"Rada Nadzorcza @ MIEDZIOWE CENTRUM ZDROWIA (KRS 0000049529, publiczna) 2015-07-09–2016-05-30; Rada Nadzorcza @ GMINNE CENTRUM ZDROWIA W NOWEJ MĘCINCE (KRS 0000017032, publiczna) 2011-07-04–2017-06-07; Rada Nadzorcza @ WOJEWÓDZKI SZPITAL SPECJALISTYCZNY W LEGNICY (KRS 0000163872, publiczna) 2015-04-17–2020-06-18; Rada Nadzorcza @ WOJEWÓDZKI SZPITAL SPECJALISTYCZNY W LEGNICY (KRS 0000163872, publiczna) 2021-12-15–nadal",2002 Samorząd KWW Wspólnota Samorządowa Ziemi Złotoryjskiej; 2010 Samorząd KOMITET WYBORCZY PLATFORMA OBYWATELSKA RP partia: PO WYBRANY; 2006 Samorząd Koalicyjny Komitet Wyborczy SLD+SDPL+PD+UP Lewica i Demokraci partia: SLD; 2024 Samorząd KKW KOALICJA OBYWATELSKA partia: PO; 2014 Samorząd Komitet Wyborczy Platforma Obywatelska RP partia: PO; 2018 Samorząd KOALICYJNY KOMITET WYBORCZY PLATFORMA.NOWOCZESNA KOALICJA OBYWATELSKA partia: PO
5,Franciszek Marszałek,4.15,5,https://autopush.koryta.pl/osoba/PLiIwz5IhTPhqNdaiCvm,PLiIwz5IhTPhqNdaiCvm,evidence=4 pipeline=5 pipeline-capture=5 pipeline-facts=4 pipeline-pagerank=2 pipeline-succession=1 pipeline-together=2 pipeline-turnover=4,4.00,https://rejestr.io/osoby/1396161,"PSL, Polska 2050",2024-03-28,"Rada Nadzorcza @ ZWIĄZEK MIAST POLSKICH (KRS 0000069153, prywatna/nieznana) 2019-05-22–2025-02-10; Rada Nadzorcza @ KOLEJE WIELKOPOLSKIE (KRS 0000349125, publiczna) 2024-03-28–2026-06-15",2007 Sejm Komitet Wyborczy Polskiego Stronnictwa Ludowego partia: PSL; 2010 Samorząd KOMITET WYBORCZY POLSKIE STRONNICTWO LUDOWE partia: PSL WYBRANY; 2023 Sejm KOALICYJNY KOMITET WYBORCZY TRZECIA DROGA POLSKA 2050 SZYMONA HOŁOWNI - POLSKIE STRONNICTWO LUDOWE PKW-deklaracja: członek partii politycznej: Polskie Stronnictwo Ludowe; 2024 Samorząd KWW SPL WYBRANY; 2014 Samorząd Komitet Wyborczy Polskie Stronnictwo Ludowe partia: PSL; 2019 Sejm KOMITET WYBORCZY POLSKIE STRONNICTWO LUDOWE partia: PSL PKW-deklaracja: członek partii politycznej: Polskie Stronnictwo Ludowe; 2018 Samorząd KOMITET WYBORCZY POLSKIE STRONNICTWO LUDOWE partia: PSL; 2018 Samorząd KOMITET WYBORCZY POLSKIE STRONNICTWO LUDOWE partia: PSL PKW-deklaracja: Polskie Stronnictwo Ludowe WYBRANY; 2009 Parlament Europejski Komitet Wyborczy Polskie Stronnictwo Ludowe partia: PSL; 2024 Samorząd KWW SPL PKW-deklaracja: członek partii politycznej: Polskie Stronnictwo Ludowe; 2014 Samorząd Komitet Wyborczy Polskie Stronnictwo Ludowe partia: PSL
6,Jan Wiesław Duda,4.12,6,https://autopush.koryta.pl/osoba/NL5LqtQ4VO6qDLfIotol,NL5LqtQ4VO6qDLfIotol,evidence=4 pipeline=3 pipeline-capture=5 pipeline-pagerank=3 pipeline-together=1 pipeline-turnover=5,3.93,https://rejestr.io/osoby/1281709,PiS,2025-06-25,"Rada Nadzorcza @ MAŁOPOLSKI SZPITAL ORTOPEDYCZNO-REHABILITACYJNY IM. PROF.BOGUSŁAWA FRAŃCZUKA (KRS 0000038598, publiczna) 2025-06-25–nadal; Rada Nadzorcza @ SZPITAL SPECJALISTYCZNY IM. JĘDRZEJA ŚNIADECKIEGO W NOWYM SĄCZU (KRS 0000029409, publiczna) 2024-12-23–nadal; Rada Nadzorcza @ SZPITAL SPECJALISTYCZNY CHORÓB PŁUC ""ODRODZENIE"" IM. KLARY JELSKIEJ (KRS 0000007565, publiczna) 2024-09-13–nadal","1998 Samorząd Komitet Wyborczy Akcja Wyborcza Solidarność; 2019 Sejm KOMITET WYBORCZY PRAWO I SPRAWIEDLIWOŚĆ partia: PiS PKW-deklaracja: członek partii politycznej: Prawo i Sprawiedliwość WYBRANY; 2015 Sejm Komitet Wyborczy Prawo i Sprawiedliwość partia: PiS; 2024 Samorząd KW PRAWO I SPRAWIEDLIWOŚĆ partia: PiS WYBRANY; 1991 Senat Krajowy Komitet Wyborczy Ruchu Ludowego ""Porozumienie Ludowe"""
7,Krzysztof Adam Matyjaszczyk,4.12,7,https://autopush.koryta.pl/osoba/rRMEgL2WMC98fZ5HU1Wk,rRMEgL2WMC98fZ5HU1Wk,evidence=4 pipeline=4 pipeline-capture=5 pipeline-pagerank=3 pipeline-together=1 pipeline-turnover=4,3.93,https://rejestr.io/osoby/1290436,SLD,2022-11-29,"Rada Nadzorcza @ PRZEDSIĘBIORSTWO WODOCIĄGÓW I KANALIZACJI OKRĘGU CZĘSTOCHOWSKIEGO SPÓŁKA AKCYJNA W CZĘSTOCHOWIE (KRS 0000057953, prywatna/nieznana) 2013-06-25–2019-04-16; Rada Nadzorcza @ ZAKŁAD GOSPODARKI MIESZKANIOWEJ TOWARZYSTWO BUDOWNICTWA SPOŁECZNEGO W CZĘSTOCHOWIE SPÓŁKA Z OGRANICZONĄ ODPOWIEDZIALNOŚCIĄ (KRS 0000131961, publiczna) 2002-10-07–2003-03-24; Rada Nadzorcza @ REJONOWE PRZEDSIĘBIORSTWO WODOCIĄGÓW I KANALIZACJI SPÓŁKA Z OGRANICZONĄ ODPOWIEDZIALNOŚCIĄ (KRS 0000213560, publiczna) 2019-10-23–2023-03-28; Rada Nadzorcza @ KRAKOWSKI HOLDING KOMUNALNY SPÓŁKA AKCYJNA W KRAKOWIE (KRS 0000006301, publiczna) 2022-11-29–2024-04-12; Zarząd @ ZWIĄZEK GMIN I POWIATÓW SUBREGIONU PÓŁNOCNEGO WOJEWÓDZTWA ŚLĄSKIEGO (KRS 0000821458, prywatna/nieznana) 2020-01-03–nadal; Rada Nadzorcza @ MIEJSKIE PRZEDSIĘBIORSTWO WODOCIĄGÓW I KANALIZACJI (KRS 0000078165, publiczna) 2020-02-10–2024-05-17",2006 Samorząd Koalicyjny Komitet Wyborczy SLD+SDPL+PD+UP Lewica i Demokraci partia: SLD; 2010 Samorząd KOMITET WYBORCZY SOJUSZ LEWICY DEMOKRATYCZNEJ partia: SLD PKW-deklaracja: członek Sojuszu Lewicy Demokratycznej WYBRANY; 2010 Samorząd KOMITET WYBORCZY SOJUSZ LEWICY DEMOKRATYCZNEJ partia: SLD PKW-deklaracja: członek Sojuszu Lewicy Demokratycznej; 2014 Samorząd Koalicyjny Komitet Wyborczy SLD Lewica Razem partia: SLD; 2007 Sejm Koalicyjny Komitet Wyborczy Lewica i Demokraci SLD+SDPL+PD+UP; 2024 Samorząd KKW LEWICA partia: SLD PKW-deklaracja: członek partii politycznej: Nowa Lewica; 2024 Samorząd KKW LEWICA partia: SLD WYBRANY; 2018 Samorząd KOALICYJNY KOMITET WYBORCZY SLD LEWICA RAZEM partia: SLD PKW-deklaracja: Sojusz Lewicy Demokratycznej WYBRANY; 2002 Samorząd Koalicyjny KW Sojusz Lewicy Demokratycznej - Unia Pracy partia: SLD; 2018 Samorząd KOALICYJNY KOMITET WYBORCZY SLD LEWICA RAZEM partia: SLD; 2014 Samorząd Koalicyjny Komitet Wyborczy SLD Lewica Razem partia: SLD
8,Zdzisław Szwed,4.07,8,https://autopush.koryta.pl/osoba/aDXu6UWTVLVpzG5hKunm,aDXu6UWTVLVpzG5hKunm,evidence=4 pipeline=5 pipeline-capture=2 pipeline-facts=4 pipeline-pagerank=3 pipeline-succession=3 pipeline-together=2 pipeline-turnover=5,3.92,https://rejestr.io/osoby/1343945,PiS,2024-07-15,"Rada Nadzorcza @ MIEJSKIE PRZEDSIĘBIORSTWO ENERGETYKI CIEPLNEJ (KRS 0000047164, publiczna) 2019-01-29–2021-12-07; Rada Nadzorcza @ MIEJSKIE PRZEDSIĘBIORSTWO ENERGETYKI CIEPLNEJ (KRS 0000047164, publiczna) 2004-06-28–2007-01-30; Rada Nadzorcza @ CHEŁMSKIE TOWARZYSTWO BUDOWNICTWA SPOŁECZNEGO (KRS 0000147068, publiczna) 2003-03-03–2004-11-18; Zarząd @ LUBELSKIE DWORCE (KRS 0000306605, publiczna) 2024-07-15–2025-01-13; Rada Nadzorcza @ PKP LINIA HUTNICZA SZEROKOTOROWA (KRS 0000062888, publiczna) 2021-05-12–2024-06-24",2014 Samorząd Komitet Wyborczy Prawo i Sprawiedliwość partia: PiS; 2019 Sejm KOMITET WYBORCZY PRAWO I SPRAWIEDLIWOŚĆ partia: PiS PKW-deklaracja: członek partii politycznej: Prawo i Sprawiedliwość; 2024 Samorząd KW PRAWO I SPRAWIEDLIWOŚĆ partia: PiS; 2011 Sejm Komitet Wyborczy Prawo i Sprawiedliwość partia: PiS PKW-deklaracja: członek partii Prawo i Sprawiedliwość; 2010 Samorząd KOMITET WYBORCZY PRAWO I SPRAWIEDLIWOŚĆ partia: PiS WYBRANY; 2018 Samorząd KOMITET WYBORCZY PRAWO I SPRAWIEDLIWOŚĆ partia: PiS; 2015 Sejm Komitet Wyborczy Prawo i Sprawiedliwość partia: PiS; 2002 Samorząd KWW Krzysztofa Grabczuka Kocham Chełm; 2023 Sejm KOMITET WYBORCZY PRAWO I SPRAWIEDLIWOŚĆ partia: PiS PKW-deklaracja: członek partii politycznej: Prawo i Sprawiedliwość
9,Antoni Jan Kręźlewicz,4.06,9,https://autopush.koryta.pl/osoba/eA4RJUTIj3HTqRMCNUTg,eA4RJUTIj3HTqRMCNUTg,evidence=4 pipeline=5 pipeline-capture=3 pipeline-pagerank=3,3.80,https://rejestr.io/osoby/417,PSL,2022-01-14,"Rada Nadzorcza @ SAMODZIELNY ZESPÓŁ PUBLICZNYCH ZAKŁADÓW OPIEKI ZDROWOTNEJ IM. DZIECI WARSZAWY W DZIEKANOWIE LEŚNYM (KRS 0000072265, publiczna) 2022-01-14–nadal",1998 Samorząd Krajowy Komitet Wyborczy Przymierze Społeczne: PSL-UP-KPEiR partia: PSL; 2001 Sejm Komitet Wyborczy Polskiego Stronnictwa Ludowego partia: PSL PKW-deklaracja: członek PSL; 2002 Samorząd KWW Centrum Samorządowe WYBRANY; 2006 Samorząd KWW Centrum Samorządowe; 2024 Samorząd KWW ANNY MALISZEWSKIEJ WYBRANY; 2018 Samorząd KOMITET WYBORCZY WYBORCÓW CENTRUM SAMORZĄDOWE CZOSNÓW PKW-deklaracja: Polskie Stronnictwo Ludowe WYBRANY; 2002 Samorząd KWW Centrum Samorządowe; 2010 Samorząd KOMITET WYBORCZY WYBORCÓW CENTRUM SAMORZĄDOWE PKW-deklaracja: członek Polskiego Stronnictwa Ludowego WYBRANY; 2014 Samorząd Komitet Wyborczy Wyborców Centrum Samorządowe Czosnów
10,Jacek Marcin Baczyński,4.01,11,https://autopush.koryta.pl/osoba/C9KK8GIe1SwasTy5YPy9,C9KK8GIe1SwasTy5YPy9,evidence=4 pipeline=5 pipeline-capture=5 pipeline-pagerank=2 pipeline-succession=3 pipeline-together=1 pipeline-turnover=3,3.83,https://rejestr.io/osoby/2197949,PiS,2020-06-18,"Rada Nadzorcza @ WOJEWÓDZKI SZPITAL SPECJALISTYCZNY W LEGNICY (KRS 0000163872, publiczna) 2020-06-18–2021-12-15",2018 Samorząd KOMITET WYBORCZY PRAWO I SPRAWIEDLIWOŚĆ partia: PiS; 2014 Samorząd Komitet Wyborczy Prawo i Sprawiedliwość partia: PiS; 2015 Sejm Komitet Wyborczy Prawo i Sprawiedliwość partia: PiS; 2010 Samorząd KOMITET WYBORCZY PRAWO I SPRAWIEDLIWOŚĆ partia: PiS WYBRANY; 2019 Parlament Europejski PKW-deklaracja: członek partii politycznej: Prawo i Sprawiedliwość; 2024 Samorząd KW PRAWO I SPRAWIEDLIWOŚĆ partia: PiS; 2006 Samorząd Komitet Wyborczy Prawo i Sprawiedliwość partia: PiS
11,Teresa Mazurek,4.00,12,https://autopush.koryta.pl/osoba/xWQvt45R5hZbatHWDRtz,xWQvt45R5hZbatHWDRtz,evidence=3 pipeline=5 pipeline-capture=5 pipeline-pagerank=2 pipeline-succession=1 pipeline-together=1,4.00,https://rejestr.io/osoby/1452975,,2026-04-23,"Rada Nadzorcza @ SAMODZIELNY PUBLICZNY ZAKŁAD OPIEKI ZDROWOTNEJ POWIATOWE POGOTOWIE RATUNKOWE W ŚWIDNICY (KRS 0000098817, publiczna) 2026-04-23–nadal",1998 Samorząd Komitet Wyborczy Nasza Wiejska Gmina- Nasz Powiat; 2006 Samorząd KWW Teresy Mazurek-Wspólna Gmina; 1998 Samorząd Komitet Wyborczy Nasza Wiejska Gmina-Nasz Powiat; 2018 Samorząd KOMITET WYBORCZY WYBORCÓW TERESY MAZUREK WSPÓLNA GMINA; 2010 Samorząd KOMITET WYBORCZY WYBORCÓW TERESY MAZUREK WSPÓLNA GMINA WYBRANY; 2002 Samorząd KWW Wspólnota Samorządowa; 2014 Samorząd Komitet Wyborczy Wyborców Teresy Mazurek Wspólna Gmina 58-100 Świdnica Panków 18A; 2018 Samorząd KOMITET WYBORCZY WYBORCÓW TERESY MAZUREK WSPÓLNA GMINA WYBRANY; 2024 Samorząd KWW WSPÓLNY POWIAT WYBRANY; 1994 Samorząd; 2002 Samorząd KWW Wspólnota Samorządowa
12,Witold Kozłowski,3.99,13,https://autopush.koryta.pl/osoba/Qu162ZT6oNDgE2HZG9yA,Qu162ZT6oNDgE2HZG9yA,evidence=3 pipeline=4 pipeline-capture=4 pipeline-facts=4 pipeline-pagerank=3 pipeline-succession=3 pipeline-together=2 pipeline-turnover=5,3.99,https://rejestr.io/osoby/1258289,"PO, PiS",2024-12-23,"Rada Nadzorcza @ MAŁOPOLSKA ORGANIZACJA TURYSTYCZNA (KRS 0000053654, publiczna) 2002-04-23–2006-06-23; Rada Nadzorcza @ PGE POLSKA GRUPA ENERGETYCZNA (KRS 0000059307, publiczna) 2016-11-25–2018-09-17; Rada Nadzorcza @ SZPITAL SPECJALISTYCZNY IM. JĘDRZEJA ŚNIADECKIEGO W NOWYM SĄCZU (KRS 0000029409, publiczna) 2024-12-23–nadal; Zarząd @ MAŁOPOLSKA ORGANIZACJA TURYSTYCZNA (KRS 0000053654, publiczna) 2006-06-23–2010-08-20; Rada Nadzorcza @ SZPITAL WOJEWÓDZKI IM.ŚW.ŁUKASZA SAMODZIELNY PUBLICZNY ZAKŁAD OPIEKI ZDROWOTNEJ W TARNOWIE (KRS 0000027124, publiczna) 2017-03-28–2019-08-30; Rada Nadzorcza @ WOJEWÓDZKI SZPITAL OKULISTYCZNY W KRAKOWIE (KRS 0000005551, publiczna) 2024-10-30–nadal",1998 Samorząd Komitet Wyborczy Akcja Wyborcza Solidarność; 2002 Samorząd KWW Wspólnota Małopolska; 2006 Samorząd Komitet Wyborczy Prawo i Sprawiedliwość partia: PiS; 2018 Samorząd KOMITET WYBORCZY PRAWO I SPRAWIEDLIWOŚĆ partia: PiS; 2014 Samorząd Komitet Wyborczy Prawo i Sprawiedliwość partia: PiS; 2010 Samorząd KOMITET WYBORCZY PLATFORMA OBYWATELSKA RP partia: PO; 2024 Samorząd KW PRAWO I SPRAWIEDLIWOŚĆ partia: PiS WYBRANY
13,Antoni Tarczyński,3.94,15,https://autopush.koryta.pl/osoba/CAcXhkiBVkmNoyzYsehZ,CAcXhkiBVkmNoyzYsehZ,evidence=4 pipeline=4 pipeline-capture=4 pipeline-pagerank=3 pipeline-turnover=4,3.75,https://rejestr.io/osoby/403205,PSL,2016-11-14,"Rada Nadzorcza @ MAZOWIECKI SZPITAL WOJEWÓDZKI DREWNICA (KRS 0000349207, publiczna) 2016-11-14–nadal; Rada Nadzorcza @ MAZOWIECKIE CENTRUM REHABILITACJI ""STOCER"" (KRS 0000337011, publiczna) 2009-09-16–2016-12-23; Rada Nadzorcza @ ELEWARR (KRS 0000102377, publiczna) 2002-03-25–2003-09-17",2007 Sejm Komitet Wyborczy Polskiego Stronnictwa Ludowego partia: PSL; 2001 Sejm Komitet Wyborczy Polskiego Stronnictwa Ludowego partia: PSL PKW-deklaracja: PSL; 2010 Samorząd KOMITET WYBORCZY WYBORCÓW TWÓJ POWIAT WYBRANY; 2005 Sejm Komitet Wyborczy Polskiego Stronnictwa Ludowego partia: PSL; 2002 Samorząd KW Polskiego Stronnictwa Ludowego partia: PSL; 2011 Sejm Komitet Wyborczy Polskie Stronnictwo Ludowe partia: PSL PKW-deklaracja: członek partii Polskie Stronnictwo Ludowe; 1994 Samorząd; 2014 Samorząd Komitet Wyborczy Wyborców Twój Powiat; 2018 Samorząd KOMITET WYBORCZY WYBORCÓW TWÓJ POWIAT; 2015 Sejm Komitet Wyborczy Polskie Stronnictwo Ludowe partia: PSL; 1993 Sejm Polskie Stronnictwo Ludowe; 2006 Samorząd Komitet Wyborczy Wyborców Twój Powiat; 2024 Samorząd KWW TWÓJ POWIAT WYBRANY; 1997 Sejm Naczelny Komitet Wykonawczy Polskiego Stronnictwa Ludowego partia: PSL; 1998 Samorząd Krajowy Komitet Wyborczy Przymierze Społeczne: PSL-UP-KPEiR partia: PSL; 1991 Sejm Polskie Stronnictwo Ludowe Sojusz Programowy PKW-deklaracja: PSL
14,Marian Ormaniec,3.93,16,https://autopush.koryta.pl/osoba/BkNemNw94yVh50hULMuE,BkNemNw94yVh50hULMuE,evidence=4 pipeline=4 pipeline-capture=3 pipeline-pagerank=3 pipeline-succession=2 pipeline-turnover=5,3.58,https://rejestr.io/osoby/1251547,PSL,2012-08-31,"Rada Nadzorcza @ SAMODZIELNY PUBLICZNY ZAKŁAD OPIEKI ZDROWOTNEJ SZPITAL KOLEJOWY W WILKOWICACH-BYSTREJ /S.P.Z.O.Z. SZPITAL KOLEJOWY W WILKOWICACH-BYSTREJ/ (KRS 0000031391, publiczna) 2012-03-26–2016-10-31; Zarząd @ BESKIDZKI HURT TOWAROWY (KRS 0000144861, publiczna) 2003-02-17–2006-12-27; Rada Nadzorcza @ ""BESKID-EKOSYSTEM"" SPÓŁKA Z OGRANICZONĄ ODPOWIEDZIALNOŚCIĄ (KRS 0000075906, publiczna) 2012-08-31–2012-11-20; Rada Nadzorcza @ FUNDACJA ROZWOJU (KRS 0000125573, prywatna/nieznana) 2002-08-01–2004-06-14; Rada Nadzorcza @ BESKID ŻYWIEC SPÓŁKA Z OGRANICZONĄ ODPOWIEDZIALNOŚCIĄ (KRS 0000094136, publiczna) 2012-02-06–2015-07-09","1998 Samorząd Komitet Wyborczy ""Forum Samorządowe""; 2001 Sejm Komitet Wyborczy Polskiego Stronnictwa Ludowego partia: PSL; 2019 Sejm KOMITET WYBORCZY POLSKIE STRONNICTWO LUDOWE partia: PSL PKW-deklaracja: członek partii politycznej: Polskie Stronnictwo Ludowe; 2010 Samorząd KOMITET WYBORCZY POLSKIE STRONNICTWO LUDOWE partia: PSL WYBRANY; 2005 Sejm Komitet Wyborczy Polskiego Stronnictwa Ludowego partia: PSL; 2002 Samorząd KWW Porozumienie Samorządowe Żywiecczyzny; 1993 Sejm Polskie Stronnictwo Ludowe; 2011 Sejm Komitet Wyborczy Polskie Stronnictwo Ludowe partia: PSL PKW-deklaracja: członek partii Polskie Stronnictwo Ludowe; 2006 Samorząd Komitet Wyborczy Polskiego Stronnictwa Ludowego partia: PSL; 2018 Samorząd KOMITET WYBORCZY WYBORCÓW POROZUMIENIE SAMORZĄDOWE POWIATU ŻYWIECKIEGO; 2014 Samorząd Komitet Wyborczy Wyborców Porozumienie Samorządowe; 2009 Parlament Europejski Komitet Wyborczy Polskie Stronnictwo Ludowe partia: PSL; 2007 Sejm Komitet Wyborczy Polskiego Stronnictwa Ludowego partia: PSL; 2018 Samorząd KOMITET WYBORCZY WYBORCÓW POROZUMIENIE SAMORZĄDOWE POWIATU ŻYWIECKIEGO PKW-deklaracja: Polskie Stronnictwo Ludowe; 1994 Samorząd; 2014 Samorząd Komitet Wyborczy Wyborców Porozumienie Samorządowe"
15,Wojciech Dariusz Godlewski,3.91,17,https://autopush.koryta.pl/osoba/PWbYY5wK6HUa5QfW2SNN,PWbYY5wK6HUa5QfW2SNN,evidence=3 pipeline=4 pipeline-capture=5 pipeline-pagerank=3,3.91,https://rejestr.io/osoby/1125269,PO,2026-05-22,"Rada Nadzorcza @ SAMODZIELNY ZESPÓŁ PUBLICZNYCH ZAKŁADÓW LECZNICTWA OTWARTEGO WARSZAWA - WAWER (KRS 0000089156, publiczna) 2026-05-22–nadal","2018 Samorząd KOALICYJNY KOMITET WYBORCZY PLATFORMA.NOWOCZESNA KOALICJA OBYWATELSKA partia: PO; 2024 Samorząd KKW KOALICJA OBYWATELSKA partia: PO; 2010 Samorząd KOMITET WYBORCZY ""WAWER 2002""; 2014 Samorząd Komitet Wyborczy Wyborców Wawerska Inicjatywa Samorządowa"
16,Andrzej Kredkowski,3.91,18,https://autopush.koryta.pl/osoba/jRxESJP09Y3xCMrTHzH3,jRxESJP09Y3xCMrTHzH3,evidence=4 pipeline=5 pipeline-capture=3 pipeline-pagerank=2 pipeline-succession=3 pipeline-together=1,3.67,https://rejestr.io/osoby/3143980,PiS,2023-08-16,"Rada Nadzorcza @ WOJEWÓDZKIE CENTRUM SZPITALNE KOTLINY JELENIOGÓRSKIEJ (KRS 0000083901, publiczna) 2023-08-09–nadal; Rada Nadzorcza @ WOJEWÓDZKIE PRZEDSIĘBIORSTWO ENERGETYKI CIEPLNEJ W LEGNICY (KRS 0000081828, publiczna) 2023-08-16–2024-06-20",2002 Samorząd KWW PRZYMIERZE SAMORZĄDOWE; 2019 Sejm KOMITET WYBORCZY PRAWO I SPRAWIEDLIWOŚĆ partia: PiS PKW-deklaracja: członek partii politycznej: Prawo i Sprawiedliwość; 2010 Samorząd KOMITET WYBORCZY PRAWO I SPRAWIEDLIWOŚĆ partia: PiS; 2018 Samorząd KOMITET WYBORCZY PRAWO I SPRAWIEDLIWOŚĆ partia: PiS; 2024 Samorząd KW PRAWO I SPRAWIEDLIWOŚĆ partia: PiS WYBRANY; 2014 Samorząd Komitet Wyborczy Prawo i Sprawiedliwość partia: PiS; 2004 Parlament Europejski Komitet Wyborczy Liga Polskich Rodzin PKW-deklaracja: Liga Polskich Rodzin
17,Henryk Czesław Gawor,3.90,19,https://autopush.koryta.pl/osoba/f5DcLFuP4yXf6vnnEEd2,f5DcLFuP4yXf6vnnEEd2,evidence=4 pipeline=4 pipeline-capture=5 pipeline-pagerank=2 pipeline-succession=1 pipeline-turnover=4,3.73,https://rejestr.io/osoby/952969,PiS,2024-06-17,"Rada Nadzorcza @ SOLNE MIASTO (KRS 0000336614, publiczna) 2024-06-17–nadal; Rada Nadzorcza @ STOWARZYSZENIE METROPOLIA KRAKOWSKA (KRS 0000514292, prywatna/nieznana) 2014-06-24–2019-04-08",2006 Samorząd Komitet Wyborczy Prawo i Sprawiedliwość partia: PiS; 2024 Samorząd KW PRAWO I SPRAWIEDLIWOŚĆ partia: PiS WYBRANY; 2010 Samorząd KOMITET WYBORCZY PRAWO I SPRAWIEDLIWOŚĆ partia: PiS WYBRANY; 2018 Samorząd KOMITET WYBORCZY PRAWO I SPRAWIEDLIWOŚĆ partia: PiS; 2010 Samorząd KOMITET WYBORCZY PRAWO I SPRAWIEDLIWOŚĆ partia: PiS PKW-deklaracja: członek Prawa i Sprawiedliwości WYBRANY; 2014 Samorząd Komitet Wyborczy Wyborców Wójta Henryka Gawora
18,Michał Marcin Rado,3.89,20,https://autopush.koryta.pl/osoba/Iad0zvwJemI5SJAOdFZU,Iad0zvwJemI5SJAOdFZU,evidence=4 pipeline=3 pipeline-capture=4 pipeline-pagerank=3 pipeline-succession=3 pipeline-together=1 pipeline-turnover=5,3.71,https://rejestr.io/osoby/2794343,PO,2025-07-07,"Rada Nadzorcza @ MIEJSKIE PRZEDSIĘBIORSTWO OCZYSZCZANIA SPÓŁKA Z OGRANICZONĄ ODPOWIEDZIALNOŚCIĄ W LUBINIE (KRS 0000141601, publiczna) 2024-11-06–nadal; Rada Nadzorcza @ MIEJSKIE PRZEDSIĘBIORSTWO KOMUNIKACYJNE (KRS 0000027173, publiczna) 2025-07-07–nadal; Zarząd @ DOLNOŚLĄSKA AGENCJA WSPÓŁPRACY GOSPODARCZEJ (KRS 0000213275, publiczna) 2021-03-29–2024-06-11; Rada Nadzorcza @ DOLNOŚLĄSKIE CENTRUM MEDYCZNE DOLMED (KRS 0000242837, prywatna/nieznana) 2020-10-01–2024-11-20; Zarząd @ STOWARZYSZENIE ""RZECZPOSPOLITA SAMORZĄDNA"" (KRS 0000723501, prywatna/nieznana) 2022-12-01–2024-08-02; Rada Nadzorcza @ PRZEDSIĘBIORSTWO GOSPODARKI KOMUNALNEJ SPÓŁKA Z OGRANICZONĄ ODPOWIEDZIALNOŚCIĄ W WISZNI MAŁEJ (KRS 0000465303, publiczna) 2024-08-23–2025-07-16",2018 Samorząd KOMITET WYBORCZY WYBORCÓW NASZA GMINA OŁAWA; 2024 Samorząd KW STOWARZYSZENIE „BEZPARTYJNI SAMORZĄDOWCY” WYBRANY; 2023 Senat KOMITET WYBORCZY BEZPARTYJNI SAMORZĄDOWCY PKW-deklaracja: członek partii politycznej: Bezpartyjni Samorządowcy-Łączy nas Polska; 2010 Samorząd KOMITET WYBORCZY WYBORCÓW GOSPODARNA GMINA OŁAWA; 2014 Samorząd Komitet Wyborczy Platforma Obywatelska RP partia: PO
19,Dariusz Pilśniak,3.88,21,https://autopush.koryta.pl/osoba/eUBhK0Gi9jTnhWPlG37T,eUBhK0Gi9jTnhWPlG37T,evidence=3 pipeline=4 pipeline-capture=5 pipeline-pagerank=2 pipeline-succession=4 pipeline-together=1 pipeline-turnover=4,3.88,https://rejestr.io/osoby/969841,"PSL, Polska 2050",2024-09-27,"Zarząd @ ZWIĄZEK GMIN I POWIATÓW SUBREGIONU PÓŁNOCNEGO WOJEWÓDZTWA ŚLĄSKIEGO (KRS 0000821458, prywatna/nieznana) 2024-07-01–nadal; Rada Nadzorcza @ ZESPÓŁ OPIEKI ZDROWOTNEJ W KŁOBUCKU (KRS 0000005621, publiczna) 2024-09-27–nadal",2002 Samorząd KW Polskiego Stronnictwa Ludowego partia: PSL; 2024 Samorząd KKW TRZECIA DROGA PSL-PL2050 SZYMONA HOŁOWNI WYBRANY; 2014 Samorząd Komitet Wyborczy Wyborców Koalicja Samorządowa; 2018 Samorząd KOMITET WYBORCZY WYBORCÓW SAMORZĄD KOMPETENTNYCH LUDZI; 2010 Samorząd KOMITET WYBORCZY POLSKIE STRONNICTWO LUDOWE partia: PSL WYBRANY
20,Witold Marek Wróblewski,3.87,22,https://autopush.koryta.pl/osoba/eIDYcRWf2NKYU3TzrCQx,eIDYcRWf2NKYU3TzrCQx,evidence=4 pipeline=3 pipeline-capture=4 pipeline-pagerank=2 pipeline-together=1 pipeline-turnover=5,3.69,https://rejestr.io/osoby/863761,"PSL, Polska 2050",2024-04-19,"Rada Nadzorcza @ ROLNO-SPOŻYWCZY RYNEK HURTOWY ""GIEŁDA ELBLĄSKA"" (KRS 0000064518, publiczna) 2024-04-19–2026-06-03; Rada Nadzorcza @ WARMIA I MAZURY SPÓŁKA Z OGRANICZONĄ ODPOWIEDZIALNOŚCIĄ (KRS 0000399439, publiczna) 2011-10-18–2015-03-10; Rada Nadzorcza @ SZPITAL MIEJSKI ŚW. JANA PAWŁA II W ELBLĄGU (KRS 0000394336, publiczna) 2015-11-06–2022-04-12",2018 Samorząd KOMITET WYBORCZY WYBORCÓW WITOLDA WRÓBLEWSKIEGO PKW-deklaracja: Polskie Stronnictwo Ludowe; 2014 Samorząd Komitet Wyborczy Wyborców WITOLDA WRÓBLEWSKIEGO; 2024 Samorząd KKW TRZECIA DROGA PSL-PL2050 SZYMONA HOŁOWNI; 2018 Samorząd KOMITET WYBORCZY WYBORCÓW WITOLDA WRÓBLEWSKIEGO; 2010 Samorząd KOMITET WYBORCZY STOWARZYSZENIA ELBLĄSKI DOBRY SAMORZĄD; 2011 Sejm Komitet Wyborczy Polskie Stronnictwo Ludowe partia: PSL PKW-deklaracja: nie należy do partii politycznej; 2018 Samorząd KOMITET WYBORCZY WYBORCÓW WITOLDA WRÓBLEWSKIEGO PKW-deklaracja: Polskie Stronnictwo Ludowe WYBRANY; 2014 Samorząd Komitet Wyborczy Wyborców WITOLDA WRÓBLEWSKIEGO
21,Leszek Jan Świętochowski,3.86,23,https://autopush.koryta.pl/osoba/jM0CrBub6Bi2FJvvezLL,jM0CrBub6Bi2FJvvezLL,evidence=4 pipeline=4 pipeline-capture=2 pipeline-pagerank=3 pipeline-succession=4 pipeline-together=2 pipeline-turnover=5,3.69,https://rejestr.io/osoby/698316,"PSL, Polska 2050",2026-02-03,"Rada Nadzorcza @ POLSKI ZWIĄZEK PRZEDSIĘBIORCÓW HANDLUJĄCYCH CUKREM (KRS 0000271705, prywatna/nieznana) 2026-02-03–nadal; Rada Nadzorcza @ KRAJOWA GRUPA SPOŻYWCZA (KRS 0000084678, publiczna) 2024-12-16–2025-04-23; Zarząd @ ZWIĄZEK PRODUCENTÓW CUKRU W POLSCE (KRS 0000143125, prywatna/nieznana) 2026-02-02–nadal; Zarząd @ KRAJOWA GRUPA SPOŻYWCZA (KRS 0000084678, publiczna) 2025-04-23–nadal; Zarząd @ ""STADNINA KONI JANÓW PODLASKI"" SPÓŁKA Z OGRANICZONĄ ODPOWIEDZIALNOŚCIĄ (KRS 0000109401, prywatna/nieznana) 2024-05-10–2025-04-09; Rada Nadzorcza @ ZAKŁAD GOSPODARKI KOMUNALNEJ GMINY STANIN (KRS 0000674478, prywatna/nieznana) 2019-08-07–2024-01-22; Rada Nadzorcza @ ELEWARR (KRS 0000102377, publiczna) 2014-07-18–2016-02-09",1998 Samorząd Krajowy Komitet Wyborczy Przymierze Społeczne: PSL-UP-KPEiR partia: PSL; 2001 Sejm Komitet Wyborczy Polskiego Stronnictwa Ludowego partia: PSL PKW-deklaracja: Polskie Stronnictwo Ludowe; 2007 Sejm Komitet Wyborczy Polskiego Stronnictwa Ludowego partia: PSL; 1994 Samorząd; 2018 Samorząd KOMITET WYBORCZY POLSKIE STRONNICTWO LUDOWE partia: PSL; 2015 Sejm Komitet Wyborczy Polskie Stronnictwo Ludowe partia: PSL; 2010 Samorząd KOMITET WYBORCZY POLSKIE STRONNICTWO LUDOWE partia: PSL WYBRANY; 2011 Sejm Komitet Wyborczy Polskie Stronnictwo Ludowe partia: PSL PKW-deklaracja: członek partii PSL; 2023 Sejm KOALICYJNY KOMITET WYBORCZY TRZECIA DROGA POLSKA 2050 SZYMONA HOŁOWNI - POLSKIE STRONNICTWO LUDOWE PKW-deklaracja: członek partii politycznej: Polskie Stronnictwo Ludowe; 2005 Sejm Komitet Wyborczy Polskiego Stronnictwa Ludowego partia: PSL; 2009 Parlament Europejski Komitet Wyborczy Polskie Stronnictwo Ludowe partia: PSL; 2006 Samorząd Komitet Wyborczy Polskiego Stronnictwa Ludowego partia: PSL; 2004 Parlament Europejski Komitet Wyborczy Polskiego Stronnictwa Ludowego partia: PSL PKW-deklaracja: Polskie Stronnictwo Ludowe; 2014 Samorząd Komitet Wyborczy Polskie Stronnictwo Ludowe partia: PSL; 1997 Sejm Naczelny Komitet Wykonawczy Polskiego Stronnictwa Ludowego partia: PSL
22,Rudolf Galocz,3.85,24,https://autopush.koryta.pl/osoba/madwDjuGRexE4CPEW457,madwDjuGRexE4CPEW457,evidence=3 pipeline=4 pipeline-capture=5 pipeline-pagerank=3 pipeline-succession=3 pipeline-together=1,4.11,https://rejestr.io/osoby/1451620,SLD,2008-10-13,"Rada Nadzorcza @ SAMODZIELNY PUBLICZNY ZAKŁAD OPIEKI ZDROWOTNEJ SZPITAL KOLEJOWY W WILKOWICACH-BYSTREJ /S.P.Z.O.Z. SZPITAL KOLEJOWY W WILKOWICACH-BYSTREJ/ (KRS 0000031391, publiczna) 2005-04-13–2009-03-09; Rada Nadzorcza @ OBWÓD LECZNICTWA KOLEJOWEGO - S.P.Z.O.Z. W BIELSKU-BIAŁEJ (KRS 0000132016, publiczna) 2008-10-13–2012-01-25; Rada Nadzorcza @ BESKIDZKI ZESPÓŁ LECZNICZO-REHABILITACYJNY SZPITAL OPIEKI DŁUGOTERMINOWEJ W JAWORZU (KRS 0000179093, publiczna) 2005-08-01–2008-02-26; Rada Nadzorcza @ PSYCHIATRYCZNY ZAKŁAD OPIEKUŃCZO-LECZNICZY (KRS 0000118523, prywatna/nieznana) 2008-08-25–2013-04-30","1998 Samorząd Komitet Wyborczy ""O Przyszłość Jaworza""; 1994 Samorząd; 2010 Samorząd KOMITET WYBORCZY SOJUSZ LEWICY DEMOKRATYCZNEJ partia: SLD; 2002 Samorząd Koalicyjny KW Sojusz Lewicy Demokratycznej - Unia Pracy partia: SLD; 2006 Samorząd Komitet Wyborczy Wyborców ""Przyjazny Samorząd""; 2002 Samorząd Koalicyjny KW Sojusz Lewicy Demokratycznej - Unia Pracy partia: SLD"
23,Jolanta Koczorowska,3.84,25,https://autopush.koryta.pl/osoba/M84EY5Xq7Npr9MMENc5s,M84EY5Xq7Npr9MMENc5s,evidence=4 pipeline=4 pipeline-capture=4 pipeline-pagerank=3 pipeline-succession=2 pipeline-together=1 pipeline-turnover=4,3.66,https://rejestr.io/osoby/940497,PO,2022-07-04,"Rada Nadzorcza @ MIEJSKIE PRZEDSIĘBIORSTWO TAKSÓWKOWE (KRS 0000101427, prywatna/nieznana) 2015-02-17–2021-05-07; Rada Nadzorcza @ FUNDACJA ""NIKT NIE ZOSTAJE"" (KRS 0000499206, prywatna/nieznana) 2022-07-04–nadal; Rada Nadzorcza @ MIĘDZYLESKI SZPITAL SPECJALISTYCZNY W WARSZAWIE (KRS 0000080872, publiczna) 2012-12-20–2021-03-02; Rada Nadzorcza @ MAZOWIECKIE CENTRUM LECZENIA CHORÓB PŁUC I GRUŹLICY (KRS 0000080790, publiczna) 2014-11-13–nadal; Rada Nadzorcza @ SULEJÓWEK INWESTYCJE SPÓŁKA Z OGRANICZONĄ ODPOWIEDZIALNOŚCIĄ (KRS 0000295077, publiczna) 2012-04-13–2013-10-18; Rada Nadzorcza @ MAZOWIECKIE CENTRUM NEUROPSYCHIATRII (KRS 0000336643, publiczna) 2021-02-02–nadal",1998 Samorząd Komitet Wyborczy AWS; 1994 Samorząd; 2006 Samorząd Komitet Wyborczy Platforma Obywatelska RP partia: PO; 2014 Samorząd Komitet Wyborczy Platforma Obywatelska RP partia: PO; 2010 Samorząd KOMITET WYBORCZY PLATFORMA OBYWATELSKA RP partia: PO WYBRANY; 2015 Sejm Komitet Wyborczy Platforma Obywatelska RP partia: PO; 1991 Sejm Porozumienie Obywatelskie Centrum; 2018 Samorząd KOALICYJNY KOMITET WYBORCZY PLATFORMA.NOWOCZESNA KOALICJA OBYWATELSKA partia: PO; 2019 Sejm KOALICYJNY KOMITET WYBORCZY KOALICJA OBYWATELSKA PO .N IPL ZIELONI partia: PO PKW-deklaracja: członek partii politycznej: Platforma Obywatelska RP; 2024 Samorząd KKW KOALICJA OBYWATELSKA partia: PO; 2002 Samorząd KWW Inicjatywa Społeczna Wspólnota Samorządowa; 2005 Sejm Komitet Wyborczy Platforma Obywatelska RP partia: PO
24,Barbara Szeflińska,3.84,26,https://autopush.koryta.pl/osoba/hzaGq5iX6AoDc1yNSVAi,hzaGq5iX6AoDc1yNSVAi,evidence=4 pipeline=4 pipeline-capture=5 pipeline-pagerank=3 pipeline-turnover=3,3.65,https://rejestr.io/osoby/1394328,SLD,2014-02-03,"Zarząd @ WIELKOPOLSKIE CENTRUM RATOWNICTWA MEDYCZNEGO (KRS 0000496614, publiczna) 2014-02-03–nadal; Zarząd @ AGENCJA ROZWOJU REGIONALNEGO SPÓŁKA AKCYJNA W KONINIE (KRS 0000053695, prywatna/nieznana) 2003-09-19–2004-12-21",1998 Samorząd Krajowy Komitet Wyborczy Sojuszu Lewicy Demokratycznej partia: SLD; 2010 Samorząd KOMITET WYBORCZY SOJUSZ LEWICY DEMOKRATYCZNEJ partia: SLD; 2002 Samorząd Koalicyjny KW Sojusz Lewicy Demokratycznej - Unia Pracy partia: SLD; 1993 Sejm Sojusz Lewicy Demokratycznej PKW-deklaracja: SdRP; 2014 Samorząd Koalicyjny Komitet Wyborczy SLD Lewica Razem partia: SLD; 2001 Sejm Koalicyjny Komitet Wyborczy Sojusz Lewicy Demokratycznej - Unia Pracy PKW-deklaracja: członek SLD; 2006 Samorząd Koalicyjny Komitet Wyborczy SLD+SDPL+PD+UP Lewica i Demokraci partia: SLD
25,Mirosław Ślifirczyk,3.83,27,https://autopush.koryta.pl/osoba/AQhNYZoyWo9XTkBobZoJ,AQhNYZoyWo9XTkBobZoJ,evidence=4 pipeline=4 pipeline-capture=4 pipeline-pagerank=2,3.57,https://rejestr.io/osoby/401051,"PSL, Polska 2050",2013-12-17,"Rada Nadzorcza @ MAZOWIECKI SZPITAL SPECJALISTYCZNY SPÓŁKA Z OGRANICZONĄ ODPOWIEDZIALNOŚCIĄ (KRS 0000490819, publiczna) 2013-12-17–nadal",2006 Samorząd Komitet Wyborczy Polskiego Stronnictwa Ludowego partia: PSL; 2010 Samorząd KOMITET WYBORCZY POLSKIE STRONNICTWO LUDOWE partia: PSL WYBRANY; 2010 Samorząd KOMITET WYBORCZY POLSKIE STRONNICTWO LUDOWE partia: PSL PKW-deklaracja: członek Polskiego Stronnictwa Ludowego; 2014 Samorząd Komitet Wyborczy Polskie Stronnictwo Ludowe partia: PSL; 2011 Sejm Komitet Wyborczy Polskie Stronnictwo Ludowe partia: PSL PKW-deklaracja: członek partii Polskie Stronnictwo Ludowe; 2002 Samorząd KW Polskiego Stronnictwa Ludowego partia: PSL; 1998 Samorząd Krajowy Komitet Wyborczy Przymierze Społeczne: PSL-UP-KPEiR partia: PSL; 2018 Samorząd KOMITET WYBORCZY POLSKIE STRONNICTWO LUDOWE partia: PSL; 2023 Sejm KOALICYJNY KOMITET WYBORCZY TRZECIA DROGA POLSKA 2050 SZYMONA HOŁOWNI - POLSKIE STRONNICTWO LUDOWE PKW-deklaracja: członek partii politycznej: Polskie Stronnictwo Ludowe; 2024 Samorząd KKW TRZECIA DROGA PSL-PL2050 SZYMONA HOŁOWNI WYBRANY; 2019 Sejm KOMITET WYBORCZY POLSKIE STRONNICTWO LUDOWE partia: PSL PKW-deklaracja: członek partii politycznej: Polskie Stronnictwo Ludowe; 2002 Samorząd KW Polskiego Stronnictwa Ludowego partia: PSL; 2014 Samorząd Komitet Wyborczy Polskie Stronnictwo Ludowe partia: PSL
26,Ewa Malik,3.83,28,https://autopush.koryta.pl/osoba/Cf8pyKrczlGAhvmrSigl,Cf8pyKrczlGAhvmrSigl,evidence=4 pipeline=5 pipeline-capture=3 pipeline-pagerank=2 pipeline-succession=1 pipeline-together=1 pipeline-turnover=4,3.65,https://rejestr.io/osoby/2751996,PiS,2024-05-21,"Rada Nadzorcza @ WOJEWÓDZKI SZPITAL SPECJALISTYCZNY NR 5 IM. ŚW. BARBARY W SOSNOWCU (KRS 0000003544, publiczna) 2020-02-25–2023-12-21; Rada Nadzorcza @ WOJEWÓDZKI SZPITAL SPECJALISTYCZNY NR 5 IM. ŚW. BARBARY W SOSNOWCU (KRS 0000003544, publiczna) 2024-05-21–nadal","1994 Samorząd; 2023 Sejm KOMITET WYBORCZY PRAWO I SPRAWIEDLIWOŚĆ partia: PiS PKW-deklaracja: członek partii politycznej: Prawo i Sprawiedliwość WYBRANY; 2005 Sejm Komitet Wyborczy Prawo i Sprawiedliwość partia: PiS; 2014 Parlament Europejski Komitet Wyborczy Prawo i Sprawiedliwość partia: PiS PKW-deklaracja: członek partii Prawo i Sprawiedliwość; 2002 Samorząd KWW Platforma Sprawiedliwości i Wolności z Karolem Winiarskim dla Sosnowca; 2011 Sejm Komitet Wyborczy Prawo i Sprawiedliwość partia: PiS PKW-deklaracja: członek partii Prawo i Sprawiedliwość WYBRANY; 2007 Sejm Komitet Wyborczy Prawo i Sprawiedliwość partia: PiS; 2001 Sejm Komitet Wyborczy ""Prawo i Sprawiedliwość""; 2015 Sejm Komitet Wyborczy Prawo i Sprawiedliwość partia: PiS; 2019 Sejm KOMITET WYBORCZY PRAWO I SPRAWIEDLIWOŚĆ partia: PiS PKW-deklaracja: członek partii politycznej: Prawo i Sprawiedliwość WYBRANY; 1998 Samorząd Komitet Wyborczy Akcja Wyborcza Solidarność; 2024 Parlament Europejski KOMITET WYBORCZY PRAWO I SPRAWIEDLIWOŚĆ partia: PiS PKW-deklaracja: członek partii politycznej: Prawo i Sprawiedliwość"
27,Maciej Patryk Kupaj,3.83,29,https://autopush.koryta.pl/osoba/LBC8VWTrCL0j66rxxPEt,LBC8VWTrCL0j66rxxPEt,evidence=4 pipeline=3 pipeline-capture=5 pipeline-pagerank=3 pipeline-together=2 pipeline-turnover=4,3.65,https://rejestr.io/osoby/1301437,PO,2025-09-17,"Rada Nadzorcza @ WOJEWÓDZKI SZPITAL SPECJALISTYCZNY W LEGNICY (KRS 0000163872, publiczna) 2015-04-17–2020-06-18; Rada Nadzorcza @ STREFA 3D (KRS 0000427825, publiczna) 2012-07-25–nadal; Rada Nadzorcza @ TELEWIZJA TVD (KRS 0000468429, publiczna) 2013-07-04–2015-11-16; Rada Nadzorcza @ ZWIĄZEK PRACODAWCÓW POLSKA MIEDŹ (KRS 0000126828, prywatna/nieznana) 2025-09-17–nadal; Zarząd @ STOWARZYSZENIE FUNTRI (KRS 0000388672, prywatna/nieznana) 2011-06-09–2016-12-29",2010 Samorząd KOMITET WYBORCZY PLATFORMA OBYWATELSKA RP partia: PO; 2014 Samorząd Komitet Wyborczy Platforma Obywatelska RP partia: PO; 2024 Samorząd KKW KOALICJA OBYWATELSKA partia: PO PKW-deklaracja: członek partii politycznej: Platforma Obywatelska RP; 2018 Samorząd KOALICYJNY KOMITET WYBORCZY PLATFORMA.NOWOCZESNA KOALICJA OBYWATELSKA partia: PO; 2002 Samorząd KWW POPIS; 2024 Samorząd KKW KOALICJA OBYWATELSKA partia: PO WYBRANY
28,Urszula Teresa Nowogórska,3.83,30,https://autopush.koryta.pl/osoba/Np2pr2D4yTdwMxwNDDb1,Np2pr2D4yTdwMxwNDDb1,evidence=4 pipeline=3 pipeline-capture=4 pipeline-pagerank=3 pipeline-succession=2 pipeline-turnover=5,3.66,https://rejestr.io/osoby/1043660,"PSL, Polska 2050",2024-12-23,"Zarząd @ MAŁOPOLSKA ORGANIZACJA TURYSTYCZNA (KRS 0000053654, publiczna) 2019-03-01–2019-07-05; Rada Nadzorcza @ SZPITAL SPECJALISTYCZNY IM. JĘDRZEJA ŚNIADECKIEGO W NOWYM SĄCZU (KRS 0000029409, publiczna) 2024-12-23–nadal; Rada Nadzorcza @ 5 WOJSKOWY SZPITAL KLINICZNY Z POLIKLINIKĄ-SAMODZIELNY PUBLICZNY ZAKŁAD OPIEKI ZDROWOTNEJ W KRAKOWIE (KRS 0000032272, publiczna) 2018-03-22–2021-04-26",2023 Sejm KOALICYJNY KOMITET WYBORCZY TRZECIA DROGA POLSKA 2050 SZYMONA HOŁOWNI - POLSKIE STRONNICTWO LUDOWE PKW-deklaracja: członek partii politycznej: Polskie Stronnictwo Ludowe WYBRANY; 2006 Samorząd Komitet Wyborczy Polskiego Stronnictwa Ludowego partia: PSL; 2014 Samorząd Komitet Wyborczy Polskie Stronnictwo Ludowe partia: PSL; 2018 Samorząd KOMITET WYBORCZY POLSKIE STRONNICTWO LUDOWE partia: PSL; 2009 Parlament Europejski Komitet Wyborczy Polskie Stronnictwo Ludowe partia: PSL; 2019 Sejm KOMITET WYBORCZY POLSKIE STRONNICTWO LUDOWE partia: PSL PKW-deklaracja: członek partii politycznej: PSL WYBRANY; 2010 Samorząd KOMITET WYBORCZY POLSKIE STRONNICTWO LUDOWE partia: PSL; 2024 Parlament Europejski KOALICYJNY KOMITET WYBORCZY TRZECIA DROGA POLSKA 2050 SZYMONA HOŁOWNI - POLSKIE STRONNICTWO LUDOWE PKW-deklaracja: członek partii politycznej: Polskie Stronnictwo Ludowe
29,Zbigniew Jan Ziemba,3.83,31,https://autopush.koryta.pl/osoba/p8Y16FBzohSHu1M6boMd,p8Y16FBzohSHu1M6boMd,evidence=4 pipeline=5 pipeline-capture=3 pipeline-pagerank=2 pipeline-succession=1 pipeline-together=1 pipeline-turnover=4,3.65,https://rejestr.io/osoby/2751159,PiS,2024-03-06,"Rada Nadzorcza @ ZAKŁAD WODOCIĄGÓW I KANALIZACJI ""WOD.-KAN."" (KRS 0000109360, publiczna) 2020-02-27–2024-07-03; Rada Nadzorcza @ SZPITAL WOJEWÓDZKI IM. JANA PAWŁA II W BEŁCHATOWIE (KRS 0000006103, publiczna) 2024-03-06–2024-10-24",2024 Samorząd KWW WSPÓLNA GMINA MIESZKAŃCÓW PKW-deklaracja: członek partii politycznej: Prawo i Sprawiedliwość; 2014 Samorząd Komitet Wyborczy Prawo i Sprawiedliwość partia: PiS; 2006 Samorząd Komitet Wyborczy Prawo i Sprawiedliwość partia: PiS; 2019 Sejm KOMITET WYBORCZY PRAWO I SPRAWIEDLIWOŚĆ partia: PiS PKW-deklaracja: członek partii politycznej: Prawo i Sprawiedliwość; 2010 Samorząd KOMITET WYBORCZY PRAWO I SPRAWIEDLIWOŚĆ partia: PiS WYBRANY; 2018 Samorząd KOMITET WYBORCZY PRAWO I SPRAWIEDLIWOŚĆ partia: PiS
30,Szymon Edward Zyberyng,3.82,32,https://autopush.koryta.pl/osoba/nYBANMhb0CmWWDgbGspK,nYBANMhb0CmWWDgbGspK,evidence=3 pipeline=4 pipeline-capture=4 pipeline-pagerank=3 pipeline-succession=5 pipeline-together=2 pipeline-turnover=4,3.82,https://rejestr.io/osoby/277771,PiS,2025-05-29,"Rada Nadzorcza @ ZAKŁAD GOSPODARKI CIEPŁOWNICZEJ W TOMASZOWIE MAZOWIECKIM (KRS 0000137016, publiczna) 2015-04-02–2020-01-09; Rada Nadzorcza @ ZAKŁAD GOSPODARKI CIEPŁOWNICZEJ W TOMASZOWIE MAZOWIECKIM (KRS 0000137016, publiczna) 2025-05-29–nadal; Rada Nadzorcza @ ZAKŁAD GOSPODARKI WODNO-KANALIZACYJNEJ W TOMASZOWIE MAZOWIECKIM (KRS 0000125241, publiczna) 2020-06-05–2025-01-23; Rada Nadzorcza @ INWESTYCJE MEDYCZNE ŁÓDZKIEGO (KRS 0000507870, publiczna) 2019-12-03–2022-02-09; Rada Nadzorcza @ PRZEDSIĘBIORSTWO GOSPODARKI KOMUNALNEJ (KRS 0000045812, publiczna) 2007-03-20–2007-05-09; Rada Nadzorcza @ WODOCIĄGI MIEJSKIE W RADOMIU (KRS 0000033438, publiczna) 2007-03-19–2012-06-25; Rada Nadzorcza @ TOMASZOWSKIE CENTRUM ZDROWIA (KRS 0000312959, publiczna) 2020-02-28–2020-06-18","1991 Sejm Kongres Liberalno-Demokratyczny; 2010 Samorząd KOMITET WYBORCZY PRAWO I SPRAWIEDLIWOŚĆ partia: PiS; 2001 Sejm Komitet Wyborczy ""Prawo i Sprawiedliwość""; 2014 Samorząd Komitet Wyborczy Prawo i Sprawiedliwość partia: PiS; 2024 Samorząd KW PRAWO I SPRAWIEDLIWOŚĆ partia: PiS WYBRANY; 2018 Samorząd KOMITET WYBORCZY PRAWO I SPRAWIEDLIWOŚĆ partia: PiS"
31,Mirosław Duży,3.80,33,https://autopush.koryta.pl/osoba/ZzVGVRuQgPnmJQIbSceh,ZzVGVRuQgPnmJQIbSceh,evidence=4 pipeline=4 pipeline-capture=2 pipeline-facts=4 pipeline-pagerank=3 pipeline-succession=2 pipeline-together=1 pipeline-turnover=5,3.65,https://rejestr.io/osoby/1230136,PO,2025-08-29,"Rada Nadzorcza @ PRZEDSIĘBIORSTWO ENERGETYKI CIEPLNEJ (KRS 0000101552, publiczna) 2002-03-22–2011-04-19; Rada Nadzorcza @ FUNDUSZ GÓRNOŚLĄSKI (KRS 0000042922, prywatna/nieznana) 2024-07-24–nadal; Zarząd @ PRZEDSIĘBIORSTWO GOSPODARKI KOMUNALNEJ I MIESZKANIOWEJ SPÓŁKA Z OGRANICZONĄ ODPOWIEDZIALNOŚCIĄ (KRS 0000120669, publiczna) 2011-03-28–2019-01-08; Rada Nadzorcza @ ŚLĄSKIE CENTRUM REUMATOLOGII IM. GEN. JERZEGO ZIĘTKA W USTRONIU SPÓŁKA Z OGRANICZONĄ ODPOWIEDZIALNOŚCIĄ (KRS 0000527630, publiczna) 2014-10-16–2019-05-24; Rada Nadzorcza @ REJONOWE PRZEDSIĘBIORSTWO WODOCIĄGÓW I KANALIZACJI W TYCHACH SPÓŁKA AKCYJNA (KRS 0000219629, prywatna/nieznana) 2019-07-10–2024-07-22; Rada Nadzorcza @ REJONOWE PRZEDSIĘBIORSTWO WODOCIĄGÓW I KANALIZACJI W TYCHACH SPÓŁKA AKCYJNA (KRS 0000219629, prywatna/nieznana) 2025-08-29–nadal; Rada Nadzorcza @ OŚRODEK TERAPII NERWIC DLA DZIECI I MŁODZIEŻY (KRS 0000039962, publiczna) 2018-06-07–nadal","2018 Samorząd KOALICYJNY KOMITET WYBORCZY PLATFORMA.NOWOCZESNA KOALICJA OBYWATELSKA partia: PO; 2019 Sejm KOALICYJNY KOMITET WYBORCZY KOALICJA OBYWATELSKA PO .N IPL ZIELONI partia: PO PKW-deklaracja: członek partii politycznej: Platforma Obywatelska RP; 1998 Samorząd Zarząd Unii Wolności; 2010 Samorząd KOMITET WYBORCZY WYBORCÓW FORUM SAMORZĄDOWE POWIATU MIKOŁOWSKIEGO WYBRANY; 2007 Sejm Komitet Wyborczy Platforma Obywatelska RP partia: PO; 2023 Sejm KOALICYJNY KOMITET WYBORCZY KOALICJA OBYWATELSKA PO .N IPL ZIELONI partia: PO PKW-deklaracja: członek partii politycznej: Platforma Obywatelska RP; 1994 Samorząd; 2015 Sejm Komitet Wyborczy Platforma Obywatelska RP partia: PO; 2024 Samorząd KKW KOALICJA OBYWATELSKA partia: PO WYBRANY; 2014 Samorząd Komitet Wyborczy Platforma Obywatelska RP partia: PO; 2006 Samorząd KW FORUM SAMORZĄDOWE DLA PRZYSZŁOŚCI; 2006 Samorząd Komitet Wyborczy ""FORUM SAMORZĄDOWE RAZEM DLA PRZYSZŁOŚCI""; 2002 Samorząd KW Stowarzyszenia Forum Samorządowe Razem dla Przyszłości WYBRANY; 2002 Samorząd KW Stowarzyszenia Forum Samorządowe Razem dla Przyszłości"
32,Marek Wojciech Michalik,3.80,34,https://autopush.koryta.pl/osoba/p0eUB8b3S2mlEBiYCjnQ,p0eUB8b3S2mlEBiYCjnQ,evidence=4 pipeline=4 pipeline-capture=2 pipeline-pagerank=2 pipeline-together=1 pipeline-turnover=5,3.61,https://rejestr.io/osoby/660434,PiS,2023-12-04,"Zarząd @ ŁÓDZKA SPECJALNA STREFA EKONOMICZNA (KRS 0000014128, publiczna) 2016-05-31–2024-07-03; Rada Nadzorcza @ STREFA EDUKACJI (KRS 0000752309, publiczna) 2023-12-04–2024-08-30; Rada Nadzorcza @ WOJEWÓDZKI ZESPÓŁ ZAKŁADÓW OPIEKI ZDROWOTNEJ CENTRUM LECZENIA CHORÓB PŁUC I REHABILITACJI W ŁODZI (KRS 0000192656, publiczna) 2016-11-25–2024-12-12; Zarząd @ ZAKŁAD WODOCIĄGÓW I KANALIZACJI (KRS 0000045146, publiczna) 2003-01-14–2003-08-27",1993 Sejm Konfederacja Polski Niepodległej PKW-deklaracja: KPN; 2001 Sejm Koalicyjny Komitet Wyborczy - Akcja Wyborcza Solidarność Prawicy PKW-deklaracja: członek RS AWS; 1994 Samorząd; 2010 Samorząd KOMITET WYBORCZY PRAWO I SPRAWIEDLIWOŚĆ partia: PiS WYBRANY; 1991 Sejm Konfederacja Polski Niepodległej; 2023 Sejm KOMITET WYBORCZY PRAWO I SPRAWIEDLIWOŚĆ partia: PiS PKW-deklaracja: członek partii politycznej: Prawo i Sprawiedliwość; 2015 Sejm Komitet Wyborczy Prawo i Sprawiedliwość partia: PiS; 1997 Sejm Komitet Wyborczy Akcja Wyborcza Solidarność; 2014 Samorząd Komitet Wyborczy Prawo i Sprawiedliwość partia: PiS; 1998 Samorząd Komitet Wyborczy Akcja Wyborcza Solidarność; 2002 Samorząd KWW Inicjatywa Społeczna Wspólnota Samorządowa; 2024 Samorząd KW PRAWO I SPRAWIEDLIWOŚĆ partia: PiS WYBRANY
33,Jarosław Andrzej Marszałek,3.79,35,https://autopush.koryta.pl/osoba/ODCjdfkn5xpC7SF13zis,ODCjdfkn5xpC7SF13zis,evidence=4 pipeline=3 pipeline-capture=5 pipeline-pagerank=3 pipeline-succession=3 pipeline-together=1 pipeline-turnover=4,3.61,https://rejestr.io/osoby/933753,SLD,2026-01-21,"Rada Nadzorcza @ OCZYSZCZALNIA ŚCIEKÓW ""WARTA"" (KRS 0000163419, publiczna) 2011-04-06–nadal; Rada Nadzorcza @ REGIONALNY FUNDUSZ GOSPODARCZY (KRS 0000100887, publiczna) 2005-07-19–2006-07-27; Zarząd @ PRZEDSIĘBIORSTWO WODOCIĄGÓW I KANALIZACJI OKRĘGU CZĘSTOCHOWSKIEGO SPÓŁKA AKCYJNA W CZĘSTOCHOWIE (KRS 0000057953, prywatna/nieznana) 2026-01-21–nadal; Rada Nadzorcza @ SZPITAL MIEJSKI W SIEMIANOWICACH ŚLĄSKICH SPÓŁKA Z OGRANICZONĄ ODPOWIEDZIALNOŚCIĄ (KRS 0000490160, publiczna) 2020-06-18–2022-02-08; Zarząd @ ZWIĄZEK GMIN I POWIATÓW SUBREGIONU PÓŁNOCNEGO WOJEWÓDZTWA ŚLĄSKIEGO (KRS 0000821458, prywatna/nieznana) 2024-07-01–2026-06-02; Rada Nadzorcza @ ZABRZAŃSKIE PRZEDSIĘBIORSTWO WODOCIĄGÓW I KANALIZACJI (KRS 0000043723, publiczna) 2021-12-14–nadal",2014 Parlament Europejski Koalicyjny Komitet Wyborczy Sojusz Lewicy Demokratycznej-Unia Pracy PKW-deklaracja: członek partii Sojusz Lewicy Demokratycznej; 2024 Samorząd KKW LEWICA partia: SLD; 2002 Samorząd Koalicyjny KW Sojusz Lewicy Demokratycznej - Unia Pracy partia: SLD; 2018 Samorząd KOALICYJNY KOMITET WYBORCZY SLD LEWICA RAZEM partia: SLD; 2014 Samorząd Koalicyjny Komitet Wyborczy SLD Lewica Razem partia: SLD; 2015 Senat Koalicyjny Komitet Wyborczy Zjednoczona Lewica SLD+TR+PPS+UP+Zieloni; 2010 Samorząd KOMITET WYBORCZY SOJUSZ LEWICY DEMOKRATYCZNEJ partia: SLD WYBRANY
34,Jan Dziubiński,3.79,36,https://autopush.koryta.pl/osoba/yHEuNdhpzRW5zNZPLX9F,yHEuNdhpzRW5zNZPLX9F,evidence=4 pipeline=4 pipeline-capture=5 pipeline-pagerank=2 pipeline-succession=4 pipeline-together=2 pipeline-turnover=3,3.61,https://rejestr.io/osoby/447793,PiS,2020-01-23,"Zarząd @ PODKARPACKIE STOWARZYSZENIE SAMORZĄDÓW TERYTORIALNYCH (KRS 0000008338, prywatna/nieznana) 2003-05-29–2011-05-20; Zarząd @ ZWIĄZEK MIAST POLSKICH (KRS 0000069153, prywatna/nieznana) 2007-06-06–2011-06-13; Rada Nadzorcza @ WOJEWÓDZKI SZPITAL IM.ZOFII Z ZAMOYSKICH TARNOWSKIEJ W TARNOBRZEGU (KRS 0000003145, publiczna) 2020-01-23–nadal",2002 Samorząd KWW Tarnobrzeskie Porozumienie Prawicy WYBRANY; 2014 Samorząd Komitet Wyborczy Wyborców Moje Miasto Tarnobrzeg; 2010 Samorząd KOMITET WYBORCZY PRAWO I SPRAWIEDLIWOŚĆ partia: PiS WYBRANY; 2006 Samorząd Komitet Wyborczy Prawo i Sprawiedliwość partia: PiS; 2002 Samorząd KWW Tarnobrzeskie Porozumienie Prawicy; 2006 Samorząd KW Prawo i Sprawiedliwość partia: PiS; 2018 Samorząd KOMITET WYBORCZY PRAWO I SPRAWIEDLIWOŚĆ partia: PiS; 1998 Samorząd Komitet Wyborczy Akcja Wyborcza Solidarność; 1994 Samorząd; 2010 Samorząd KOMITET WYBORCZY WYBORCÓW TARNOBRZESKIE POROZUMIENIE PRAWICY PKW-deklaracja: członek Prawa i Sprawiedliwości; 2002 Samorząd KWW Tarnobrzeskie Porozumienie Prawicy
35,Aleksandra Krzeszewska,3.78,37,https://autopush.koryta.pl/osoba/5w2MoBH3xdH37OOCdG5J,5w2MoBH3xdH37OOCdG5J,evidence=4 pipeline=4 pipeline-capture=5 pipeline-pagerank=2 pipeline-together=1 pipeline-turnover=3,3.59,https://rejestr.io/osoby/3319136,PO,2025-01-21,"Rada Nadzorcza @ WOJEWÓDZKI SZPITAL SPECJALISTYCZNY W LEGNICY (KRS 0000163872, publiczna) 2025-01-21–nadal",2023 Sejm KOALICYJNY KOMITET WYBORCZY KOALICJA OBYWATELSKA PO .N IPL ZIELONI partia: PO PKW-deklaracja: członek partii politycznej: Platforma Obywatelska RP; 2018 Samorząd KOALICYJNY KOMITET WYBORCZY PLATFORMA.NOWOCZESNA KOALICJA OBYWATELSKA partia: PO; 2024 Samorząd KKW KOALICJA OBYWATELSKA partia: PO WYBRANY
36,Tomasz Krzysztof Jachymek,3.77,38,https://autopush.koryta.pl/osoba/9Jd0leyEteAioe28YTgw,9Jd0leyEteAioe28YTgw,evidence=4 pipeline=5 pipeline-capture=3 pipeline-pagerank=3 pipeline-succession=4 pipeline-together=1 pipeline-turnover=3,3.60,https://rejestr.io/osoby/19844,PiS,2024-07-03,"Rada Nadzorcza @ ZAKŁAD WODOCIĄGÓW I KANALIZACJI ""WOD.-KAN."" (KRS 0000109360, publiczna) 2024-07-03–2026-07-28; Rada Nadzorcza @ PRZEDSIĘBIORSTWO KOMUNIKACJI, TRANSPORTU I USŁUG KOMUNALNYCH GMINY BEŁCHATÓW (KRS 0000474757, publiczna) 2021-10-27–2025-01-28; Rada Nadzorcza @ SZPITAL WOJEWÓDZKI IM. JANA PAWŁA II W BEŁCHATOWIE (KRS 0000006103, publiczna) 2021-02-04–2024-10-24",2024 Samorząd KW PRAWO I SPRAWIEDLIWOŚĆ partia: PiS PKW-deklaracja: członek partii politycznej: Prawo i Sprawiedliwość; 2014 Samorząd Komitet Wyborczy Prawo i Sprawiedliwość partia: PiS; 2018 Samorząd KOMITET WYBORCZY PRAWO I SPRAWIEDLIWOŚĆ partia: PiS; 2018 Samorząd KOMITET WYBORCZY PRAWO I SPRAWIEDLIWOŚĆ partia: PiS PKW-deklaracja: Prawo i Sprawiedliwość; 2018 Samorząd KOMITET WYBORCZY PRAWO I SPRAWIEDLIWOŚĆ partia: PiS PKW-deklaracja: Prawo i Sprawiedliwość WYBRANY; 2024 Samorząd KW PRAWO I SPRAWIEDLIWOŚĆ partia: PiS
37,Anzelm Jaśkiewicz,3.76,39,https://autopush.koryta.pl/osoba/MtEHjI5vYSRJASM7rK9P,MtEHjI5vYSRJASM7rK9P,evidence=3 pipeline=4 pipeline-capture=3 pipeline-pagerank=3 pipeline-succession=2 pipeline-together=1 pipeline-turnover=5,3.76,https://rejestr.io/osoby/2067822,PO,2024-07-04,"Prokurent @ PRZEDSIĘBIORSTWO ZARZĄDU NIERUCHOMOŚCIAMI SPÓŁKA Z OGRANICZONĄ ODPOWIEDZIALNOŚCIĄ (KRS 0000141594, publiczna) 2003-12-11–2007-02-19; Rada Nadzorcza @ CENTRUM SPORTOWO REKREACYJNE SPÓŁKA Z OGRANICZONĄ ODPOWIEDZIALNOŚCIĄ (KRS 0000096393, publiczna) 2024-07-04–nadal; Rada Nadzorcza @ PRZEDSIĘBIORSTWO ENERGETYKI CIEPLNEJ (KRS 0000097505, prywatna/nieznana) 2007-02-22–2008-10-08",2002 Samorząd KWW HORYZONTY; 2018 Samorząd KOMITET WYBORCZY WYBORCÓW RAFAŁA GRONICZA; 2024 Samorząd KWW RAFAŁA GRONICZA; 2010 Samorząd KOMITET WYBORCZY PLATFORMA OBYWATELSKA RP partia: PO WYBRANY; 2006 Samorząd Komitet Wyborczy Platforma Obywatelska RP partia: PO; 1994 Samorząd; 2014 Samorząd Komitet Wyborczy Wyborców Rafała Gronicza
38,Paweł Ryszard Kamiński,3.76,40,https://autopush.koryta.pl/osoba/m8yA3yzuSrlcPMlDF6WX,m8yA3yzuSrlcPMlDF6WX,evidence=4 pipeline=5 pipeline-capture=3 pipeline-pagerank=3 pipeline-turnover=3,3.58,https://rejestr.io/osoby/463794,SLD,2001-09-28,"Rada Nadzorcza @ BOGATYŃSKIE WODOCIĄGI I OCZYSZCZALNIA (KRS 0000046613, publiczna) 2001-09-28–2005-02-14",2002 Samorząd Koalicyjny KW Sojusz Lewicy Demokratycznej - Unia Pracy partia: SLD; 2001 Sejm Koalicyjny Komitet Wyborczy Sojusz Lewicy Demokratycznej - Unia Pracy PKW-deklaracja: SLD; 2010 Samorząd KOMITET WYBORCZY SOJUSZ LEWICY DEMOKRATYCZNEJ partia: SLD; 2011 Sejm Komitet Wyborczy Sojusz Lewicy Demokratycznej partia: SLD PKW-deklaracja: członek partii SLD
39,Robert Marek Starzyński,3.76,41,https://autopush.koryta.pl/osoba/u2pkEx0hJEiW9W5EGjSA,u2pkEx0hJEiW9W5EGjSA,evidence=3 pipeline=5 pipeline-capture=4 pipeline-pagerank=3 pipeline-turnover=3,3.76,https://rejestr.io/osoby/151604,,2024-09-19,"Zarząd @ RUCH SAMORZĄDOWY TAK! DLA POLSKI - DOLNY ŚLĄSK (KRS 0000903201, prywatna/nieznana) 2021-05-28–2026-07-21; Rada Nadzorcza @ LUBOMIERZ PS ENERGETYKA ODNAWIALNA SP. Z O.O. W LIKWIDACJI Z SIEDZIBĄ W LUBOMIERZU (KRS 0000645804, prywatna/nieznana) 2016-11-10–2018-09-17; Zarząd @ ELTUR-SERWIS (KRS 0000094021, publiczna) 2024-09-19–nadal","1998 Samorząd Komitet Wyborczy ""Kresowiacy""; 2006 Samorząd Komitet Wyborczy Wyborców Stowarzyszenie Dla Gminy Sulików; 2014 Samorząd Komitet Wyborczy Wyborców ISO - Porozumienie Prawicy 2014; 2010 Samorząd KOMITET WYBORCZY WYBORCÓW INICJATYWA SAMORZĄDOWO-OBYWATELSKA 2010 WYBRANY; 2014 Samorząd Komitet Wyborczy Wyborców Roberta Starzyńskiego; 2018 Samorząd KOMITET WYBORCZY WYBORCÓW ROBERTA STARZYŃSKIEGO WYBRANY; 2002 Samorząd KWW Gmina Sulików; 2024 Samorząd KWW ROBERTA STARZYŃSKIEGO PKW-deklaracja: nie należy do partii politycznej; 2010 Samorząd KOMITET WYBORCZY WYBORCÓW INICJATYWA SAMORZĄDOWO-OBYWATELSKA 2010"
40,Tadeusz Trzmiel,3.75,42,https://autopush.koryta.pl/osoba/PDTyXpot2rN8QoVfQm9a,PDTyXpot2rN8QoVfQm9a,evidence=3 pipeline=4 pipeline-capture=5 pipeline-facts=4 pipeline-together=1 pipeline-turnover=3,3.75,https://rejestr.io/osoby/440711,SLD,2018-12-19,"Zarząd @ KRAKOWSKI HOLDING KOMUNALNY SPÓŁKA AKCYJNA W KRAKOWIE (KRS 0000006301, publiczna) 2018-12-19–2024-05-20; Zarząd @ STOWARZYSZENIE METROPOLIA KRAKOWSKA (KRS 0000514292, prywatna/nieznana) 2014-06-24–2019-04-08",2010 Samorząd KOMITET WYBORCZY WYBORCÓW JACKA MAJCHROWSKIEGO WYBRANY; 2006 Samorząd Komitet Wyborczy Wyborców Jacka Majchrowskiego; 1998 Samorząd Krajowy Komitet Wyborczy Sojuszu Lewicy Demokratycznej partia: SLD; 1997 Sejm Krajowy Komitet Wyborczy Sojuszu Lewicy Demokratycznej partia: SLD; 2014 Samorząd Komitet Wyborczy Wyborców Jacka Majchrowskiego; 1994 Samorząd
41,Paweł Środa,3.75,43,https://autopush.koryta.pl/osoba/jyRqbyoAVb3jsPWGEQCT,jyRqbyoAVb3jsPWGEQCT,evidence=3 pipeline=4 pipeline-capture=3 pipeline-pagerank=2 pipeline-succession=3 pipeline-together=2 pipeline-turnover=5,3.75,https://rejestr.io/osoby/783798,PO,2024-06-12,"Rada Nadzorcza @ PRZEDSIĘBIORSTWO KOMUNIKACJI SAMOCHODOWEJ ""SOKOŁÓW"" W SOKOŁOWIE PODLASKIM SPÓŁKA AKCYJNA (KRS 0000036783, publiczna) 2024-06-12–nadal; Rada Nadzorcza @ POLSKA IZBA GOSPODARCZA TRANSPORTU SAMOCHODOWEGO I SPEDYCJI (KRS 0000140203, prywatna/nieznana) 2017-02-22–2020-11-04; Rada Nadzorcza @ ZIELONOGÓRSKI RYNEK ROLNO-TOWAROWY (KRS 0000086641, publiczna) 2015-02-11–2016-06-29; Zarząd @ PRZEDSIĘBIORSTWO KOMUNIKACJI SAMOCHODOWEJ ""SOKOŁÓW"" W SOKOŁOWIE PODLASKIM SPÓŁKA AKCYJNA (KRS 0000036783, publiczna) 2014-12-12–2019-01-03; Rada Nadzorcza @ MAZOWIECKI SZPITAL WOJEWÓDZKI IM. ŚW. JANA PAWŁA II W SIEDLCACH (KRS 0000336825, publiczna) 2019-06-07–2021-10-13","2015 Sejm Komitet Wyborczy Platforma Obywatelska RP partia: PO; 2010 Samorząd KOMITET WYBORCZY WYBORCÓW POWIATOWA WSPÓLNOTA SAMORZĄDOWA; 2014 Samorząd Komitet Wyborczy Wyborców Powiatowe Porozumienie Samorządowe; 2018 Samorząd KOMITET WYBORCZY WYBORCÓW ""ZGODA I POROZUMIENIE"""
42,Jerzy Kazimierz Sobczuk,3.73,44,https://autopush.koryta.pl/osoba/NS03OytECaFhaWeDPaLz,NS03OytECaFhaWeDPaLz,evidence=3 pipeline=5 pipeline-capture=5 pipeline-pagerank=2 pipeline-succession=1 pipeline-turnover=3,3.73,https://rejestr.io/osoby/883656,"PSL, Polska 2050, SLD",2024-09-20,"Rada Nadzorcza @ SAMODZIELNA PUBLICZNA STACJA POGOTOWIA RATUNKOWEGO I TRANSPORTU SANITARNEGO W ZAMOŚCIU (KRS 0000077189, publiczna) 2024-09-20–nadal",2024 Samorząd KKW TRZECIA DROGA PSL-PL2050 SZYMONA HOŁOWNI WYBRANY; 2018 Samorząd KOMITET WYBORCZY POLSKIE STRONNICTWO LUDOWE partia: PSL; 2014 Samorząd Koalicyjny Komitet Wyborczy SLD Lewica Razem partia: SLD; 2010 Samorząd KOMITET WYBORCZY POLSKIE STRONNICTWO LUDOWE partia: PSL WYBRANY; 2006 Samorząd Komitet Wyborczy Polskiego Stronnictwa Ludowego partia: PSL; 2002 Samorząd Koalicyjny KW Sojusz Lewicy Demokratycznej - Unia Pracy partia: SLD
43,Marek Domżała,3.71,45,https://autopush.koryta.pl/osoba/8PO5BKvoJHT43INgQDEi,8PO5BKvoJHT43INgQDEi,evidence=4 pipeline=3 pipeline-capture=3 pipeline-pagerank=3 pipeline-succession=3 pipeline-together=1 pipeline-turnover=5,3.54,https://rejestr.io/osoby/244950,"PSL, Polska 2050",2015-12-30,"Rada Nadzorcza @ KUJAWSKO - POMORSKIE CENTRUM PULMONOLOGII W BYDGOSZCZY (KRS 0000063546, publiczna) 2015-12-30–nadal; Rada Nadzorcza @ CENTRUM ONKOLOGII IM. PROF. FRANCISZKA ŁUKASZCZYKA W BYDGOSZCZY (KRS 0000002329, publiczna) 2015-12-09–2020-07-17; Prokurent @ NOWY SZPITAL W NAKLE I SZUBINIE SPÓŁKA Z OGRANICZONĄ ODPOWIEDZIALNOŚCIĄ (KRS 0000245671, publiczna) 2007-04-04–2007-09-05; Rada Nadzorcza @ WOJEWÓDZKI OŚRODEK TERAPII UZALEŻNIEŃ I WSPÓŁUZALEŻNIENIA W TORUNIU (KRS 0000030573, publiczna) 2005-09-14–2013-07-26",2015 Sejm Komitet Wyborczy Polskie Stronnictwo Ludowe partia: PSL; 2010 Samorząd KOMITET WYBORCZY POLSKIE STRONNICTWO LUDOWE partia: PSL WYBRANY; 2004 Parlament Europejski Komitet Wyborczy Polskiego Stronnictwa Ludowego partia: PSL PKW-deklaracja: Polskie Stronnictwo Ludowe; 2024 Samorząd KKW TRZECIA DROGA PSL-PL2050 SZYMONA HOŁOWNI; 2018 Samorząd KOMITET WYBORCZY POLSKIE STRONNICTWO LUDOWE partia: PSL; 2002 Samorząd KW Polskiego Stronnictwa Ludowego partia: PSL; 2014 Samorząd Komitet Wyborczy Polskie Stronnictwo Ludowe partia: PSL; 2006 Samorząd Komitet Wyborczy Polskiego Stronnictwa Ludowego partia: PSL; 1998 Samorząd Krajowy Komitet Wyborczy Przymierze Społeczne: PSL-UP-KPEiR partia: PSL; 2001 Sejm Komitet Wyborczy Polskiego Stronnictwa Ludowego partia: PSL
44,Ryszard Morawski,3.71,46,https://autopush.koryta.pl/osoba/Cd2SWYsJAawjxDWLWlld,Cd2SWYsJAawjxDWLWlld,evidence=3 pipeline=5 pipeline-capture=3 pipeline-pagerank=3 pipeline-succession=1 pipeline-turnover=4,3.71,https://rejestr.io/osoby/742685,"PSL, SLD",2015-09-03,"Rada Nadzorcza @ DOLNOŚLĄSKA AGENCJA WSPÓŁPRACY GOSPODARCZEJ (KRS 0000213275, publiczna) 2015-09-03–2019-03-06; Rada Nadzorcza @ BOGATYŃSKIE WODOCIĄGI I OCZYSZCZALNIA (KRS 0000046613, publiczna) 2011-02-04–2015-03-05",2002 Samorząd Koalicyjny KW Sojusz Lewicy Demokratycznej - Unia Pracy partia: SLD; 2018 Samorząd KOMITET WYBORCZY POLSKIE STRONNICTWO LUDOWE partia: PSL; 1998 Samorząd Zarząd Unii Wolności; 2006 Samorząd Koalicyjny Komitet Wyborczy SLD+SDPL+PD+UP Lewica i Demokraci partia: SLD; 2010 Samorząd KOMITET WYBORCZY POLSKIE STRONNICTWO LUDOWE partia: PSL; 1994 Samorząd; 2014 Samorząd Komitet Wyborczy Polskie Stronnictwo Ludowe partia: PSL
45,Jerzy Andrzej Michalak,3.71,48,https://autopush.koryta.pl/osoba/moiUlKsneUSk0Mun45ib,moiUlKsneUSk0Mun45ib,evidence=3 pipeline=3 pipeline-capture=4 pipeline-pagerank=3 pipeline-succession=3 pipeline-together=2 pipeline-turnover=5,3.71,https://rejestr.io/osoby/1104997,PO,2024-08-29,"Rada Nadzorcza @ SYCOWSKA GOSPODARKA KOMUNALNA (KRS 0000248217, publiczna) 2020-07-10–2024-06-10; Rada Nadzorcza @ SYCOWSKIE TOWARZYSTWO BUDOWNICTWA SPOŁECZNEGO SPÓŁKA Z OGRANICZONĄ ODPOWIEDZIALNOŚCIĄ (KRS 0000049042, publiczna) 2024-06-27–nadal; Rada Nadzorcza @ MIEJSKIE PRZEDSIĘBIORSTWO KOMUNIKACYJNE (KRS 0000027173, publiczna) 2015-03-26–2018-07-31; Rada Nadzorcza @ KOLEJE DOLNOŚLĄSKIE (KRS 0000298575, publiczna) 2014-08-07–2015-04-01; Zarząd @ POLBUS-PKS (KRS 0000008042, publiczna) 2024-08-29–nadal; Rada Nadzorcza @ STOWARZYSZENIE ""RZECZPOSPOLITA SAMORZĄDNA"" (KRS 0000723501, prywatna/nieznana) 2018-04-06–2024-08-02; Rada Nadzorcza @ POLKOWICKIE CENTRUM USŁUG ZDROWOTNYCH-ZAKŁAD OPIEKI ZDROWOTNEJ SPÓŁKA AKCYJNA (KRS 0000081911, prywatna/nieznana) 2019-02-11–2024-08-21; Zarząd @ DOLNOŚLĄSKI PARK INNOWACJI I NAUKI (KRS 0000319739, prywatna/nieznana) 2023-11-21–2024-09-11; Rada Nadzorcza @ POWIATOWE CENTRUM MEDYCZNE W WOŁOWIE (KRS 0000305310, publiczna) 2019-12-16–2020-03-12",2018 Samorząd KOMITET WYBORCZY WYBORCÓW BEZPARTYJNY RUCH OBYWATELSKI JERZEGO MICHALAKA; 2024 Samorząd KW STOWARZYSZENIE „BEZPARTYJNI SAMORZĄDOWCY” PKW-deklaracja: nie należy do partii politycznej; 2018 Samorząd KOMITET WYBORCZY WYBORCÓW BEZPARTYJNY RUCH OBYWATELSKI JERZEGO MICHALAKA; 2023 Senat KOMITET WYBORCZY BEZPARTYJNI SAMORZĄDOWCY PKW-deklaracja: nie należy do partii politycznej; 2010 Samorząd KOMITET WYBORCZY WYBORCÓW RAFAŁA DUTKIEWICZA WYBRANY; 2014 Samorząd Komitet Wyborczy Platforma Obywatelska RP partia: PO; 2024 Samorząd KW STOWARZYSZENIE „BEZPARTYJNI SAMORZĄDOWCY”
46,Sławomir Antoniewski,3.70,50,https://autopush.koryta.pl/osoba/35RG8Lyha9v71gxTfwh2,35RG8Lyha9v71gxTfwh2,evidence=4 pipeline=5 pipeline-capture=3 pipeline-pagerank=2 pipeline-turnover=3,3.51,https://rejestr.io/osoby/738285,PO,2024-12-10,"Zarząd @ DOLNOŚLĄSKIE CENTRUM REHABILITACJI I ORTOPEDII SPÓŁKA Z OGRANICZONĄ ODPOWIEDZIALNOŚCIĄ (KRS 0000143957, publiczna) 2024-12-10–nadal","2002 Samorząd KWW Moje Miasto; 2014 Samorząd Komitet Wyborczy Wyborców „Razem KG”; 2018 Samorząd KOALICYJNY KOMITET WYBORCZY PLATFORMA.NOWOCZESNA KOALICJA OBYWATELSKA partia: PO; 2024 Samorząd KKW KOALICJA OBYWATELSKA partia: PO PKW-deklaracja: członek partii politycznej: Platforma Obywatelska RP; 2006 Samorząd Komitet Wyborczy Wyborców ""Ogniwo"" Tomasza Kulona; 2010 Samorząd KOMITET WYBORCZY WYBORCÓW PRZYMIERZE SAMORZĄDOWE"
47,Jarosław Jan Klimaszewski,3.70,51,https://autopush.koryta.pl/osoba/AtNtzcxZHLOYnVOqLciD,AtNtzcxZHLOYnVOqLciD,evidence=4 pipeline=5 pipeline-capture=3 pipeline-pagerank=2 pipeline-turnover=3,3.51,https://rejestr.io/osoby/779370,PO,2015-11-23,"Rada Nadzorcza @ SZPITAL WOJEWÓDZKI W BIELSKU-BIAŁEJ (KRS 0000063066, publiczna) 2015-11-23–2019-11-15",1998 Samorząd Zarząd Unii Wolności; 2006 Samorząd Komitet Wyborczy Platforma Obywatelska RP partia: PO; 2018 Samorząd KOALICYJNY KOMITET WYBORCZY PLATFORMA.NOWOCZESNA KOALICJA OBYWATELSKA partia: PO PKW-deklaracja: Platforma Obywatelska Rzeczypospolitej Polskiej; 2018 Samorząd KOALICYJNY KOMITET WYBORCZY PLATFORMA.NOWOCZESNA KOALICJA OBYWATELSKA partia: PO; 2024 Samorząd KWW JAROSŁAWA KLIMASZEWSKIEGO PKW-deklaracja: członek partii politycznej: Platforma Obywatelska RP; 2018 Samorząd KOALICYJNY KOMITET WYBORCZY PLATFORMA.NOWOCZESNA KOALICJA OBYWATELSKA partia: PO PKW-deklaracja: Platforma Obywatelska Rzeczypospolitej Polskiej WYBRANY; 2024 Samorząd KWW JAROSŁAWA KLIMASZEWSKIEGO WYBRANY; 2007 Sejm Komitet Wyborczy Platforma Obywatelska RP partia: PO; 2014 Samorząd Komitet Wyborczy Platforma Obywatelska RP partia: PO; 2010 Samorząd KOMITET WYBORCZY PLATFORMA OBYWATELSKA RP partia: PO WYBRANY
48,Roman Jacek Kolek,3.70,52,https://autopush.koryta.pl/osoba/DoNzaQCsgPAa9M36hMOe,DoNzaQCsgPAa9M36hMOe,evidence=4 pipeline=5 pipeline-capture=3 pipeline-pagerank=2 pipeline-turnover=3,3.51,https://rejestr.io/osoby/612854,,2018-02-12,"Rada Nadzorcza @ UNIWERSYTECKI SZPITAL KLINICZNY W OPOLU (KRS 0000014443, publiczna) 2018-02-12–2026-01-05",2002 Samorząd KW Mniejszość Niemiecka; 1998 Samorząd Zarząd Towarzystwa Społeczno Kulturalnego Niemców na Śląsku Opolskim; 2024 Samorząd KWW ŚLĄSCY SAMORZĄDOWCY WYBRANY; 2018 Samorząd KOMITET WYBORCZY WYBORCÓW MNIEJSZOŚĆ NIEMIECKA; 2014 Samorząd Komitet Wyborczy Wyborców Mniejszość Niemiecka; 2023 Sejm KOMITET WYBORCZY WYBORCÓW MNIEJSZOŚĆ NIEMIECKA PKW-deklaracja: członek partii politycznej: Regionalna. Mniejszość z Większością; 2015 Sejm Komitet Wyborczy Wyborców Mniejszość Niemiecka; 2019 Senat KOMITET WYBORCZY WYBORCÓW MNIEJSZOŚĆ NIEMIECKA PKW-deklaracja: członek partii politycznej: Regionalna. Mniejszość z Większością
49,Joachim Jerzy Wojtala,3.70,54,https://autopush.koryta.pl/osoba/iDMDpP2pBFlADNZd4Bp8,iDMDpP2pBFlADNZd4Bp8,evidence=3 pipeline=5 pipeline-capture=4 pipeline-pagerank=2 pipeline-turnover=3,3.70,https://rejestr.io/osoby/1324199,,2014-01-15,"Zarząd @ STOWARZYSZENIE AGLOMERACJA OPOLSKA (KRS 0000485977, prywatna/nieznana) 2014-01-15–2024-06-20",2002 Samorząd KW Mniejszość Niemiecka WYBRANY; 2002 Samorząd KW Mniejszość Niemiecka; 2002 Samorząd KW Mniejszość Niemiecka; 2006 Samorząd Komitet Wyborczy Mniejszość Niemiecka; 2024 Samorząd KWW PARTNERSTWO WYBRANY; 2018 Samorząd KOMITET WYBORCZY WYBORCÓW JOACHIMA WOJTALI WYBRANY; 2014 Samorząd Komitet Wyborczy Wyborców Mniejszość Niemiecka; 2014 Samorząd Komitet Wyborczy Wyborców Mniejszość Niemiecka; 2010 Samorząd KOMITET WYBORCZY TOWARZYSTWO SPOŁECZNO-KULTURALNE NIEMCÓW NA ŚLĄSKU OPOLSKIM WYBRANY
50,Rafał Paweł Ryplewicz,3.70,55,https://autopush.koryta.pl/osoba/iNHTe4igv4DKUvBgBGZY,iNHTe4igv4DKUvBgBGZY,evidence=4 pipeline=4 pipeline-capture=2 pipeline-pagerank=2 pipeline-succession=2 pipeline-together=1 pipeline-turnover=5,3.53,https://rejestr.io/osoby/342959,PO,2025-09-10,"Rada Nadzorcza @ BESKIDZKI HURT TOWAROWY (KRS 0000144861, publiczna) 2015-03-06–2019-06-19; Zarząd @ BESKIDZKI HURT TOWAROWY (KRS 0000144861, publiczna) 2025-09-10–nadal; Rada Nadzorcza @ MIEJSKIE PRZEDSIĘBIORSTWO WODOCIĄGÓW I KANALIZACJI SPÓŁKA Z OGRANICZONĄ ODPOWIEDZIALNOŚCIĄ (KRS 0000089484, publiczna) 2019-10-09–nadal",2024 Samorząd KKW KOALICJA OBYWATELSKA partia: PO WYBRANY; 2023 Sejm KOALICYJNY KOMITET WYBORCZY KOALICJA OBYWATELSKA PO .N IPL ZIELONI partia: PO PKW-deklaracja: członek partii politycznej: Platforma Obywatelska RP; 2011 Sejm Komitet Wyborczy Platforma Obywatelska RP partia: PO PKW-deklaracja: członek partii Platforma Obywatelska RP; 2018 Samorząd KOALICYJNY KOMITET WYBORCZY PLATFORMA.NOWOCZESNA KOALICJA OBYWATELSKA partia: PO; 2019 Sejm KOALICYJNY KOMITET WYBORCZY KOALICJA OBYWATELSKA PO .N IPL ZIELONI partia: PO PKW-deklaracja: członek partii politycznej: Platforma Obywatelska RP; 2015 Sejm Komitet Wyborczy Platforma Obywatelska RP partia: PO; 2014 Samorząd Komitet Wyborczy Platforma Obywatelska RP partia: PO; 2010 Samorząd KOMITET WYBORCZY PLATFORMA OBYWATELSKA RP partia: PO
51,Wojciech Nitwinko,3.70,56,https://autopush.koryta.pl/osoba/pRROfg2BsMZCWFqnWSLT,pRROfg2BsMZCWFqnWSLT,evidence=4 pipeline=4 pipeline-capture=3 pipeline-pagerank=2 pipeline-turnover=4,3.51,https://rejestr.io/osoby/547439,"Nowa Lewica, SLD",2024-05-23,"Rada Nadzorcza @ SZPITAL MIEJSKI W SIEMIANOWICACH ŚLĄSKICH SPÓŁKA Z OGRANICZONĄ ODPOWIEDZIALNOŚCIĄ (KRS 0000490160, publiczna) 2019-12-20–2020-08-24; Rada Nadzorcza @ PERSPEKTYWA (KRS 0000436648, prywatna/nieznana) 2012-10-18–2015-04-20; Rada Nadzorcza @ WOJEWÓDZKI SZPITAL SPECJALISTYCZNY NR 5 IM. ŚW. BARBARY W SOSNOWCU (KRS 0000003544, publiczna) 2024-05-23–nadal",2024 Samorząd KWW PLATFORMY I LEWICY WYBRANY; 2010 Samorząd KOMITET WYBORCZY SOJUSZ LEWICY DEMOKRATYCZNEJ partia: SLD; 2014 Samorząd Koalicyjny Komitet Wyborczy SLD Lewica Razem partia: SLD; 2015 Sejm Koalicyjny Komitet Wyborczy Zjednoczona Lewica SLD+TR+PPS+UP+Zieloni; 2023 Sejm KOMITET WYBORCZY NOWA LEWICA partia: Nowa Lewica PKW-deklaracja: członek partii politycznej: Nowa Lewica; 2018 Samorząd KOALICYJNY KOMITET WYBORCZY SLD LEWICA RAZEM partia: SLD; 2019 Sejm KOMITET WYBORCZY SOJUSZ LEWICY DEMOKRATYCZNEJ partia: SLD PKW-deklaracja: członek partii politycznej: Sojusz Lewicy Demokratycznej
52,Stanisław Wojciech Pasoń,3.69,57,https://autopush.koryta.pl/osoba/4X3uIYhYHFWB8WAs13WU,4X3uIYhYHFWB8WAs13WU,evidence=4 pipeline=3 pipeline-capture=5 pipeline-pagerank=3 pipeline-succession=1 pipeline-turnover=4,3.51,https://rejestr.io/osoby/1350410,"PSL, Polska 2050",2024-12-23,"Rada Nadzorcza @ ELEWATOR SIERADZ (KRS 0000128488, prywatna/nieznana) 2008-05-27–2014-10-20; Rada Nadzorcza @ SZPITAL SPECJALISTYCZNY IM. JĘDRZEJA ŚNIADECKIEGO W NOWYM SĄCZU (KRS 0000029409, publiczna) 2024-12-23–nadal; Rada Nadzorcza @ SZPITAL SPECJALISTYCZNY CHORÓB PŁUC ""ODRODZENIE"" IM. KLARY JELSKIEJ (KRS 0000007565, publiczna) 2024-09-13–nadal",2019 Sejm KOMITET WYBORCZY POLSKIE STRONNICTWO LUDOWE partia: PSL PKW-deklaracja: członek partii politycznej: PSL; 2018 Samorząd KOMITET WYBORCZY POLSKIE STRONNICTWO LUDOWE partia: PSL; 2014 Samorząd Komitet Wyborczy Polskie Stronnictwo Ludowe partia: PSL; 2024 Samorząd KKW TRZECIA DROGA PSL-PL2050 SZYMONA HOŁOWNI WYBRANY; 2015 Sejm Komitet Wyborczy Polskie Stronnictwo Ludowe partia: PSL; 2023 Senat KOALICYJNY KOMITET WYBORCZY TRZECIA DROGA POLSKA 2050 SZYMONA HOŁOWNI - POLSKIE STRONNICTWO LUDOWE PKW-deklaracja: członek partii politycznej: Polskie Stronnictwo Ludowe
53,Emil Krzysztof Sawicki,3.67,59,https://autopush.koryta.pl/osoba/RPa6Nb3tVJIC6vVj6pUa,RPa6Nb3tVJIC6vVj6pUa,evidence=4 pipeline=4 pipeline-capture=3 pipeline-pagerank=3 pipeline-succession=2 pipeline-turnover=4,3.49,https://rejestr.io/osoby/273802,"PSL, Polska 2050",2025-04-29,"Rada Nadzorcza @ FUNDACJA ROZWOJU (KRS 0000125573, prywatna/nieznana) 2025-04-29–nadal; Rada Nadzorcza @ SAMODZIELNY ZESPÓŁ PUBLICZNYCH ZAKŁADÓW OPIEKI ZDROWOTNEJ IM. DZIECI WARSZAWY W DZIEKANOWIE LEŚNYM (KRS 0000072265, publiczna) 2024-12-31–nadal; Rada Nadzorcza @ WARSZAWSKA KOLEJ DOJAZDOWA (KRS 0000116702, prywatna/nieznana) 2024-10-15–nadal","2024 Samorząd KKW TRZECIA DROGA PSL-PL2050 SZYMONA HOŁOWNI; 2014 Samorząd Komitet Wyborczy Wyborców Celiny Szarek ""Samorząd dla mieszkańców""; 2023 Sejm KOALICYJNY KOMITET WYBORCZY TRZECIA DROGA POLSKA 2050 SZYMONA HOŁOWNI - POLSKIE STRONNICTWO LUDOWE PKW-deklaracja: członek partii politycznej: Polskie Stronnictwo Ludowe; 2018 Samorząd KOMITET WYBORCZY POLSKIE STRONNICTWO LUDOWE partia: PSL; 2015 Sejm Komitet Wyborczy Polskie Stronnictwo Ludowe partia: PSL; 2019 Sejm KOMITET WYBORCZY POLSKIE STRONNICTWO LUDOWE partia: PSL PKW-deklaracja: członek partii politycznej: Polskie Stronnictwo Ludowe"
54,Barbara Ewa Klatka,3.67,60,https://autopush.koryta.pl/osoba/Sq1KtquBR44MwaokXL54,Sq1KtquBR44MwaokXL54,evidence=4 pipeline=4 pipeline-capture=1 pipeline-pagerank=3 pipeline-turnover=5,3.49,https://rejestr.io/osoby/750963,PO,2025-04-25,"Zarząd @ EXPO-ŁÓDŹ (KRS 0000069123, publiczna) 2019-04-15–nadal; Zarząd @ MIEJSKA ARENA KULTURY I SPORTU (KRS 0000331683, publiczna) 2016-04-07–2019-04-09; Rada Nadzorcza @ RAWSKIE WODOCIĄGI I KANALIZACJA (KRS 0000304455, publiczna) 2025-04-25–nadal",2024 Samorząd KKW KOALICJA OBYWATELSKA partia: PO WYBRANY; 2006 Samorząd Komitet Wyborczy Platforma Obywatelska RP partia: PO; 2019 Sejm KOALICYJNY KOMITET WYBORCZY KOALICJA OBYWATELSKA PO .N IPL ZIELONI partia: PO PKW-deklaracja: członek partii politycznej: Platforma Obywatelska RP; 2024 Samorząd KKW KOALICJA OBYWATELSKA partia: PO PKW-deklaracja: członek partii politycznej: Platforma Obywatelska RP; 2018 Samorząd KOALICYJNY KOMITET WYBORCZY PLATFORMA.NOWOCZESNA KOALICJA OBYWATELSKA partia: PO; 2015 Senat Komitet Wyborczy Platforma Obywatelska RP partia: PO; 2011 Sejm Komitet Wyborczy Platforma Obywatelska RP partia: PO PKW-deklaracja: członek partii Platforma Obywatelska RP; 2018 Samorząd KOALICYJNY KOMITET WYBORCZY PLATFORMA.NOWOCZESNA KOALICJA OBYWATELSKA partia: PO PKW-deklaracja: Platforma Obywatelska Rzeczypospolitej Polskiej; 2014 Samorząd Komitet Wyborczy Platforma Obywatelska RP partia: PO; 2010 Samorząd KOMITET WYBORCZY PLATFORMA OBYWATELSKA RP partia: PO WYBRANY
55,Antoni Skura,3.67,61,https://autopush.koryta.pl/osoba/kd84IN6PJSohql27RdxD,kd84IN6PJSohql27RdxD,evidence=3 pipeline=5 pipeline-capture=5 pipeline-facts=3 pipeline-pagerank=3 pipeline-succession=1 pipeline-turnover=3,3.67,https://rejestr.io/osoby/558896,PiS,2024-09-20,"Rada Nadzorcza @ SAMODZIELNA PUBLICZNA STACJA POGOTOWIA RATUNKOWEGO I TRANSPORTU SANITARNEGO W ZAMOŚCIU (KRS 0000077189, publiczna) 2024-09-20–nadal","2010 Samorząd KOMITET WYBORCZY PRAWO I SPRAWIEDLIWOŚĆ partia: PiS WYBRANY; 1998 Samorząd Komitet Wyborczy ""Rolnicy""; 2002 Samorząd KWW Rolnicy; 2006 Samorząd Komitet Wyborczy Wyborców ""ROLNICY""; 2018 Samorząd KOMITET WYBORCZY PRAWO I SPRAWIEDLIWOŚĆ partia: PiS; 2014 Samorząd Komitet Wyborczy Prawo i Sprawiedliwość partia: PiS; 2024 Samorząd KW PRAWO I SPRAWIEDLIWOŚĆ partia: PiS WYBRANY"
56,Kacper Karol Pietrusiński,3.66,62,https://autopush.koryta.pl/osoba/1ZgRQsrelMGWwjn9roKa,1ZgRQsrelMGWwjn9roKa,evidence=3 pipeline=3 pipeline-capture=4 pipeline-pagerank=3 pipeline-succession=2 pipeline-together=2 pipeline-turnover=5,3.66,https://rejestr.io/osoby/312837,PO,2025-07-02,"Rada Nadzorcza @ MAZOWIECKIE CENTRUM STOMATOLOGII (KRS 0000338846, publiczna) 2025-07-02–nadal; Rada Nadzorcza @ MAZOWIECKIE CENTRUM LECZENIA CHORÓB PŁUC I GRUŹLICY (KRS 0000080790, publiczna) 2014-11-13–nadal; Rada Nadzorcza @ PRZEDSIĘBIORSTWO GOSPODARKI KOMUNALNEJ (KRS 0000045812, publiczna) 2019-05-09–2020-03-13; Zarząd @ STOWARZYSZENIE ""MŁODZI DEMOKRACI"" (KRS 0000104734, prywatna/nieznana) 2002-04-04–2003-01-15; Zarząd @ MAZOWIECKIE CENTRUM STOMATOLOGII (KRS 0000338846, publiczna) 2015-05-13–2024-09-25; Zarząd @ CHP ENERGIA (KRS 0000390180, publiczna) 2024-12-02–nadal; Zarząd @ BIOENERGY PROJECT (KRS 0000333366, publiczna) 2024-11-19–nadal; Rada Nadzorcza @ SAMODZIELNY PUBLICZNY ZESPÓŁ ZAKŁADÓW LECZNICTWA OTWARTEGO WARSZAWA ŻOLIBORZ-BIELANY (KRS 0000096866, publiczna) 2017-09-26–nadal; Zarząd @ ORLEN BIOMETAN (KRS 0000489878, publiczna) 2024-08-08–nadal; Zarząd @ BIOUTIL (KRS 0000400197, publiczna) 2024-10-29–nadal",2018 Samorząd KOALICYJNY KOMITET WYBORCZY PLATFORMA.NOWOCZESNA KOALICJA OBYWATELSKA partia: PO; 2002 Samorząd KW Platforma Obywatelska Rzeczypospolitej Polskiej partia: PO; 2024 Samorząd KKW KOALICJA OBYWATELSKA partia: PO; 2001 Sejm Komitet Wyborczy Wyborców Platforma Obywatelska PKW-deklaracja: nie należy do partii politycznej; 1998 Samorząd Zarząd Unii Wolności; 2014 Samorząd Komitet Wyborczy Platforma Obywatelska RP partia: PO; 2010 Samorząd KOMITET WYBORCZY PLATFORMA OBYWATELSKA RP partia: PO
57,Janusz Stanisław Kobyliński,3.66,63,https://autopush.koryta.pl/osoba/C3PyiCUjvWGwwInAWYC7,C3PyiCUjvWGwwInAWYC7,evidence=4 pipeline=3 pipeline-capture=3 pipeline-pagerank=3 pipeline-succession=2 pipeline-together=1 pipeline-turnover=5,3.49,https://rejestr.io/osoby/850914,PiS,2024-09-27,"Rada Nadzorcza @ FUNDACJA ROZWOJU REGIONU PODLASKIEGO ""EKOLAND"" W SIEDLCACH (KRS 0000059491, prywatna/nieznana) 2004-10-12–2007-05-17; Rada Nadzorcza @ ENERGA CIEPŁO OSTROŁĘKA (KRS 0000058898, prywatna/nieznana) 2018-12-14–2020-07-10; Rada Nadzorcza @ AGENCJA ROZWOJU MIASTA SIEDLCE (KRS 0000221599, publiczna) 2015-05-12–2016-12-15; Rada Nadzorcza @ PRZEDSIĘBIORSTWO KOMUNIKACJI SAMOCHODOWEJ W ŁOSICACH SPÓŁKA Z OGRANICZONĄ ODPOWIEDZIALNOŚCIĄ (KRS 0000301626, publiczna) 2010-10-08–2016-08-24; Rada Nadzorcza @ PRZEDSIĘBIORSTWO USŁUG INŻYNIERYJNO-KOMUNALNYCH SPÓŁKA Z OGRANICZONĄ ODPOWIEDZIALNOŚCIĄ (KRS 0000175242, publiczna) 2015-03-31–2021-03-31; Zarząd @ PEC SERWIS (KRS 0000044765, publiczna) 2024-09-27–nadal",2005 Sejm Komitet Wyborczy Prawo i Sprawiedliwość partia: PiS; 2014 Samorząd Komitet Wyborczy Wyborców Nasza Gmina Łosice; 2010 Samorząd KOMITET WYBORCZY WYBORCÓW NASZA GMINA ŁOSICE PKW-deklaracja: członek Prawa i Sprawiedliwości; 2010 Samorząd KOMITET WYBORCZY WYBORCÓW NASZA GMINA ŁOSICE PKW-deklaracja: członek Prawa i Sprawiedliwości WYBRANY; 2018 Samorząd KOMITET WYBORCZY PRAWO I SPRAWIEDLIWOŚĆ partia: PiS PKW-deklaracja: Prawo i Sprawiedliwość; 2002 Samorząd KWW Nasza Gmina WYBRANY; 2014 Samorząd Komitet Wyborczy Prawo i Sprawiedliwość partia: PiS; 2006 Samorząd Komitet Wyborczy Prawo i Sprawiedliwość partia: PiS; 2002 Samorząd KWW Nasza Gmina; 2023 Sejm KOMITET WYBORCZY PRAWO I SPRAWIEDLIWOŚĆ partia: PiS PKW-deklaracja: członek partii politycznej: Prawo i Sprawiedliwość; 2018 Samorząd KOMITET WYBORCZY PRAWO I SPRAWIEDLIWOŚĆ partia: PiS; 2024 Samorząd KW PRAWO I SPRAWIEDLIWOŚĆ partia: PiS WYBRANY; 2006 Samorząd KWW Nasza Gmina Łosice; 2010 Samorząd KOMITET WYBORCZY PRAWO I SPRAWIEDLIWOŚĆ partia: PiS WYBRANY
58,Henryk Wiktor Pinis,3.66,64,https://autopush.koryta.pl/osoba/HZI8FRGQBfznp2EcgWoB,HZI8FRGQBfznp2EcgWoB,evidence=4 pipeline=4 pipeline-capture=3 pipeline-pagerank=3,3.40,https://rejestr.io/osoby/88604,"PO, PiS, SLD",2017-07-14,"Rada Nadzorcza @ WOJEWÓDZKI ZAKŁAD OPIEKI ZDROWOTNEJ NAD MATKĄ, DZIECKIEM I MŁODZIEŻĄ (KRS 0000002371, publiczna) 2017-07-14–2020-06-02",2002 Samorząd KWW SYMPATYKÓW PRAWA I SPRAWIEDLIWOŚCI; 2018 Samorząd KOALICYJNY KOMITET WYBORCZY SLD LEWICA RAZEM partia: SLD; 1998 Samorząd Zarząd Automobilklubu Częstochowskiego; 2005 Sejm Komitet Wyborczy Ruch Patriotyczny; 2004 Parlament Europejski Komitet Wyborczy Prawo i Sprawiedliwość partia: PiS PKW-deklaracja: Prawo i Sprawiedliwość; 2014 Samorząd Komitet Wyborczy Platforma Obywatelska RP partia: PO; 2010 Samorząd KOMITET WYBORCZY PLATFORMA OBYWATELSKA RP partia: PO
59,Krzysztof Wiesław Hećman,3.66,65,https://autopush.koryta.pl/osoba/JGmEE87LBdZ0OjDqn4Ex,JGmEE87LBdZ0OjDqn4Ex,evidence=4 pipeline=4 pipeline-capture=3 pipeline-pagerank=2 pipeline-succession=3 pipeline-turnover=4,3.48,https://rejestr.io/osoby/815694,PSL,2024-10-11,"Rada Nadzorcza @ WARMIŃSKO-MAZURSKA AGENCJA ROZWOJU REGIONALNEGO SPÓŁKA AKCYJNA W OLSZTYNIE (KRS 0000014479, publiczna) 2015-07-07–2016-08-17; Zarząd @ MIEJSKIE WODOCIĄGI I KANALIZACJA SPÓŁKA Z OGRANICZONĄ ODPOWIEDZIALNOŚCIĄ (KRS 0000192305, publiczna) 2024-10-11–nadal; Rada Nadzorcza @ ZAKŁAD GOSPODARKI KOMUNALNEJ W BARCIANACH SPÓŁKA Z OGRANICZONĄ ODPOWIEDZIALNOŚCIĄ (KRS 0000647199, publiczna) 2016-12-13–2019-03-29","2002 Samorząd KWW Kętrzyn 2000; 1994 Samorząd; 2006 Samorząd KWW KĘTRZYN - 2000; 1998 Samorząd Komitet Wyborczy ""Kętrzyn-2000""; 2019 Sejm KOMITET WYBORCZY POLSKIE STRONNICTWO LUDOWE partia: PSL PKW-deklaracja: członek partii politycznej: Polskie Stronnictwo Ludowe; 2002 Samorząd KWW Kętrzyn 2000 WYBRANY; 2011 Senat Komitet Wyborczy Polskie Stronnictwo Ludowe partia: PSL PKW-deklaracja: członek partii Polskie Stronnictwo Ludowe; 2010 Samorząd KOMITET WYBORCZY WYBORCÓW KĘTRZYN - 2000 PKW-deklaracja: członek Polskiego Stronnictwa Ludowego WYBRANY; 2014 Samorząd Komitet Wyborczy Polskie Stronnictwo Ludowe partia: PSL; 2007 Sejm Komitet Wyborczy Polskiego Stronnictwa Ludowego partia: PSL; 2014 Samorząd Komitet Wyborczy Polskie Stronnictwo Ludowe partia: PSL; 2018 Samorząd KOMITET WYBORCZY WYBORCÓW KĘTRZYŃSKA WSPÓLNOTA SAMORZĄDOWA PKW-deklaracja: Polskie Stronnictwo Ludowe; 2002 Samorząd KWW KĘTRZYN 2000; 2018 Samorząd KOMITET WYBORCZY WYBORCÓW KĘTRZYŃSKA WSPÓLNOTA SAMORZĄDOWA; 2024 Samorząd KWW KRZYSZTOFA HEĆMANA NASZE MIASTO KĘTRZYN WYBRANY; 2024 Samorząd KWW KRZYSZTOFA HEĆMANA NASZE MIASTO KĘTRZYN PKW-deklaracja: członek partii politycznej: Polskie Stronnictwo Ludowe; 2010 Samorząd KOMITET WYBORCZY WYBORCÓW KĘTRZYN - 2000 WYBRANY; 2006 Samorząd Komitet Wyborczy Wyborców KĘTRZYN - 2000"
60,Władysław Filar,3.65,66,https://autopush.koryta.pl/osoba/Onro7czQPUvJISMCozQj,Onro7czQPUvJISMCozQj,evidence=3 pipeline=4 pipeline-capture=5 pipeline-pagerank=3 pipeline-turnover=3,3.65,https://rejestr.io/osoby/3276351,PiS,2024-09-13,"Rada Nadzorcza @ SZPITAL SPECJALISTYCZNY CHORÓB PŁUC ""ODRODZENIE"" IM. KLARY JELSKIEJ (KRS 0000007565, publiczna) 2024-09-13–nadal","2006 Samorząd Komitet Wyborczy Prawo i Sprawiedliwość partia: PiS; 2024 Samorząd KW PRAWO I SPRAWIEDLIWOŚĆ partia: PiS WYBRANY; 1994 Samorząd; 2010 Samorząd KOMITET WYBORCZY PRAWO I SPRAWIEDLIWOŚĆ partia: PiS WYBRANY; 2014 Samorząd Komitet Wyborczy Prawo i Sprawiedliwość partia: PiS; 1998 Samorząd Komitet Wyborczy ""Koalicja Solidarni Ponad Podziałami"" - Dla rodziny, miasta, regionu.; 2002 Samorząd KW Klubu imienia Władysława Zamoyskiego w Zakopanem; 2018 Samorząd KOMITET WYBORCZY PRAWO I SPRAWIEDLIWOŚĆ partia: PiS"
61,Piotr Zygmunt Machaj,3.65,67,https://autopush.koryta.pl/osoba/ZWnR1Ss5uV9BEy3HCyyu,ZWnR1Ss5uV9BEy3HCyyu,evidence=3 pipeline=5 pipeline-capture=3 pipeline-pagerank=2 pipeline-succession=1 pipeline-together=1 pipeline-turnover=4,3.65,https://rejestr.io/osoby/2279364,SLD,2019-07-19,"Rada Nadzorcza @ MIEJSKIE PRZEDSIĘBIORSTWO GOSPODARKI KOMUNALNEJ SPÓŁKA Z OGRANICZONĄ ODPOWIEDZIALNOŚCIĄ (KRS 0000195605, publiczna) 2004-03-04–2007-03-23; Rada Nadzorcza @ PRZEDSIĘBIORSTWO WODOCIĄGÓW I KANALIZACJI ""NYSA"" SPÓŁKA Z OGRANICZONĄ ODPOWIEDZIALNOŚCIĄ (KRS 0000076200, publiczna) 2002-10-21–2003-05-07; Rada Nadzorcza @ CENTRUM SPORTOWO REKREACYJNE SPÓŁKA Z OGRANICZONĄ ODPOWIEDZIALNOŚCIĄ (KRS 0000096393, publiczna) 2019-07-19–2024-07-04","1998 Samorząd Komitet Wyborczy ""Centroprawica Ziemi Zgorzeleckiej Razem""; 2014 Samorząd Komitet Wyborczy Wyborców Ponad Podziałami; 2014 Samorząd Komitet Wyborczy Wyborców Ponad Podziałami; 2018 Samorząd KOMITET WYBORCZY WYBORCÓW SAMORZĄD PONAD PODZIAŁAMI WYBRANY; 2010 Samorząd KOMITET WYBORCZY WYBORCÓW POROZUMIENIE DLA WSI WYBRANY; 1994 Samorząd; 2002 Samorząd Koalicyjny KW Sojusz Lewicy Demokratycznej - Unia Pracy partia: SLD; 2024 Samorząd KWW PONAD PODZIAŁAMI PKW-deklaracja: nie należy do partii politycznej WYBRANY; 2006 Samorząd Komitet Wyborczy Wyborców Porozumienie dla wsi"
62,Wiesława Krawczyk,3.64,68,https://autopush.koryta.pl/osoba/cRM6P3GUvPJCK5u4zsgV,cRM6P3GUvPJCK5u4zsgV,evidence=3 pipeline=4 pipeline-capture=3 pipeline-facts=4 pipeline-pagerank=3 pipeline-turnover=4,3.64,https://rejestr.io/osoby/1210728,"PSL, Polska 2050",2024-07-08,"Rada Nadzorcza @ SPECJALISTYCZNY SZPITAL WOJEWÓDZKI W CIECHANOWIE (KRS 0000008892, publiczna) 2019-08-13–2021-11-23; Rada Nadzorcza @ INSTYTUCJA FILMOWA ""MAX-FILM"" SPÓŁKA AKCYJNA (KRS 0000236457, publiczna) 2022-08-26–2024-03-14; Rada Nadzorcza @ MIĘDZYLESKI SZPITAL SPECJALISTYCZNY W WARSZAWIE (KRS 0000080872, publiczna) 2012-12-20–2016-11-22; Rada Nadzorcza @ MAZOWIECKI SZPITAL WOJEWÓDZKI IM. ŚW. JANA PAWŁA II W SIEDLCACH (KRS 0000336825, publiczna) 2024-07-08–nadal","2010 Samorząd KOMITET WYBORCZY POLSKIE STRONNICTWO LUDOWE partia: PSL WYBRANY; 2006 Samorząd Komitet Wyborczy Polskiego Stronnictwa Ludowego partia: PSL; 2018 Samorząd KOMITET WYBORCZY POLSKIE STRONNICTWO LUDOWE partia: PSL; 2002 Samorząd KW Polskiego Stronnictwa Ludowego partia: PSL; 1998 Samorząd Komitet Wyborczy pn. ""Rodzina""; 2024 Samorząd KKW TRZECIA DROGA PSL-PL2050 SZYMONA HOŁOWNI; 2014 Samorząd Komitet Wyborczy Polskie Stronnictwo Ludowe partia: PSL"
63,Czesław Alfred Kwaśniak,3.62,69,https://autopush.koryta.pl/osoba/0CtYvT2jxTYYc7M9TcRa,0CtYvT2jxTYYc7M9TcRa,evidence=4 pipeline=3 pipeline-capture=4 pipeline-pagerank=3 pipeline-succession=3 pipeline-together=1 pipeline-turnover=4,3.44,https://rejestr.io/osoby/555785,"Konfederacja, PSL, Polska 2050",2024-06-19,"Rada Nadzorcza @ TARNOWSKI KLASTER PRZEMYSŁOWY (KRS 0000040960, prywatna/nieznana) 2021-05-17–2022-07-01; Rada Nadzorcza @ TARNOWSKIE WODOCIĄGI (KRS 0000085822, publiczna) 2003-07-08–2003-07-15; Rada Nadzorcza @ EURO-EKO (KRS 0000069701, publiczna) 2006-10-25–2013-07-31; Rada Nadzorcza @ MIEJSKIE PRZEDSIĘBIORSTWO ENERGETYKI CIEPLNEJ SPÓŁKA Z OGRANICZONĄ ODPOWIEDZIALNOŚCIĄ (KRS 0000066997, publiczna) 2008-07-25–2013-06-27; Rada Nadzorcza @ MAŁOPOLSKA AGENCJA ROZWOJU REGIONALNEGO (KRS 0000033198, prywatna/nieznana) 2016-03-17–2018-04-10; Rada Nadzorcza @ AMW TOWARZYSTWO BUDOWNICTWA SPOŁECZNEGO ""KWATERA"" (KRS 0000140528, publiczna) 2024-06-19–nadal; Rada Nadzorcza @ MIEJSKIE PRZEDSIĘBIORSTWO KOMUNIKACYJNE (KRS 0000076369, publiczna) 2022-08-30–2024-09-09; Rada Nadzorcza @ TARNOWSKA GRUPOWA OCZYSZCZALNIA ŚCIEKÓW (KRS 0000193191, prywatna/nieznana) 2004-02-10–2005-07-13",1998 Samorząd Komitet Wyborczy Akcja Wyborcza Solidarność; 2002 Samorząd KW Liga Polskich Rodzin; 2019 Sejm KOMITET WYBORCZY KONFEDERACJA WOLNOŚĆ I NIEPODLEGŁOŚĆ partia: Konfederacja PKW-deklaracja: członek partii politycznej: Zjednoczenie Chrześcijańskich Rodzin; 2024 Samorząd KKW TRZECIA DROGA PSL-PL2050 SZYMONA HOŁOWNI
64,Bogdan Marek Pęk,3.62,70,https://autopush.koryta.pl/osoba/KBIsuBFM00sRYowmBdvb,KBIsuBFM00sRYowmBdvb,evidence=4 pipeline=5 pipeline-capture=3 pipeline-pagerank=3 pipeline-succession=1 pipeline-together=1 pipeline-turnover=3,3.44,https://rejestr.io/osoby/2135171,"PSL, PiS",2026-04-23,"Rada Nadzorcza @ MAŁOPOLSKI SZPITAL ORTOPEDYCZNO-REHABILITACYJNY IM. PROF.BOGUSŁAWA FRAŃCZUKA (KRS 0000038598, publiczna) 2025-06-25–nadal; Rada Nadzorcza @ BANK POCZTOWY (KRS 0000010821, prywatna/nieznana) 2016-10-28–2017-02-08; Rada Nadzorcza @ KRAKOWSKI SZPITAL SPECJALISTYCZNY IM. ŚW. JANA PAWŁA II (KRS 0000046052, publiczna) 2021-05-20–2025-05-09; Rada Nadzorcza @ ZAKŁAD WODOCIĄGÓW I KANALIZACJI (KRS 0000170072, publiczna) 2022-08-01–2026-06-24; Rada Nadzorcza @ SZPITAL MIEJSKI W RABCE-ZDROJU (KRS 0000280873, publiczna) 2026-04-23–nadal",2014 Parlament Europejski Komitet Wyborczy Prawo i Sprawiedliwość partia: PiS PKW-deklaracja: członek partii Prawo i Sprawiedliwość; 2004 Parlament Europejski Komitet Wyborczy Liga Polskich Rodzin PKW-deklaracja: Liga Polskich Rodzin; 2010 Samorząd KOMITET WYBORCZY PRAWO I SPRAWIEDLIWOŚĆ partia: PiS WYBRANY; 2009 Parlament Europejski Komitet Wyborczy Prawo i Sprawiedliwość partia: PiS; 2024 Samorząd KW PRAWO I SPRAWIEDLIWOŚĆ partia: PiS WYBRANY; 2011 Senat Komitet Wyborczy Prawo i Sprawiedliwość partia: PiS PKW-deklaracja: członek partii Prawo i Sprawiedliwość WYBRANY; 1991 Sejm Polskie Stronnictwo Ludowe Sojusz Programowy; 1997 Sejm Naczelny Komitet Wykonawczy Polskiego Stronnictwa Ludowego partia: PSL; 2001 Sejm Komitet Wyborczy Polskiego Stronnictwa Ludowego partia: PSL PKW-deklaracja: Polskie Stronnictwo Ludowe; 1998 Samorząd Krajowy Komitet Wyborczy Przymierze Społeczne: PSL-UP-KPEiR partia: PSL; 2023 Sejm KOMITET WYBORCZY PRAWO I SPRAWIEDLIWOŚĆ partia: PiS PKW-deklaracja: członek partii politycznej: Prawo i Sprawiedliwość; 2019 Sejm KOMITET WYBORCZY PRAWO I SPRAWIEDLIWOŚĆ partia: PiS PKW-deklaracja: członek partii politycznej: Prawo i Sprawiedliwość; 2018 Samorząd KOMITET WYBORCZY PRAWO I SPRAWIEDLIWOŚĆ partia: PiS; 1993 Sejm Polskie Stronnictwo Ludowe
65,Janusz Stefan Mękarski,3.62,71,https://autopush.koryta.pl/osoba/jL8e1MimeXuQ4WuMEDPc,jL8e1MimeXuQ4WuMEDPc,evidence=4 pipeline=4 pipeline-capture=3 pipeline-pagerank=3 pipeline-succession=1 pipeline-together=1 pipeline-turnover=4,3.44,https://rejestr.io/osoby/742099,PO,2025-04-25,"Rada Nadzorcza @ PRZEDSIĘBIORSTWO KOMUNIKACJI SAMOCHODOWEJ W BEŁCHATOWIE (KRS 0000302235, publiczna) 2024-11-22–nadal; Zarząd @ ELMEN (KRS 0000211991, publiczna) 2025-04-25–nadal; Rada Nadzorcza @ SZPITAL WOJEWÓDZKI IM. JANA PAWŁA II W BEŁCHATOWIE (KRS 0000006103, publiczna) 2012-04-03–2017-11-13; Zarząd @ ZAKŁAD WODOCIĄGÓW I KANALIZACJI ""WOD.-KAN."" (KRS 0000109360, publiczna) 2005-04-25–2008-02-26",2002 Samorząd KWW Porozumienie Platforma Sprawiedliwości; 2014 Samorząd Komitet Wyborczy Platforma Obywatelska RP partia: PO; 2010 Samorząd KOMITET WYBORCZY PLATFORMA OBYWATELSKA RP partia: PO PKW-deklaracja: członek Platformy Obywatelskiej Rzeczypospolitej Polskiej; 2010 Samorząd KOMITET WYBORCZY PLATFORMA OBYWATELSKA RP partia: PO WYBRANY; 2024 Samorząd KW EBE WSPÓLNIE DLA POWIATU
66,Bogdan Józef Mielnik,3.61,72,https://autopush.koryta.pl/osoba/BcI33MEDq7FZRIrlt6i4,BcI33MEDq7FZRIrlt6i4,evidence=3 pipeline=5 pipeline-capture=3 pipeline-pagerank=3 pipeline-succession=1,3.37,https://rejestr.io/osoby/1240151,SLD,2005-02-14,"Rada Nadzorcza @ BOGATYŃSKIE WODOCIĄGI I OCZYSZCZALNIA (KRS 0000046613, publiczna) 2005-02-14–2007-01-03","2002 Samorząd Koalicyjny KW Sojusz Lewicy Demokratycznej - Unia Pracy partia: SLD; 1998 Samorząd Blok Wyborczy ""Wspólnota Samorządowa""; 2010 Samorząd KOMITET WYBORCZY WYBORCÓW WSPÓLNY POWIAT 2010+"
67,Marcin Podsędek,3.59,73,https://autopush.koryta.pl/osoba/aOrQWGZLG4J4i4o4K0xv,aOrQWGZLG4J4i4o4K0xv,evidence=4 pipeline=4 pipeline-capture=4 pipeline-facts=4 pipeline-pagerank=3 pipeline-succession=1 pipeline-turnover=3,3.44,https://rejestr.io/osoby/2546723,"PO, SLD",2026-07-30,"Rada Nadzorcza @ MAZOWIECKIE SPECJALISTYCZNE CENTRUM ZDROWIA IM. PROF. JANA MAZURKIEWICZA W PRUSZKOWIE (KRS 0000006607, publiczna) 2020-07-17–2023-01-23; Rada Nadzorcza @ ZAKŁAD WODOCIĄGÓW I KANALIZACJI W ŁOMIANKACH SPÓŁKA Z OGRANICZONĄ ODPOWIEDZIALNOŚCIĄ (KRS 0000234281, publiczna) 2022-04-07–2025-05-22; Rada Nadzorcza @ MAZOWIECKIE CENTRUM LECZENIA CHORÓB PŁUC I GRUŹLICY (KRS 0000080790, publiczna) 2026-07-30–nadal; Zarząd @ TOWARZYSTWO BUDOWNICTWA SPOŁECZNEGO WARSZAWA PÓŁNOC (KRS 0000019230, publiczna) 2019-06-06–nadal; Rada Nadzorcza @ SAMODZIELNY ZESPÓŁ PUBLICZNYCH ZAKŁADÓW OPIEKI ZDROWOTNEJ IM. DZIECI WARSZAWY W DZIEKANOWIE LEŚNYM (KRS 0000072265, publiczna) 2022-01-14–nadal",2005 Sejm Komitet Wyborczy Socjaldemokracji Polskiej; 2018 Samorząd KOALICYJNY KOMITET WYBORCZY PLATFORMA.NOWOCZESNA KOALICJA OBYWATELSKA partia: PO; 2010 Samorząd KOMITET WYBORCZY WYBORCÓW POROZUMIENIE ZIEMI SOCHACZEWSKIEJ WYBRANY; 2014 Samorząd Komitet Wyborczy Wyborców Porozumienie Ziemi Sochaczewskiej; 2024 Samorząd KKW KOALICJA OBYWATELSKA partia: PO WYBRANY; 2015 Sejm Komitet Wyborczy Nowoczesna Ryszarda Petru; 2024 Parlament Europejski KOALICYJNY KOMITET WYBORCZY KOALICJA OBYWATELSKA partia: PO PKW-deklaracja: członek partii politycznej: Platforma Obywatelska RP; 2002 Samorząd Koalicyjny KW Sojusz Lewicy Demokratycznej - Unia Pracy partia: SLD
68,Błażej Konkol,3.59,74,https://autopush.koryta.pl/osoba/bUcDOCBEMEYYbCI7Z7Qv,bUcDOCBEMEYYbCI7Z7Qv,evidence=4 pipeline=5 pipeline-capture=2 pipeline-facts=4 pipeline-pagerank=2 pipeline-turnover=3,3.44,https://rejestr.io/osoby/1314645,,2026-04-24,"Zarząd @ POMORSKA SPECJALNA STREFA EKONOMICZNA (KRS 0000033744, publiczna) 2024-11-20–2026-04-24; Zarząd @ ZARZĄD MORSKIEGO PORTU GDAŃSK (KRS 0000040398, publiczna) 2026-04-24–nadal","2014 Samorząd Komitet Wyborczy Wyborców Samorządność Gminy Trąbki Wielkie; 2006 Samorząd KWW Tu jest Nasz Wspólny Dom; 1998 Samorząd Komitet Wyborczy ""Nasze Osiedle""; 2024 Samorząd KWW SAMORZĄDNOŚĆ GMINY TRĄBKI WIELKIE PKW-deklaracja: nie należy do partii politycznej; 2002 Samorząd KWW Tu Jest Nasz Dom WYBRANY; 2018 Samorząd KOMITET WYBORCZY WYBORCÓW SAMORZĄDNOŚĆ GMINY TRĄBKI WIELKIE WYBRANY; 2001 Sejm Koalicyjny Komitet Wyborczy - Akcja Wyborcza Solidarność Prawicy PKW-deklaracja: członek RS AWS; 2010 Samorząd KOMITET WYBORCZY WYBORCÓW TU JEST NASZ WSPÓLNY DOM WYBRANY"
69,Henryk Stanisław Matej,3.59,75,https://autopush.koryta.pl/osoba/sZ4lMNDQDNvMIXQCnVe4,sZ4lMNDQDNvMIXQCnVe4,evidence=4 pipeline=4 pipeline-capture=4 pipeline-pagerank=2 pipeline-turnover=3,3.41,https://rejestr.io/osoby/1251668,PSL,2019-08-30,"Rada Nadzorcza @ SAMODZIELNY PUBLICZNY ZESPÓŁ OPIEKI ZDROWOTNEJ W SZCZEBRZESZYNIE (KRS 0000008301, publiczna) 2019-08-30–nadal",1998 Samorząd Naczelny Komitet Wykonawczy Polskiego Strinnictwa Ludowego; 2002 Samorząd KW Polskiego Stronnictwa Ludowego partia: PSL; 2007 Sejm Komitet Wyborczy Polskiego Stronnictwa Ludowego partia: PSL; 2010 Samorząd KOMITET WYBORCZY WYBORCÓW HENRYKA MATEJA PKW-deklaracja: członek Polskiego Stronnictwa Ludowego; 2014 Samorząd Komitet Wyborczy Polskie Stronnictwo Ludowe partia: PSL; 2010 Samorząd KOMITET WYBORCZY POLSKIE STRONNICTWO LUDOWE partia: PSL WYBRANY; 2006 Samorząd Komitet Wyborczy Polskiego Stronnictwa Ludowego partia: PSL; 2018 Samorząd KOMITET WYBORCZY WYBORCÓW HENRYKA MATEJA PKW-deklaracja: PSL WYBRANY
70,Maciej Żmuda,3.58,76,https://autopush.koryta.pl/osoba/DP8Z4p3n0uB198tSxSp3,DP8Z4p3n0uB198tSxSp3,evidence=3 pipeline=5 pipeline-capture=3 pipeline-pagerank=3 pipeline-turnover=3,3.58,https://rejestr.io/osoby/2769750,PO,2025-11-17,"Rada Nadzorcza @ WOJEWÓDZKA PRZYCHODNIA STOMATOLOGICZNA IM. DR. N. MED. ZBIGNIEWA ŻAKA W KRAKOWIE (KRS 0000002532, publiczna) 2025-11-17–nadal",2015 Sejm Komitet Wyborczy Platforma Obywatelska RP partia: PO; 2014 Samorząd Komitet Wyborczy Platforma Obywatelska RP partia: PO; 2024 Samorząd KKW KOALICJA OBYWATELSKA partia: PO
71,Tomasz Araszkiewicz,3.58,77,https://autopush.koryta.pl/osoba/GqFRf5iIVcXJmALjGohF,GqFRf5iIVcXJmALjGohF,evidence=4 pipeline=4 pipeline-capture=3 pipeline-pagerank=2,3.32,https://rejestr.io/osoby/1406727,PO,2022-01-19,"Zarząd @ MAZOWIECKI SZPITAL WOJEWÓDZKI IM. ŚW. JANA PAWŁA II W SIEDLCACH (KRS 0000336825, publiczna) 2022-01-19–nadal",2010 Samorząd KOMITET WYBORCZY PLATFORMA OBYWATELSKA RP partia: PO WYBRANY; 2014 Samorząd Komitet Wyborczy Platforma Obywatelska RP partia: PO; 2018 Samorząd KOMITET WYBORCZY WYBORCÓW LEPSZE SIEDLCE; 2024 Parlament Europejski KOALICYJNY KOMITET WYBORCZY KOALICJA OBYWATELSKA partia: PO PKW-deklaracja: członek partii politycznej: Platforma Obywatelska RP; 2024 Samorząd KWW BEZPARTYJNE SIEDLCE KOALICJA OBYWATELSKA WYBRANY; 2023 Sejm KOALICYJNY KOMITET WYBORCZY KOALICJA OBYWATELSKA PO .N IPL ZIELONI partia: PO PKW-deklaracja: członek partii politycznej: Platforma Obywatelska RP
72,Jerzy Stachyra,3.58,78,https://autopush.koryta.pl/osoba/i6em1TDFhxwTKhwgLr8o,i6em1TDFhxwTKhwgLr8o,evidence=4 pipeline=4 pipeline-capture=3 pipeline-pagerank=2,3.32,https://rejestr.io/osoby/905805,"PO, PiS",2026-08-04,"Rada Nadzorcza @ SAMODZIELNY PUBLICZNY ZESPÓŁ OPIEKI ZDROWOTNEJ W BOGATYNI (KRS 0000056231, publiczna) 2026-08-04–nadal",2018 Samorząd KOMITET WYBORCZY WYBORCÓW BOGATYNIA ODNOWA; 2014 Samorząd Komitet Wyborczy Prawo i Sprawiedliwość partia: PiS; 2018 Samorząd KOMITET WYBORCZY WYBORCÓW BOGATYNIA ODNOWA; 2015 Sejm Komitet Wyborczy Prawo i Sprawiedliwość partia: PiS; 2023 Sejm KOALICYJNY KOMITET WYBORCZY KOALICJA OBYWATELSKA PO .N IPL ZIELONI partia: PO PKW-deklaracja: członek partii politycznej: Platforma Obywatelska RP; 2010 Samorząd KOMITET WYBORCZY PRAWO I SPRAWIEDLIWOŚĆ partia: PiS WYBRANY; 2024 Samorząd KKW KOALICJA OBYWATELSKA partia: PO WYBRANY; 2011 Sejm Komitet Wyborczy Prawo i Sprawiedliwość partia: PiS PKW-deklaracja: członek partii Prawo i Sprawiedliwość
73,Julian Jokś,3.58,79,https://autopush.koryta.pl/osoba/oscLQZMDbn4OZcoTgMKc,oscLQZMDbn4OZcoTgMKc,evidence=4 pipeline=4 pipeline-capture=5 pipeline-pagerank=1 pipeline-succession=1 pipeline-together=2 pipeline-turnover=3,3.40,https://rejestr.io/osoby/1399722,PSL,2021-01-28,"Rada Nadzorcza @ ZWIĄZEK MIAST POLSKICH (KRS 0000069153, prywatna/nieznana) 2011-06-13–2016-05-24; Zarząd @ ZWIĄZEK MIAST POLSKICH (KRS 0000069153, prywatna/nieznana) 2007-06-06–2011-06-13; Rada Nadzorcza @ POZNAŃSKI OŚRODEK ZDROWIA PSYCHICZNEGO (KRS 0000002648, publiczna) 2021-01-28–nadal","1994 Samorząd; 1998 Samorząd Komitet Wyborczy ""Ziemia Krotoszyńska""; 2014 Samorząd Komitet Wyborczy Polskie Stronnictwo Ludowe partia: PSL; 2010 Samorząd KOMITET WYBORCZY POLSKIE STRONNICTWO LUDOWE partia: PSL WYBRANY; 2006 Samorząd KWW SPL; 2002 Samorząd KW Polskiego Stronnictwa Ludowego partia: PSL; 2002 Samorząd KW Polskiego Stronnictwa Ludowego partia: PSL; 2006 Samorząd Komitet Wyborczy Wyborców Samorządowe Porozumienie Ludowe; 2001 Sejm Komitet Wyborczy Polskiego Stronnictwa Ludowego partia: PSL PKW-deklaracja: członek Polskiego Stronnictwa Ludowego; 2010 Samorząd KOMITET WYBORCZY POLSKIE STRONNICTWO LUDOWE partia: PSL PKW-deklaracja: członek Polskiego Stronnictwa Ludowego WYBRANY; 2002 Samorząd KW Polskiego Stronnictwa Ludowego partia: PSL WYBRANY"
74,Ewa Zdrojewska,3.57,80,https://autopush.koryta.pl/osoba/BkxhvfzzNBEyi3SFo4SG,BkxhvfzzNBEyi3SFo4SG,evidence=3 pipeline=4 pipeline-capture=3 pipeline-pagerank=3 pipeline-together=1 pipeline-turnover=4,3.57,https://rejestr.io/osoby/509482,,2020-03-11,"Rada Nadzorcza @ SANATORIA DOLNOŚLĄSKIE SPÓŁKA Z OGRANICZONĄ ODPOWIEDZIALNOŚCIĄ (KRS 0000128228, publiczna) 2020-03-11–nadal; Rada Nadzorcza @ WROCŁAWSKA AGENCJA ROZWOJU REGIONALNEGO SPÓŁKA AKCYJNA (KRS 0000055657, prywatna/nieznana) 2019-03-28–2020-04-16",2019 Sejm KOMITET WYBORCZY WYBORCÓW KOALICJA BEZPARTYJNI I SAMORZĄDOWCY PKW-deklaracja: nie należy do partii politycznej; 2023 Sejm KOMITET WYBORCZY BEZPARTYJNI SAMORZĄDOWCY PKW-deklaracja: nie należy do partii politycznej; 2024 Samorząd KW STOWARZYSZENIE „BEZPARTYJNI SAMORZĄDOWCY”; 2014 Samorząd Komitet Wyborczy Wyborców BEZPARTYJNI SAMORZĄDOWCY; 2018 Samorząd KOMITET WYBORCZY WYBORCÓW BEZPARTYJNI SAMORZĄDOWCY
75,Krzysztof Bałdyga,3.57,81,https://autopush.koryta.pl/osoba/MoE2p6W1VWsNI9nmfvYt,MoE2p6W1VWsNI9nmfvYt,evidence=4 pipeline=3 pipeline-capture=2 pipeline-pagerank=3 pipeline-turnover=5,3.38,https://rejestr.io/osoby/471546,PSL,2019-10-10,"Rada Nadzorcza @ OSTROŁĘCKIE TOWARZYSTWO BUDOWNICTWA SPOŁECZNEGO SPÓŁKA Z OGRANICZONĄ ODPOWIEDZIALNOŚCIĄ (KRS 0000052950, publiczna) 2019-10-10–2022-04-12; Rada Nadzorcza @ SAMODZIELNY PUBLICZNY ZAKŁAD OPIEKI ZDROWOTNEJ ""MEDITRANS OSTROŁĘKA"" STACJA POGOTOWIA RATUNKOWEGO I TRANSPORTU SANITARNEGO W OSTROŁĘCE (KRS 0000078731, publiczna) 2019-06-06–2023-05-16; Rada Nadzorcza @ MAZOWIECKI SZPITAL SPECJALISTYCZNY IM.DR.JÓZEFA PSARSKIEGO W OSTROŁĘCE (KRS 0000147508, publiczna) 2019-05-21–nadal","2014 Samorząd Komitet Wyborczy Wyborców „Nasza Ostrołęka""; 2015 Sejm Komitet Wyborczy Polskie Stronnictwo Ludowe partia: PSL; 2018 Samorząd KOMITET WYBORCZY POLSKIE STRONNICTWO LUDOWE partia: PSL; 2002 Samorząd KW Towarzystwa Przyjaciół Ostrołęki; 2011 Sejm Komitet Wyborczy Polskie Stronnictwo Ludowe partia: PSL PKW-deklaracja: członek partii Polskie Stronnictwo Ludowe; 2010 Samorząd KOMITET WYBORCZY POLSKIE STRONNICTWO LUDOWE partia: PSL"
76,Iwona Gibas,3.57,82,https://autopush.koryta.pl/osoba/cEC1mnz1E5aI23QyY06D,cEC1mnz1E5aI23QyY06D,evidence=3 pipeline=4 pipeline-capture=3 pipeline-pagerank=3 pipeline-turnover=4,3.57,https://rejestr.io/osoby/3290384,PiS,2024-11-21,"Rada Nadzorcza @ MAŁOPOLSKI SZPITAL CHORÓB PŁUC I REHABILITACJI IM. EDMUNDA WOJTYŁY (KRS 0000030254, publiczna) 2024-11-21–nadal; Rada Nadzorcza @ WOJEWÓDZKI SZPITAL OKULISTYCZNY W KRAKOWIE (KRS 0000005551, publiczna) 2024-10-30–nadal",2014 Samorząd Komitet Wyborczy Prawo i Sprawiedliwość partia: PiS; 2023 Sejm KOMITET WYBORCZY PRAWO I SPRAWIEDLIWOŚĆ partia: PiS PKW-deklaracja: nie należy do partii politycznej; 2018 Samorząd KOMITET WYBORCZY PRAWO I SPRAWIEDLIWOŚĆ partia: PiS; 2024 Samorząd KW PRAWO I SPRAWIEDLIWOŚĆ partia: PiS WYBRANY; 2019 Sejm KOMITET WYBORCZY PRAWO I SPRAWIEDLIWOŚĆ partia: PiS PKW-deklaracja: nie należy do partii politycznej; 2010 Samorząd KOMITET WYBORCZY PRAWO I SPRAWIEDLIWOŚĆ partia: PiS
77,Piotr Walkowski,3.57,83,https://autopush.koryta.pl/osoba/mOVWFc6xuarTFxeBwUbO,mOVWFc6xuarTFxeBwUbO,evidence=3 pipeline=4 pipeline-capture=4 pipeline-pagerank=2,3.57,https://rejestr.io/osoby/1153315,PSL,2022-11-10,"Rada Nadzorcza @ PRZEDSIĘBIORSTWO USŁUG KOMUNALNYCH (KRS 0000064456, publiczna) 2022-11-10–2024-08-14",2014 Samorząd Komitet Wyborczy Polskie Stronnictwo Ludowe partia: PSL; 2018 Samorząd KOMITET WYBORCZY POLSKIE STRONNICTWO LUDOWE partia: PSL; 2010 Samorząd KOMITET WYBORCZY POLSKIE STRONNICTWO LUDOWE partia: PSL WYBRANY; 2024 Samorząd KWW PIOTRA WALKOWSKIEGO PKW-deklaracja: nie należy do partii politycznej
78,Krzysztof Nosal,3.57,84,https://autopush.koryta.pl/osoba/uTD6wbmeCQe6l8dhchAW,uTD6wbmeCQe6l8dhchAW,evidence=4 pipeline=3 pipeline-capture=4 pipeline-facts=5 pipeline-pagerank=2 pipeline-turnover=3,3.42,https://rejestr.io/osoby/701849,"PSL, Polska 2050",2024-08-28,"Zarząd @ STOWARZYSZENIE AGLOMERACJA KALISKO-OSTROWSKA (KRS 0000547613, prywatna/nieznana) 2015-03-10–2024-10-08; Zarząd @ WYTWÓRNIA SPRZĘTU KOMUNIKACYJNEGO ""PZL-KALISZ"" (KRS 0000071223, prywatna/nieznana) 2024-08-28–nadal","1998 Samorząd KOMITET WYBORCZY ""SAMORZĄDNY ZAKRZYN""; 2023 Sejm KOALICYJNY KOMITET WYBORCZY TRZECIA DROGA POLSKA 2050 SZYMONA HOŁOWNI - POLSKIE STRONNICTWO LUDOWE PKW-deklaracja: członek partii politycznej: Polskie Stronnictwo Ludowe; 2014 Samorząd Komitet Wyborczy Polskie Stronnictwo Ludowe partia: PSL; 2024 Samorząd KKW TRZECIA DROGA PSL-PL2050 SZYMONA HOŁOWNI WYBRANY; 2005 Sejm Komitet Wyborczy Polskiego Stronnictwa Ludowego partia: PSL; 2015 Sejm Komitet Wyborczy Polskie Stronnictwo Ludowe partia: PSL; 1994 Samorząd; 2018 Samorząd KOMITET WYBORCZY POLSKIE STRONNICTWO LUDOWE partia: PSL; 2006 Samorząd Komitet Wyborczy Polskiego Stronnictwa Ludowego partia: PSL; 2002 Samorząd KWW Lisków - Nasza Gmina; 2010 Samorząd KOMITET WYBORCZY POLSKIE STRONNICTWO LUDOWE partia: PSL WYBRANY"
79,Marek Kos,3.56,86,https://autopush.koryta.pl/osoba/2J8KRRyvRe3XRPBudz42,2J8KRRyvRe3XRPBudz42,evidence=4 pipeline=5 pipeline-capture=3 pipeline-pagerank=2 pipeline-succession=1 pipeline-turnover=3,3.39,https://rejestr.io/osoby/2335208,"PSL, Polska 2050",2020-04-23,"Rada Nadzorcza @ WOJEWÓDZKI SZPITAL SPECJALISTYCZNY IM. STEFANA KARDYNAŁA WYSZYŃSKIEGO SAMODZIELNY PUBLICZNY ZAKŁAD OPIEKI ZDROWOTNEJ W LUBLINIE (KRS 0000003717, publiczna) 2020-04-23–nadal",2002 Samorząd KW Polskiego Stronnictwa Ludowego partia: PSL; 2019 Sejm KOMITET WYBORCZY POLSKIE STRONNICTWO LUDOWE partia: PSL PKW-deklaracja: członek partii politycznej: Polskie Stronnictwo Ludowe; 2018 Samorząd KOMITET WYBORCZY POLSKIE STRONNICTWO LUDOWE partia: PSL; 2024 Samorząd KKW TRZECIA DROGA PSL-PL2050 SZYMONA HOŁOWNI WYBRANY; 2010 Samorząd KOMITET WYBORCZY POLSKIE STRONNICTWO LUDOWE partia: PSL; 2014 Samorząd Komitet Wyborczy Polskie Stronnictwo Ludowe partia: PSL; 2015 Sejm Komitet Wyborczy Polskie Stronnictwo Ludowe partia: PSL; 2009 Parlament Europejski Komitet Wyborczy Polskie Stronnictwo Ludowe partia: PSL
80,Andrzej Grzmielewicz,3.56,87,https://autopush.koryta.pl/osoba/Hp2Tbfqz6Du8JZDUYqr4,Hp2Tbfqz6Du8JZDUYqr4,evidence=4 pipeline=5 pipeline-capture=3 pipeline-pagerank=2 pipeline-succession=1 pipeline-turnover=3,3.39,https://rejestr.io/osoby/1315628,PiS,2007-02-01,"Rada Nadzorcza @ CENTRUM SPORTOWO REKREACYJNE SPÓŁKA Z OGRANICZONĄ ODPOWIEDZIALNOŚCIĄ (KRS 0000096393, publiczna) 2007-02-01–2008-05-08","2010 Samorząd KOMITET WYBORCZY PRAWO I SPRAWIEDLIWOŚĆ partia: PiS PKW-deklaracja: członek Prawa i Sprawiedliwości WYBRANY; 2018 Samorząd KOMITET WYBORCZY WYBORCÓW ANDRZEJA GRZMIELEWICZA; 2014 Samorząd Komitet Wyborczy Prawo i Sprawiedliwość partia: PiS; 1998 Samorząd Niezależny Komitet Wyborczy Ziemi Bogatyńskiej; 2010 Samorząd KOMITET WYBORCZY PRAWO I SPRAWIEDLIWOŚĆ partia: PiS WYBRANY; 1994 Samorząd; 2018 Samorząd KOMITET WYBORCZY WYBORCÓW ANDRZEJA GRZMIELEWICZA PKW-deklaracja: Prawo i Sprawiedliwość; 2002 Samorząd KWW TWOJE MIASTO, TWOJA GMINA - BOGATYNIA; 2014 Samorząd Komitet Wyborczy Prawo i Sprawiedliwość partia: PiS; 2006 Samorząd Komitet Wyborczy Prawo i Sprawiedliwość partia: PiS; 2006 Samorząd KW Prawo i Sprawiedliwość partia: PiS"
81,Kazimierz Barczyk,3.56,88,https://autopush.koryta.pl/osoba/ROtQOIj195b0MAzOeMhC,ROtQOIj195b0MAzOeMhC,evidence=4 pipeline=4 pipeline-capture=3 pipeline-facts=4 pipeline-pagerank=3 pipeline-turnover=3,3.40,https://rejestr.io/osoby/1173777,PO,2024-10-30,"Rada Nadzorcza @ WALCOWNIA METALI ""DZIEDZICE"" (KRS 0000084770, prywatna/nieznana) 2003-02-26–2003-12-01; Rada Nadzorcza @ WOJEWÓDZKI SZPITAL OKULISTYCZNY W KRAKOWIE (KRS 0000005551, publiczna) 2024-10-30–nadal",2007 Sejm Komitet Wyborczy Platforma Obywatelska RP partia: PO; 2006 Samorząd Komitet Wyborczy Platforma Obywatelska RP partia: PO; 1991 Sejm Porozumienie Obywatelskie Centrum PKW-deklaracja: PC; 1998 Samorząd Komitet Wyborczy Akcja Wyborcza Solidarność; 1997 Sejm Komitet Wyborczy Akcja Wyborcza Solidarność; 1993 Sejm Porozumienie Centrum PKW-deklaracja: Zjednoczenie Polskie; 2014 Samorząd Komitet Wyborczy Platforma Obywatelska RP partia: PO; 2024 Samorząd KKW KOALICJA OBYWATELSKA partia: PO WYBRANY; 2001 Sejm Koalicyjny Komitet Wyborczy - Akcja Wyborcza Solidarność Prawicy PKW-deklaracja: RS AWS; 1994 Samorząd; 2010 Samorząd KOMITET WYBORCZY PLATFORMA OBYWATELSKA RP partia: PO WYBRANY; 2018 Samorząd KOALICYJNY KOMITET WYBORCZY PLATFORMA.NOWOCZESNA KOALICJA OBYWATELSKA partia: PO
82,Lidia Stanisława Gądek,3.56,89,https://autopush.koryta.pl/osoba/hFxAK454SfqGoZ3uKTt2,hFxAK454SfqGoZ3uKTt2,evidence=4 pipeline=4 pipeline-capture=3 pipeline-pagerank=2 pipeline-succession=1 pipeline-together=1 pipeline-turnover=4,3.38,https://rejestr.io/osoby/1273316,"PO, PSL, Polska 2050",2024-11-21,"Rada Nadzorcza @ MAŁOPOLSKI SZPITAL CHORÓB PŁUC I REHABILITACJI IM. EDMUNDA WOJTYŁY (KRS 0000030254, publiczna) 2012-10-02–2021-06-29; Rada Nadzorcza @ MAŁOPOLSKI SZPITAL CHORÓB PŁUC I REHABILITACJI IM. EDMUNDA WOJTYŁY (KRS 0000030254, publiczna) 2024-11-21–nadal",2006 Samorząd Komitet Wyborczy Wyborców Samorząd 2007 - 2013; 1998 Samorząd Krajowy Komitet Wyborczy Przymierze Społeczne: PSL-UP-KPEiR partia: PSL; 2019 Sejm KOALICYJNY KOMITET WYBORCZY KOALICJA OBYWATELSKA PO .N IPL ZIELONI partia: PO PKW-deklaracja: członek partii politycznej: Platforma Obywatelska RP; 2010 Samorząd KOMITET WYBORCZY PLATFORMA OBYWATELSKA RP partia: PO WYBRANY; 2002 Samorząd KWW Porozumienie - Samorząd 2002; 2015 Sejm Komitet Wyborczy Platforma Obywatelska RP partia: PO; 2024 Samorząd KKW TRZECIA DROGA PSL-PL2050 SZYMONA HOŁOWNI WYBRANY; 2011 Sejm Komitet Wyborczy Platforma Obywatelska RP partia: PO PKW-deklaracja: nie należy do partii politycznej WYBRANY; 2014 Parlament Europejski Komitet Wyborczy Platforma Obywatelska RP partia: PO PKW-deklaracja: nie należy do partii politycznej
83,Tadeusz Pogoda,3.55,90,https://autopush.koryta.pl/osoba/7fxvHt2FxaohkGIJOaBR,7fxvHt2FxaohkGIJOaBR,evidence=3 pipeline=5 pipeline-capture=3 pipeline-pagerank=3 pipeline-succession=3 pipeline-turnover=3,3.55,https://rejestr.io/osoby/1293611,PO,2025-12-18,"Rada Nadzorcza @ KUJAWSKO - POMORSKIE CENTRUM PULMONOLOGII W BYDGOSZCZY (KRS 0000063546, publiczna) 2025-12-18–nadal",1998 Samorząd Komitet Wyborczy - Obywatelskie Porozumienie Samorządowe; 1994 Samorząd; 2002 Samorząd KWW Obywatelskie Porozumienie Samorządowe WYBRANY; 2002 Samorząd KWW Obywatelskie Porozumienie Samorządowe; 1991 Sejm Porozumienie Obywatelskie Centrum; 2010 Samorząd KOMITET WYBORCZY WYBORCÓW OBYWATELSKIE POROZUMIENIE SAMORZĄDOWE WYBRANY; 2024 Samorząd KKW KOALICJA OBYWATELSKA partia: PO WYBRANY; 2019 Sejm KOALICYJNY KOMITET WYBORCZY KOALICJA OBYWATELSKA PO .N IPL ZIELONI partia: PO PKW-deklaracja: nie należy do partii politycznej; 2006 Samorząd KWWObywatelskie Porozumienie Samorządowe; 2014 Samorząd Komitet Wyborczy Obywatelskie Porozumienie Samorządowe; 2006 Samorząd Komitet Wyborczy Wyborców Obywatelskie Porozumienie Samorządowe; 2018 Samorząd KOALICYJNY KOMITET WYBORCZY PLATFORMA.NOWOCZESNA KOALICJA OBYWATELSKA partia: PO; 2002 Samorząd KWW Obywatelskie Porozumienie Samorządowe
84,Wojciech Dobrołowicz,3.55,91,https://autopush.koryta.pl/osoba/J0YBo3NZYvMNUJ2ih48l,J0YBo3NZYvMNUJ2ih48l,evidence=4 pipeline=3 pipeline-capture=3 pipeline-facts=5 pipeline-pagerank=2,3.34,https://rejestr.io/osoby/475608,PiS,2026-08-04,"Rada Nadzorcza @ SAMODZIELNY PUBLICZNY ZESPÓŁ OPIEKI ZDROWOTNEJ W BOGATYNI (KRS 0000056231, publiczna) 2026-08-04–nadal",2014 Samorząd Komitet Wyborczy Wyborców Tradycja i Nowoczesność; 2023 Sejm KOMITET WYBORCZY PRAWO I SPRAWIEDLIWOŚĆ partia: PiS PKW-deklaracja: członek partii politycznej: Prawo i Sprawiedliwość; 2018 Samorząd KOMITET WYBORCZY WYBORCÓW WOJCIECHA DOBROŁOWICZA; 2024 Samorząd KWW WOJCIECHA DOBROŁOWICZA PKW-deklaracja: członek partii politycznej: Prawo i Sprawiedliwość WYBRANY; 2010 Samorząd KOMITET WYBORCZY WYBORCÓW WOJCIECHA DOBROŁOWICZA
85,Alina Bednarz,3.55,92,https://autopush.koryta.pl/osoba/SkTxh84w3Quwd0dNCmx3,SkTxh84w3Quwd0dNCmx3,evidence=4 pipeline=3 pipeline-capture=3 pipeline-pagerank=2 pipeline-succession=1 pipeline-turnover=5,3.38,https://rejestr.io/osoby/1300746,PO,2025-01-23,"Rada Nadzorcza @ OKRĘGOWY SZPITAL KOLEJOWY W KATOWICACH -S.P.Z.O.Z. (KRS 0000102533, publiczna) 2020-07-02–nadal; Rada Nadzorcza @ GÓRNOŚLĄSKIE CENTRUM MEDYCZNE IM. PROF. LESZKA GIECA ŚLĄSKIEGO UNIWERSYTETU MEDYCZNEGO W KATOWICACH (KRS 0000064696, publiczna) 2025-01-23–nadal; Rada Nadzorcza @ ZESPÓŁ WOJEWÓDZKICH PRZYCHODNI SPECJALISTYCZNYCH W KATOWICACH (KRS 0000057698, publiczna) 2023-08-28–nadal",2024 Samorząd KKW KOALICJA OBYWATELSKA partia: PO WYBRANY; 2023 Sejm KOALICYJNY KOMITET WYBORCZY KOALICJA OBYWATELSKA PO .N IPL ZIELONI partia: PO PKW-deklaracja: członek partii politycznej: Nowoczesna; 2014 Samorząd Komitet Wyborczy Wyborców Barbary Koniecznej; 2010 Samorząd KOMITET WYBORCZY WYBORCÓW TYCHY NASZĄ MAŁĄ OJCZYZNĄ; 2018 Samorząd KOALICYJNY KOMITET WYBORCZY PLATFORMA.NOWOCZESNA KOALICJA OBYWATELSKA partia: PO; 2019 Sejm KOALICYJNY KOMITET WYBORCZY KOALICJA OBYWATELSKA PO .N IPL ZIELONI partia: PO PKW-deklaracja: członek partii politycznej: Nowoczesna
86,Artur Stanisław Bieliński,3.55,93,https://autopush.koryta.pl/osoba/YuzkdcGj61PftbFqy1m9,YuzkdcGj61PftbFqy1m9,evidence=3 pipeline=5 pipeline-capture=3 pipeline-pagerank=3 pipeline-succession=3 pipeline-together=2 pipeline-turnover=3,3.55,https://rejestr.io/osoby/1315632,PO,2017-07-21,"Rada Nadzorcza @ MIEJSKIE PRZEDSIĘBIORSTWO GOSPODARKI KOMUNALNEJ (KRS 0000186967, publiczna) 2009-07-30–2011-07-11; Rada Nadzorcza @ KARKONOSKA AGENCJA ROZWOJU REGIONALNEGO (KRS 0000073772, prywatna/nieznana) 2017-07-21–2019-02-22; Zarząd @ PRZEDSIĘBIORSTWO ZARZĄDU NIERUCHOMOŚCIAMI SPÓŁKA Z OGRANICZONĄ ODPOWIEDZIALNOŚCIĄ (KRS 0000141594, publiczna) 2017-02-20–2018-12-03; Rada Nadzorcza @ KARKONOSKA AGENCJA ROZWOJU REGIONALNEGO (KRS 0000073772, prywatna/nieznana) 2007-12-05–2009-07-07",1994 Samorząd; 2018 Samorząd KOALICYJNY KOMITET WYBORCZY PLATFORMA.NOWOCZESNA KOALICJA OBYWATELSKA partia: PO; 2015 Sejm Komitet Wyborczy Platforma Obywatelska RP partia: PO; 2014 Samorząd Komitet Wyborczy Platforma Obywatelska RP partia: PO; 2010 Samorząd KOMITET WYBORCZY PLATFORMA OBYWATELSKA RP partia: PO WYBRANY; 2024 Samorząd KKW KOALICJA OBYWATELSKA partia: PO WYBRANY; 2006 Samorząd Komitet Wyborczy Platforma Obywatelska RP partia: PO
87,Jarosław Jan Janaszewski,3.55,94,https://autopush.koryta.pl/osoba/egZPB71rtKYPfqeJyQXC,egZPB71rtKYPfqeJyQXC,evidence=3 pipeline=5 pipeline-capture=3 pipeline-pagerank=3 pipeline-succession=3 pipeline-together=1 pipeline-turnover=3,3.55,https://rejestr.io/osoby/419885,,2025-07-22,"Rada Nadzorcza @ PRZEDSIĘBIORSTWO GOSPODARKI MIESZKANIOWEJ (KRS 0000040399, publiczna) 2013-04-04–2016-08-12; Zarząd @ MIEJSKI ZAKŁAD KOMUNIKACJI (KRS 0000113970, publiczna) 2025-07-22–nadal",2018 Samorząd KOMITET WYBORCZY STOWARZYSZENIA ZIEMIA BEŁCHATOWSKA; 2014 Samorząd Komitet Wyborczy Stowarzyszenia Ziemia Bełchatowska; 2014 Samorząd Komitet Wyborczy Stowarzyszenia Ziemia Bełchatowska; 2010 Samorząd KOMITET WYBORCZY STOWARZYSZENIA ZIEMIA BEŁCHATOWSKA; 2024 Samorząd KW STOWARZYSZENIE ZIEMIA BEŁCHATOWSKA WYBRANY
88,Norbert Mastalerz,3.55,95,https://autopush.koryta.pl/osoba/gGL6UIyVPHFnjKMAv2Uc,gGL6UIyVPHFnjKMAv2Uc,evidence=4 pipeline=3 pipeline-capture=3 pipeline-pagerank=2 pipeline-succession=1 pipeline-turnover=5,3.38,https://rejestr.io/osoby/1293290,"PO, SLD",2024-11-18,"Rada Nadzorcza @ SAMODZIELNY PUBLICZNY OŚRODEK REHABILITACJI LECZNICZEJ (KRS 0000009574, publiczna) 2015-11-27–2019-10-14; Rada Nadzorcza @ SAMODZIELNY PUBLICZNY OŚRODEK REHABILITACJI LECZNICZEJ (KRS 0000009574, publiczna) 2001-04-30–2011-11-02; Rada Nadzorcza @ PRZYCHODNIA SPECJALISTYCZNA W TARNOBRZEGU (KRS 0000042515, publiczna) 2024-11-18–nadal; Rada Nadzorcza @ WOJEWÓDZKI SZPITAL IM.ZOFII Z ZAMOYSKICH TARNOWSKIEJ W TARNOBRZEGU (KRS 0000003145, publiczna) 2003-12-22–2004-09-08",1998 Samorząd Krajowy Komitet Wyborczy Sojuszu Lewicy Demokratycznej partia: SLD; 1994 Samorząd; 2002 Samorząd Koalicyjny KW Sojusz Lewicy Demokratycznej - Unia Pracy partia: SLD; 2007 Sejm Koalicyjny Komitet Wyborczy Lewica i Demokraci SLD+SDPL+PD+UP; 2024 Samorząd KKW KOALICJA OBYWATELSKA partia: PO PKW-deklaracja: członek partii politycznej: Platforma Obywatelska RP; 2014 Samorząd Komitet Wyborczy Platforma Obywatelska RP partia: PO; 2001 Sejm Koalicyjny Komitet Wyborczy Sojusz Lewicy Demokratycznej - Unia Pracy; 2014 Samorząd Komitet Wyborczy Platforma Obywatelska RP partia: PO; 2010 Samorząd KOMITET WYBORCZY WYBORCÓW TARNOBRZESKA LEWICA WYBRANY; 2024 Samorząd KKW KOALICJA OBYWATELSKA partia: PO WYBRANY; 2006 Samorząd Komitet Wyborczy Wyborców RATUJMY TARNOBRZEG; 2010 Samorząd KOMITET WYBORCZY WYBORCÓW TARNOBRZESKA LEWICA; 2002 Samorząd Koalicyjny KW Sojusz Lewicy Demokratycznej - Unia Pracy partia: SLD
89,Jacek Chmarzyński,3.55,96,https://autopush.koryta.pl/osoba/qp2IZlVhVGEf5R1GBORu,qp2IZlVhVGEf5R1GBORu,evidence=3 pipeline=5 pipeline-capture=3 pipeline-pagerank=3 pipeline-succession=3 pipeline-turnover=3,3.55,https://rejestr.io/osoby/1218727,"PO, PiS",2019-12-03,"Rada Nadzorcza @ KUJAWSKO - POMORSKIE CENTRUM PULMONOLOGII W BYDGOSZCZY (KRS 0000063546, publiczna) 2019-12-03–nadal","1998 Samorząd Komitet Wyborczy ""Obywatelskie Porozumienie Samorządowe""; 2018 Samorząd KOMITET WYBORCZY PRAWO I SPRAWIEDLIWOŚĆ partia: PiS; 2024 Samorząd KKW KOALICJA OBYWATELSKA partia: PO; 2002 Samorząd KWW Wspólnota Wsi"
90,Magdalena Barbara Bartkowicz,3.55,97,https://autopush.koryta.pl/osoba/uPfd4wjsmQiilSgUP8sl,uPfd4wjsmQiilSgUP8sl,evidence=4 pipeline=3 pipeline-capture=3 pipeline-pagerank=2 pipeline-succession=1 pipeline-together=1 pipeline-turnover=5,3.38,https://rejestr.io/osoby/2740935,PiS,2025-03-20,"Rada Nadzorcza @ MIEJSKIE PRZEDSIĘBIORSTWO ENERGETYKI CIEPLNEJ SPÓŁKA Z OGRANICZONĄ ODPOWIEDZIALNOŚCIĄ W MIELCU (KRS 0000081748, publiczna) 2025-02-04–nadal; Rada Nadzorcza @ WOJEWÓDZKI SZPITAL IM.ZOFII Z ZAMOYSKICH TARNOWSKIEJ W TARNOBRZEGU (KRS 0000003145, publiczna) 2020-01-23–nadal; Rada Nadzorcza @ PRZEDSIĘBIORSTWO GOSPODAROWANIA ODPADAMI SPÓŁKA Z OGRANICZONĄ ODPOWIEDZIALNOŚCIĄ (KRS 0000324965, publiczna) 2025-03-20–2025-06-27",2024 Samorząd KW PRAWO I SPRAWIEDLIWOŚĆ partia: PiS; 2014 Samorząd Komitet Wyborczy Prawo i Sprawiedliwość partia: PiS; 2018 Samorząd KOMITET WYBORCZY PRAWO I SPRAWIEDLIWOŚĆ partia: PiS; 2019 Sejm KOMITET WYBORCZY PRAWO I SPRAWIEDLIWOŚĆ partia: PiS PKW-deklaracja: członek partii politycznej: Prawo i Sprawiedliwość
91,Katarzyna Stachowicz,3.55,98,https://autopush.koryta.pl/osoba/wByrKmGh3N7vjjJIkJCf,wByrKmGh3N7vjjJIkJCf,evidence=4 pipeline=3 pipeline-capture=3 pipeline-pagerank=2 pipeline-succession=1 pipeline-turnover=5,3.38,https://rejestr.io/osoby/293260,PO,2023-12-21,"Zarząd @ REJONOWE PRZEDSIĘBIORSTWO WODOCIĄGÓW I KANALIZACJI SPÓŁKA Z OGRANICZONĄ ODPOWIEDZIALNOŚCIĄ (KRS 0000213560, publiczna) 2019-02-15–2023-10-16; Rada Nadzorcza @ WOJKOWICKIE WODY SPÓŁKA Z OGRANICZONĄ ODPOWIEDZIALNOŚCIĄ (KRS 0000749031, publiczna) 2019-03-06–2024-09-09; Rada Nadzorcza @ WOJEWÓDZKI SZPITAL SPECJALISTYCZNY NR 5 IM. ŚW. BARBARY W SOSNOWCU (KRS 0000003544, publiczna) 2023-12-21–nadal",2024 Samorząd KKW KOALICJA OBYWATELSKA partia: PO WYBRANY; 2011 Sejm Komitet Wyborczy Platforma Obywatelska RP partia: PO PKW-deklaracja: członek partii Platforma Obywatelska RP; 2018 Samorząd KOALICYJNY KOMITET WYBORCZY PLATFORMA.NOWOCZESNA KOALICJA OBYWATELSKA partia: PO; 2023 Sejm KOALICYJNY KOMITET WYBORCZY KOALICJA OBYWATELSKA PO .N IPL ZIELONI partia: PO PKW-deklaracja: członek partii politycznej: Platforma Obywatelska RP; 2024 Parlament Europejski KOALICYJNY KOMITET WYBORCZY KOALICJA OBYWATELSKA partia: PO PKW-deklaracja: członek partii politycznej: Platforma Obywatelska RP; 2014 Samorząd Komitet Wyborczy Wyborców DWS - Niezależni Tomasza Paska
92,Jarosław Artur Ciszewski,3.54,99,https://autopush.koryta.pl/osoba/ZCQTO8xblAGKZRKV55GO,ZCQTO8xblAGKZRKV55GO,evidence=3 pipeline=4 pipeline-capture=3 pipeline-pagerank=3 pipeline-succession=3 pipeline-together=1 pipeline-turnover=4,3.54,https://rejestr.io/osoby/1057128,PO,2024-07-22,"Rada Nadzorcza @ OLK PORADNIE SPECJALISTYCZNE W SOSNOWCU (KRS 0000488542, prywatna/nieznana) 2013-11-29–2019-06-10; Zarząd @ REJONOWE PRZEDSIĘBIORSTWO WODOCIĄGÓW I KANALIZACJI SPÓŁKA Z OGRANICZONĄ ODPOWIEDZIALNOŚCIĄ (KRS 0000213560, publiczna) 2015-10-05–2019-02-15; Zarząd @ REJONOWE PRZEDSIĘBIORSTWO WODOCIĄGÓW I KANALIZACJI SPÓŁKA Z OGRANICZONĄ ODPOWIEDZIALNOŚCIĄ (KRS 0000213560, publiczna) 2024-07-22–nadal; Zarząd @ REJONOWE PRZEDSIĘBIORSTWO WODOCIĄGÓW I KANALIZACJI SPÓŁKA Z OGRANICZONĄ ODPOWIEDZIALNOŚCIĄ (KRS 0000213560, publiczna) 2008-07-14–2011-08-31; Rada Nadzorcza @ CENTRUM ZDROWIA DZIECKA I RODZINY IM. JANA PAWŁA II W SOSNOWCU (KRS 0000532342, publiczna) 2023-02-13–nadal","1994 Samorząd; 2002 Samorząd KWW NIEZALEŻNA ALTERNATYWA WYBORCZA; 2014 Samorząd Komitet Wyborczy Platforma Obywatelska RP partia: PO; 2007 Sejm Komitet Wyborczy Platforma Obywatelska RP partia: PO; 2010 Samorząd KOMITET WYBORCZY PLATFORMA OBYWATELSKA RP partia: PO; 1998 Samorząd Komitet Wyborczy ""Forum Wyborcze 98""; 2018 Samorząd KOALICYJNY KOMITET WYBORCZY PLATFORMA.NOWOCZESNA KOALICJA OBYWATELSKA partia: PO"
93,Piotr Paweł Wieczorek,3.53,100,https://autopush.koryta.pl/osoba/DiSAyYMlm0MwhSyvmpYF,DiSAyYMlm0MwhSyvmpYF,evidence=3 pipeline=5 pipeline-capture=3 pipeline-pagerank=2 pipeline-succession=1,3.53,https://rejestr.io/osoby/2360404,,2022-05-13,"Rada Nadzorcza @ UNIWERSYTECKI SZPITAL KLINICZNY W OPOLU (KRS 0000014443, publiczna) 2022-05-13–2026-01-05","2006 Samorząd Komitet Wyborczy Wyborców NASZA GMINA DĄBROWA; 2010 Samorząd KOMITET WYBORCZY WYBORCÓW ""TU JEST NASZ DOM"" WYBRANY; 1994 Samorząd; 2014 Samorząd Komitet Wyborczy Wyborców ""Tu Jest Nasz Dom""; 1998 Samorząd Komitet Wyborczy ""Sławice""; 2002 Samorząd KWW NASZA GMINA"
94,Lech Markiewicz,3.53,101,https://autopush.koryta.pl/osoba/Le308Bnn4V2oP9RcSYAl,Le308Bnn4V2oP9RcSYAl,evidence=3 pipeline=3 pipeline-capture=3 pipeline-pagerank=2 pipeline-succession=4 pipeline-together=1 pipeline-turnover=5,3.53,https://rejestr.io/osoby/1223656,,2024-06-10,"Zarząd @ ZAKŁAD USŁUG MIESZKANIOWYCH I KOMUNALNYCH SPÓŁKA Z OGRANICZONĄ ODPOWIEDZIALNOŚCIĄ (KRS 0000128420, publiczna) 2015-04-02–2016-03-29; Rada Nadzorcza @ MIEJSKIE PRZEDSIĘBIORSTWO KOMUNIKACYJNE ""ŚWIDNICA"" (KRS 0000217735, publiczna) 2011-04-18–2015-03-10; Zarząd @ ZAKŁAD USŁUG MIESZKANIOWYCH I KOMUNALNYCH SPÓŁKA Z OGRANICZONĄ ODPOWIEDZIALNOŚCIĄ (KRS 0000128420, publiczna) 2011-10-17–2014-08-12; Rada Nadzorcza @ WODOCIĄGI I KANALIZACJA (KRS 0000241233, publiczna) 2024-06-10–nadal; Rada Nadzorcza @ ZAKŁAD USŁUG MIESZKANIOWYCH I KOMUNALNYCH SPÓŁKA Z OGRANICZONĄ ODPOWIEDZIALNOŚCIĄ (KRS 0000128420, publiczna) 2011-07-19–2011-10-17; Rada Nadzorcza @ ZAKŁAD WODOCIĄGÓW I KANALIZACJI W ŻAROWIE SPÓŁKA Z OGRANICZONĄ ODPOWIEDZIALNOŚCIĄ (KRS 0000011337, publiczna) 2015-09-15–2025-02-05","2018 Samorząd KOMITET WYBORCZY STOWARZYSZENIA „WSPÓLNOTA SAMORZĄDOWA ZIEMI ŚWIDNICKIEJ”; 2002 Samorząd KWW Wspólnota Samorządowa; 2002 Samorząd KWW Wspólnota Samorządowa WYBRANY; 1994 Samorząd; 2006 Samorząd KWW Świdnicka Wspólnota Samorządowa; 2018 Samorząd KOMITET WYBORCZY STOWARZYSZENIA „WSPÓLNOTA SAMORZĄDOWA ZIEMI ŚWIDNICKIEJ”; 1998 Samorząd Komitet Wyborczy ""Niezależne Forum Samorządowe Ziemi Strzegomskiej""; 2006 Samorząd Komitet Wyborczy Wyborców Świdnicka Wspólnota Samorządowa; 2002 Samorząd KWW Wspólnota Samorządowa; 2014 Samorząd Komitet Wyborczy Wspólnota Samorządowa Ziemi Świdnickiej; 2010 Samorząd KOMITET WYBORCZY WYBORCÓW WSPÓLNOTA SAMORZĄDOWA"
95,Tomasz Głowacki,3.53,102,https://autopush.koryta.pl/osoba/S5U6WNWnZLmOHkNwkncF,S5U6WNWnZLmOHkNwkncF,evidence=4 pipeline=4 pipeline-capture=3 pipeline-pagerank=2 pipeline-succession=3 pipeline-together=1,3.29,https://rejestr.io/osoby/904628,PSL,2026-03-19,"Rada Nadzorcza @ SZPITAL WOJEWÓDZKI IM. JANA PAWŁA II W BEŁCHATOWIE (KRS 0000006103, publiczna) 2016-09-21–2021-02-04; Rada Nadzorcza @ SZPITAL WOJEWÓDZKI IM. JANA PAWŁA II W BEŁCHATOWIE (KRS 0000006103, publiczna) 2026-03-19–nadal",2024 Samorząd KWW TOMASZA GŁOWACKIEGO PKW-deklaracja: członek partii politycznej: Polskie Stronnictwo Ludowe WYBRANY; 2018 Samorząd KOMITET WYBORCZY WYBORCÓW RADOSŁAWA KAMIŃSKIEGO; 2018 Samorząd KOMITET WYBORCZY WYBORCÓW RADOSŁAWA KAMIŃSKIEGO PKW-deklaracja: Polskie Stronnictwo Ludowe WYBRANY; 2014 Samorząd Komitet Wyborczy Wyborców Ziemia Drużbicka; 2010 Samorząd KOMITET WYBORCZY POLSKIE STRONNICTWO LUDOWE partia: PSL; 2018 Samorząd KOMITET WYBORCZY WYBORCÓW RADOSŁAWA KAMIŃSKIEGO PKW-deklaracja: Polskie Stronnictwo Ludowe
96,Jarosław Zbigniew Wilczyński,3.52,105,https://autopush.koryta.pl/osoba/lTrl7t3ZIwiqDT6iboZc,lTrl7t3ZIwiqDT6iboZc,evidence=3 pipeline=3 pipeline-capture=5 pipeline-pagerank=1 pipeline-together=2 pipeline-turnover=4,3.52,https://rejestr.io/osoby/1295114,"PO, SLD",2025-10-30,"Rada Nadzorcza @ MIEJSKI ZAKŁAD KOMUNIKACJI (KRS 0000813230, publiczna) 2025-10-30–nadal; Zarząd @ ZWIĄZEK MIAST POLSKICH (KRS 0000069153, prywatna/nieznana) 2007-06-06–2015-06-01","2006 Samorząd KWW ""TOS 2006""; 2006 Samorząd Komitet Wyborczy Wyborców ""Twój Ostrowiecki Samorząd 2006""; 2002 Samorząd Koalicyjny KW Sojusz Lewicy Demokratycznej - Unia Pracy partia: SLD; 2024 Samorząd KW KOALICJA TAK ! DLA SAMORZĄDU; 2010 Samorząd KOMITET WYBORCZY ""TWÓJ OSTROWIECKI SAMORZĄD"" WYBRANY; 2014 Samorząd Komitet Wyborczy Platforma Obywatelska RP partia: PO; 2010 Samorząd KOMITET WYBORCZY ""TWÓJ OSTROWIECKI SAMORZĄD"""
97,Łukasz Tadeusz Kot,3.52,106,https://autopush.koryta.pl/osoba/ptakmPoa446OVTEzW0kz,ptakmPoa446OVTEzW0kz,evidence=4 pipeline=3 pipeline-capture=5 pipeline-pagerank=3 pipeline-succession=3 pipeline-together=1 pipeline-turnover=3,3.35,https://rejestr.io/osoby/2253332,SLD,2026-06-02,"Rada Nadzorcza @ SZPITAL MIEJSKI W SIEMIANOWICACH ŚLĄSKICH SPÓŁKA Z OGRANICZONĄ ODPOWIEDZIALNOŚCIĄ (KRS 0000490160, publiczna) 2022-02-08–2024-07-30; Rada Nadzorcza @ FABRYKA KOTŁÓW ""SEFAKO"" (KRS 0000029367, prywatna/nieznana) 2024-12-06–2026-03-17; Zarząd @ ZWIĄZEK GMIN I POWIATÓW SUBREGIONU PÓŁNOCNEGO WOJEWÓDZTWA ŚLĄSKIEGO (KRS 0000821458, prywatna/nieznana) 2026-06-02–nadal; Rada Nadzorcza @ PARK ŚLĄSKI IM. GEN. JERZEGO ZIĘTKA (KRS 0000169777, publiczna) 2025-06-09–nadal",2019 Sejm KOMITET WYBORCZY SOJUSZ LEWICY DEMOKRATYCZNEJ partia: SLD PKW-deklaracja: członek partii politycznej: Sojusz Lewicy Demokratycznej; 2024 Samorząd KKW LEWICA partia: SLD; 2018 Samorząd KOALICYJNY KOMITET WYBORCZY SLD LEWICA RAZEM partia: SLD; 2014 Samorząd Koalicyjny Komitet Wyborczy SLD Lewica Razem partia: SLD; 2010 Samorząd KOMITET WYBORCZY SOJUSZ LEWICY DEMOKRATYCZNEJ partia: SLD
98,Wojciech Wilk,3.51,107,https://autopush.koryta.pl/osoba/CvV8TY8tND4nqJZm0Jcf,CvV8TY8tND4nqJZm0Jcf,evidence=4 pipeline=4 pipeline-capture=2 pipeline-facts=5 pipeline-pagerank=2 pipeline-turnover=3,3.35,https://rejestr.io/osoby/1107485,,2024-11-14,"Zarząd @ TOWARZYSTWO BUDOWNICTWA SPOŁECZNEGO ""NOWY DOM"" (KRS 0000025601, publiczna) 2024-11-14–2026-06-17",2024 Samorząd KWW WOJCIECH WILK PRZYJAZNY KRAŚNIK PKW-deklaracja: członek partii politycznej: Platforma Obywatelska RP; 2024 Samorząd KWW WOJCIECH WILK PRZYJAZNY KRAŚNIK WYBRANY; 2018 Samorząd KOMITET WYBORCZY WYBORCÓW POROZUMIENIE I ROZWÓJ PKW-deklaracja: Platforma Obywatelska Rzeczypospolitej Polskiej WYBRANY; 2018 Samorząd KOMITET WYBORCZY WYBORCÓW POROZUMIENIE I ROZWÓJ PKW-deklaracja: Platforma Obywatelska Rzeczypospolitej Polskiej
99,Piotr Paris Dasios,3.51,108,https://autopush.koryta.pl/osoba/DsYj8HdA2a53vZWwokjs,DsYj8HdA2a53vZWwokjs,evidence=4 pipeline=3 pipeline-capture=2 pipeline-pagerank=2 pipeline-turnover=5,3.32,https://rejestr.io/osoby/976181,"PSL, Polska 2050",2024-06-13,"Rada Nadzorcza @ OSTROWIECKIE TOWARZYSTWO BUDOWNICTWA SPOŁECZNEGO (KRS 0000000880, publiczna) 2022-03-31–2023-03-01; Rada Nadzorcza @ MIEJSKIE WODOCIĄGI I KANALIZACJA (KRS 0000003191, publiczna) 2018-01-31–2019-04-26; Zarząd @ OSTROWIECKIE TOWARZYSTWO BUDOWNICTWA SPOŁECZNEGO (KRS 0000000880, publiczna) 2015-10-02–2018-12-21; Rada Nadzorcza @ OSTROWIECKIE TOWARZYSTWO BUDOWNICTWA SPOŁECZNEGO (KRS 0000000880, publiczna) 2008-05-08–2015-10-02; Rada Nadzorcza @ OSTROWIECKIE TOWARZYSTWO BUDOWNICTWA SPOŁECZNEGO (KRS 0000000880, publiczna) 2007-09-24–2008-03-06; Rada Nadzorcza @ ""MIEJSKA ENERGETYKA CIEPLNA"" SPÓŁKA Z OGRANICZONĄ ODPOWIEDZIALNOŚCIĄ (KRS 0000010670, publiczna) 2024-06-13–nadal; Rada Nadzorcza @ PRZEDSIĘBIORSTWO GOSPODARKI KOMUNALNEJ I MIESZKANIOWEJ W SANDOMIERZU SPÓŁKA Z OGRANICZONĄ ODPOWIEDZIALNOŚCIĄ (KRS 0000145515, publiczna) 2015-08-04–2018-03-19",2018 Samorząd KOMITET WYBORCZY WYBORCÓW JAROSŁAWA GÓRCZYŃSKIEGO; 2002 Samorząd KWW Samorządność i Przedsiębiorczość; 2010 Samorząd KOMITET WYBORCZY WYBORCÓW POROZUMIENIE SAMORZĄDOWE; 2024 Samorząd KW PERSPEKTYWA; 2024 Samorząd KW PERSPEKTYWA PKW-deklaracja: członek partii politycznej: Polska 2050 Szymona Hołowni; 2014 Samorząd Komitet Wyborczy Polskie Stronnictwo Ludowe partia: PSL; 2023 Senat KOALICYJNY KOMITET WYBORCZY TRZECIA DROGA POLSKA 2050 SZYMONA HOŁOWNI - POLSKIE STRONNICTWO LUDOWE PKW-deklaracja: członek partii politycznej: Polska 2050 Szymona Hołowni
100,Jerzy Maciej Obstarczyk,3.51,109,https://autopush.koryta.pl/osoba/IHDTc4yb9pbAi9M8Zadf,IHDTc4yb9pbAi9M8Zadf,evidence=3 pipeline=3 pipeline-capture=3 pipeline-succession=2 pipeline-turnover=5,3.51,https://rejestr.io/osoby/1343572,PiS,2023-03-31,"Rada Nadzorcza @ KOLEJE MAŁOPOLSKIE (KRS 0000500799, publiczna) 2023-03-31–nadal; Zarząd @ MIEJSKI ZAKŁAD GOSPODARKI KOMUNALNEJ W CHEŁMKU SPÓŁKA Z OGRANICZONĄ ODPOWIEDZIALNOŚCIĄ (KRS 0000077229, publiczna) 2009-06-29–2015-09-16; Rada Nadzorcza @ MIEJSKI ZAKŁAD GOSPODARKI KOMUNALNEJ W CHEŁMKU SPÓŁKA Z OGRANICZONĄ ODPOWIEDZIALNOŚCIĄ (KRS 0000077229, publiczna) 2008-02-21–2008-10-14; Prokurent @ MIEJSKI ZAKŁAD GOSPODARKI KOMUNALNEJ W CHEŁMKU SPÓŁKA Z OGRANICZONĄ ODPOWIEDZIALNOŚCIĄ (KRS 0000077229, publiczna) 2015-08-05–2020-12-07; Rada Nadzorcza @ ADMINISTRACJA DOMÓW MIESZKALNYCH SPÓŁKA Z OGRANICZONĄ ODPOWIEDZIALNOŚCIĄ (KRS 0000060322, publiczna) 2010-05-26–2019-01-28; Zarząd @ WADOWICKIE PRZEDSIĘBIORSTWO WODOCIĄGÓW I KANALIZACJI SPÓŁKA Z OGRANICZONĄ ODPOWIEDZIALNOŚCIĄ (KRS 0000095396, publiczna) 2019-07-15–nadal",2006 Samorząd Komitet Wyborczy Wyborców OSÓB SPOŁECZNIE PRACUJĄCYCH; 2014 Samorząd Komitet Wyborczy Wyborców Nowe Spojrzenie na Gminę; 2024 Samorząd KW PRAWO I SPRAWIEDLIWOŚĆ partia: PiS; 2002 Samorząd KWW Wspólnota Obywatelsko-Ludowa; 2010 Samorząd KOMITET WYBORCZY WYBORCÓW OSÓB SPOŁECZNIE PRACUJĄCYCH WYBRANY; 2018 Samorząd KOMITET WYBORCZY WYBORCÓW NOWE SPOJRZENIE NA GMINĘ; 2014 Samorząd Komitet Wyborczy Wyborców Nowe Spojrzenie na Gminę
