nr,osoba,werdykt,connection,post,comment
1,Hanna Chodecka,skip,"Long-serving PO/KO activist and councillor in Warsaw's Wawer district: candidate as early as 1998 (AWS), WYBRANA to Rada Dzielnicy Wawer in 2010 on the PO list, again in the 2018-2023 term (KO, 746 votes), and again in the current 2024-2029 term (KKW Koalicja Obywatelska, PO). connection_kind is elected-office - a genuine, repeated electoral record, not a bare candidacy. | ZRODLO: https://wawer.um.warszawa.pl/-/radni-dzielnicy-2024-2029 (current 2024-2029 roster); https://www.portalsamorzadowy.pl/wybory-2018/kandydat/hanna-chodecka,191726,12.html (2018 candidate page); koryta record's kandydatury field (2024 KKW Koalicja Obywatelska/PO WYBRANY; 2010 Komitet Wyborczy Platforma Obywatelska RP/PO WYBRANY).","One post total, and it does not count: czlonek Rady Nadzorczej (site label) at Samodzielny Zespol Publicznych Zakladow Lecznictwa Otwartego Warszawa-Wawer (SP ZOZ, KRS 0000089156), current since 2026-05-22. krs_lookup.json marks this KRS's supervisory_organ as rada_spoleczna, so despite is_public_raw being true, it is excluded by site policy (trap 1) - and it is her only listed company post, so nothing remains to publish.","verdict=skip || TEZA: Hanna Chodecka is an 18-years-active PO/KO Wawer district councillor, elected again in 2024, but her sole company post is a rada spoleczna the site must exclude, leaving no attachable story today. || UWAGA: Identity is solid across sources (Wawer district site, portalsamorzadowy 2018 candidate page, koryta kandydatury record); no verifier was run (skip verdict). If she is ever appointed to a genuine, non-rada-spoleczna board seat, the political record here is strong enough to revisit immediately."
2,Józef Rysak,publish,"PSL/Trzecia Droga politician: wojt gminy Igolomia-Wawrzenczyce (powiat krakowski) for over 17 years until 2024, then WYBRANY Przewodniczacy Rady Powiatu Krakowskiego in the April 2024 samorzad elections on the Trzecia Droga (PSL-Polska 2050) list, elected with 935 votes (6.84%) in okreg 2; earlier PSL declarant and WYBRANY candidate in the 2010 and 2018 samorzad races. | ZRODLO: https://dziennikpolski24.pl/przejecie-wladzy-w-powiecie-krakowskim-pis-nie-ma-wiekszosci-przewodniczacym-powiatu-zostal-jozef-rysak-byly-wojt/ar/c1-18511767 (names him by name, 17+-year wojt, elected chairman 16-13 votes over Alicja Wojcik, 6 May 2024 session); https://www.portalsamorzadowy.pl/osoba/jozef-rysak,100377.html (Rada Powiatu w Krakowie, kadencja 2024-2029, district 2, KKW Trzecia Droga PSL-PL2050, 935 votes); https://samorzad2024.pkw.gov.pl/samorzad2024/pl/rada_powiatu/kandydat/3332142; live KRS OdpisAktualny 0000514292 rejestr=S, queried 2026-09-05 (current Komisja Rewizyjna's three members do not match him).","One post, already ended: Komisja Rewizyjna (site label 'Rada Nadzorcza') at Stowarzyszenie Metropolia Krakowska (KRS 0000514292), 2021-01-25 to 2024-06-13. is_public_raw is false but likely_public_via_hardcoded_bug is true, so it counts as a genuinely publicly-tied post under the site's hardcoded list; supervisory_organ is komisja_rewizyjna, not rada_spoleczna, so it is not excluded. His seat ended almost exactly when he moved from wojt to Przewodniczacy Rady Powiatu Krakowskiego.","verdict=publish || TEZA: Jozef Rysak, a 17-year PSL wojt of a Metropolia Krakowska member gmina, sat on that association's oversight commission throughout his term and left it within weeks of being elevated to chair the Krakow county council in 2024. || UWAGA: A verifier independently checked the connection, identity, organ type and end date and found no grounds to refute it (confirmed via the press account of the 2024-05-06 council session and the live KRS odpis; refuted is false). The remaining caution is that the seat itself is a lighter-weight association komisja rewizyjna post rather than a company rada nadzorcza, so the story leans on the elected-office timing."
3,Marek Sarwa,publish,"PiS: declared party member on the 2023 Sejm PKW filing (okreg covering Tomaszow Mazowiecki/Piotrkow Trybunalski, no. 9 on the list, unsuccessful), WYBRANY Drzewica town councillor in 2010 on the PiS list, later elected Opoczno county councillor (2014, PiS) and chairman of the PiS councillors' club; lost a 2024 bid for Burmistrz Drzewicy. An investigative piece names him directly as a PiS-connected appointee at Tomaszowskie Centrum Zdrowia, and he separately held the Deputy Director post at KOWR, a national state agency. | ZRODLO: https://tomaszowmazowiecki.naszemiasto.pl/szpital-w-tomaszowie-jak-partyjny-folwark-pis/ar/c1p2-27311239 (canonical text of the Dziennik Lodzki/Polska Press investigation 'Szpital w Tomaszowie jak partyjny folwark PiS', names Sarwa as TCZ logistics director, ex-Inwestycje Medyczne Lodzkiego rada nadzorcza chairman under PiS, KOWR deputy director, failed PiS Sejm and Drzewica mayoral candidate); https://tomaszowmazowiecki.naszemiasto.pl/prezes-szpitala-w-tomaszowie-odwolany-marka-utrackiego-zastapil-konrad-borowski-nowy-zarzad-powiatu-wymienil-tez-rade-nadzorcza-spolki-tcz/ar/c14p2-28658967 (Feb 2026 board purge; confirms he kept the prokura through the January reshuffle before being removed); https://www.wnp.pl/parlamentarny/osoba/marek-sarwa,99690.html (biography: Drzewica, KOWR deputy director since 2019, 2010/2014 elections); live KRS OdpisAktualny for 0000312959 and 0000507870, queried 2026-09-05 (neither current board lists him).","Three posts across two genuinely public companies (neither rada spoleczna), all now ended: prokurent at Tomaszowskie Centrum Zdrowia sp. z o.o. (KRS 0000312959) from 2025-05-23 to 2026-02-18; rada nadzorcza at the same company for eight days, 2024-09-05 to 2024-09-13; and rada nadzorcza at Inwestycje Medyczne Lodzkiego sp. z o.o. (KRS 0000507870, owned by Sejmik Lodzkie) from 2020-03-09 to 2024-09-26. Live KRS confirms he is off both current boards.","verdict=publish || TEZA: Marek Sarwa, a failed PiS Sejm and Drzewica-mayor candidate, was named outright by an investigative report as a party-connected outsider parachuted into a hospital logistics/prokura post and a supervisory board seat, on top of a separately documented PiS-era chairmanship of the regional medical-investment company's rada nadzorcza. || UWAGA: A verifier independently opened the full investigative text (the originally cited dzienniklodzki.pl URL was a bare photo-gallery caption; its canonical link resolves to the naszemiasto.pl article actually quoted) and found the claim, identity, organ types and end dates all confirmed - refuted is false. Cite the naszemiasto.pl canonical URL rather than the dzienniklodzki.pl gallery link when publishing."
4,Jadwiga Szeląg,skip,"18-year Sejmik Wojewodztwa Dolnoslaskiego councillor (SLD in 2006, then PO), first elected 2006 and serving through the 2018-2023 term as vice-chair of the health/social-policy commission - dubbed 'lokomotywa Platformy Obywatelskiej' in Zlotoryja - but she LOST her seat in the April 2024 regional election despite topping the local vote count. connection_kind is elected-office, a real and long electoral record that has now ended. | ZRODLO: https://www.zlotoryjska.pl/aktualnosc-9047-sejmik_bez_zlotoryjanki.html (10.04.2024, reports her loss after four terms, roughly 2,500 votes short); https://e-legnickie.pl/wiadomosci-z-regionu/zlotoryja/38965-j-szelag-lokomotywa-platformy-obywatelskiej-decyzja-zapadla; https://umwd.dolnyslask.pl/sejmik/radni-wojewodztwa (current VII-kadencja 2024-2029 roster, checked 2026-09-05, does not include her).","Four posts across three SPZOZ-type entities; three are rada spoleczna and excluded (including the only current one - Wojewodzki Szpital Specjalistyczny w Legnicy, KRS 0000163872, since 2021-12-15), and the one genuine rada nadzorcza seat (Miedziowe Centrum Zdrowia S.A., KRS 0000049529) ended back in 2016.","verdict=skip || TEZA: Jadwiga Szelag was an 18-year PO regional councillor and health-commission vice-chair, but she lost her Sejmik seat in April 2024 and every current or near-current hospital board seat she holds is a rada spoleczna the site must exclude. || UWAGA: Identity is solid across independent local sources (e-legnickie.pl, zlotoryjska.pl, umwd.dolnyslask.pl); no verifier was run (skip verdict). Revisit if she takes a new genuine board seat or if the Legnica hospital's organ type is ever reclassified - the underlying political record would support a page immediately."
5,Franciszek Marszałek,publish,"PSL: Burmistrz Krotoszyna 2014-2024 (lost the 2024-04-21 runoff, 28.31% vs 71.69%), chairman of the city-gmina PSL board in Krotoszyn, earlier Sejmik Wielkopolskie councillor 2010-2014 and deputy mayor 2002-2010; WYBRANY to Rada Miejska w Krotoszynie in 2024 (current 2024-2029 term, 252 votes) via his own local list (KWW Samorzadowe Porozumienie Ludowe). | ZRODLO: https://www.portalsamorzadowy.pl/osoba/franciszek-marszalek,99886.html (confirms burmistrz since 2014, the runoff score, and the 252-vote council win, district 2); https://wlkp24.info/franciszek-marszalek-ma-nowa-posade-zostal-dyrektorem-w-wojskowych-strukturach/ (corroborates the full career and the same runoff result); https://krotoszyn.esesja.pl/radny/134670/franciszekamarsza%C5%82ek.htm (current council membership); live KRS OdpisAktualny 0000349125, queried 2026-09-05 (current rada nadzorcza does not include him, and the sole shareholder, Wojewodztwo Wielkopolskie, holds 100% of udzialy).","Two posts across two entities, neither rada spoleczna, both now ended: rada nadzorcza at Zwiazek Miast Polskich (KRS 0000069153, a komisja_rewizyjna-type organ; is_public_raw false but likely_public_via_hardcoded_bug true) from 2019-05-22 to 2025-02-10, a seat tied to holding the mayor's office itself; and rada nadzorcza at Koleje Wielkopolskie sp. z o.o. (KRS 0000349125, genuinely publiczna, 100% Wojewodztwo Wielkopolskie-owned) from 2024-03-28 to 2026-06-15, begun one month before he lost the mayoral runoff and kept for over two years after. Live KRS confirms he is off the current Koleje Wielkopolskie board.","verdict=publish || TEZA: Franciszek Marszalek, a 10-year PSL mayor of Krotoszyn, was placed on the regional railway company's supervisory board weeks before he lost re-election in 2024, and kept the seat more than two years past his defeat. || UWAGA: A verifier independently confirmed the connection, identity, both organs' non-rada-spoleczna classification, the current-shareholder structure (100% Wojewodztwo Wielkopolskie) and the live-KRS end date, and found no grounds to refute it. The Koleje Wielkopolskie seat's survival two years past his mayoral defeat (unlike the Zwiazek Miast Polskich seat, which ended with the office) is not documented by any source as an ex officio arrangement - flag it as a likely party-patronage appointment when publishing."
6,Jan Wiesław Duda,skip,"Two-term Sejm poseł (PiS, VIII and IX kadencja, elected 2015 and 2019 from okreg 14 Nowy Sacz; did not run in 2023); since 2024 a radny of Sejmik Wojewodztwa Malopolskiego (KW PiS, WYBRANY). PKW 2019 declaration: member of Prawo i Sprawiedliwosc. | ZRODLO: kandydatury field of next_hundred.json (2019 Sejm WYBRANY plus PKW declaration PiS; 2024 Samorzad WYBRANY); https://pl.wikipedia.org/wiki/Jan_Duda_(ur._1960); https://nowosadecki.pl/pl/jan-duda-otworzyl-biuro-poselskie; https://www.wnp.pl/parlamentarny/osoba/jan-duda,195082.html (all accessed 2026-09-05).","Three posts in the data, all marked 'nadal' (ongoing): rada nadzorcza at Malopolski Szpital Ortopedyczno-Rehabilitacyjny im. prof. B. Franczuka (KRS 0000038598, since 2025-06-25), Szpital Specjalistyczny im. Jedrzeja Sniadeckiego w Nowym Saczu (KRS 0000029409, since 2024-12-23), and Szpital Specjalistyczny Chorob Pluc 'Odrodzenie' (KRS 0000007565, since 2024-09-13). All three are SPZOZ hospitals whose statutory supervisory body is a rada spoleczna, not a rada nadzorcza - excluded under house rules regardless of the KRS public-flag noise on these records. No live re-check was done since the exclusion is categorical, not timing-dependent.","verdict=skip || TEZA: Jan Wieslaw Duda, a two-term PiS poseł and now a Malopolska sejmik radny, picked up three hospital board seats in textbook post-election timing (September 2024, December 2024, June 2025) - but all three are rada spoleczna seats, a categorically excluded post type, so there is no valid trough post to pair with an otherwise strong political connection. || UWAGA: Very strong political record (two-term poseł, now sejmik radny) but no eligible trough post - all three are rada spoleczna seats, categorically excluded. Not publishable unless that exclusion policy changes."
7,Krzysztof Adam Matyjaszczyk,publish,"Prezydent Miasta Czestochowy continuously since 2010 (current term 2024-2029), poseł na Sejm 2007-2010, long-time chairman of SLD Czestochowa and vice-chairman of the SLD regional board in Katowice. PKW 2024 declaration: member of Nowa Lewica. | ZRODLO: kandydatury field (WYBRANY 2010, 2018, 2024; PKW declarations SLD/Nowa Lewica); https://www.portalsamorzadowy.pl/osoba/krzysztof-matyjaszczyk,157.html; https://www.gazetaprawna.pl/wiadomosci/artykuly/1313502,wyniki-wyborow-krzysztof-matyjaszczyk-prezydentem-czestochowy.html; https://en.wikipedia.org/wiki/Krzysztof_Matyjaszczyk; live check https://api-krs.ms.gov.pl/api/krs/OdpisAktualny/0000821458?rejestr=S (accessed 2026-09-05, stan na 02.06.2026).","Six posts total, five with closed end dates (rada nadzorcza seats at PWiK Okregu Czestochowskiego SA 2013-2019, ZGM TBS Czestochowa 2002-2003, Rejonowe PWiK sp. z o.o. 2019-2023, Krakowski Holding Komunalny SA 2022-2024, and MPWiK 2020-2024) and one current: chairman (Przewodniczacy Zarzadu) of the Zwiazek Gmin i Powiatow Subregionu Polnocnego Woj. Slaskiego since 2020, confirmed still live in the KRS odpis as of stan 02.06.2026. None is a rada spoleczna.","verdict=publish || TEZA: Krzysztof Matyjaszczyk, prezydent of Czestochowa continuously since 2010 (SLD/Nowa Lewica), has held six supervisory or executive board seats at municipal water and housing companies and now chairs the board of an inter-municipal association, a currently active post confirmed live in KRS. || UWAGA: Unexplained is why a Czestochowa prezydent sat on Krakowski Holding Komunalny's board (a Krakow company, 2022-2024) - no direct press source found, worth sourcing further before publication. A verifier independently re-checked the connection and identity (matching the live KRS odpis against the association's own unredacted board-member page) and found no grounds to refute it."
8,Zdzisław Szwed,publish,"Member of the Zarzad Wojewodztwa Lubelskiego (PiS), VI kadencja, 21.11.2018-2024 (portfolio included agriculture, promotion, culture, sport and tourism); long-time radny of Rada Miasta Chelm (2010-2018). After losing his own sejmik re-election bid in 2024 (5th place on the list, 7,212 votes, no mandate), he was appointed prezes of the wojewodztwo-owned company Lubelskie Dworce on 04.07.2024 - then, when he unexpectedly regained his sejmik mandate in September 2024 via list reshuffling, he had to resign the prezes post within the statutory three-month window (resigned 13.01.2025) due to incompatibility of offices. PKW 2011/2019/2023 declarations: member of Prawo i Sprawiedliwosc. | ZRODLO: kandydatury field (PKW declarations PiS 2011/2019/2023; WYBRANY 2010); https://radio.lublin.pl/2024/07/lubelskie-dworce-maja-nowego-prezesa/; https://kurierlubelski.pl/zdzislaw-szwed-wraca-do-sejmiku-wojewodztwa-lubelskiego/ar/c1-18818955; https://wschodni24.pl/index.php/2024/07/04/szwed-zadba-o-dworce/; https://www.wnp.pl/polityka-i-sondaze/osoba/zdzislaw-szwed,43808.html; https://pl.wikipedia.org/wiki/Zdzis%C5%82aw_Szwed; live check https://api-krs.ms.gov.pl/api/krs/OdpisAktualny/0000306605?rejestr=P (accessed 2026-09-05).","Five posts, all with closed end dates in the current data (none 'nadal'): rada nadzorcza seats at MPEC Chelm (two terms, 2004-2007 and 2019-2021), Chelmskie TBS (2003-2004), PKP Linia Hutnicza Szerokotorowa (2021-2024), and the prezes (zarzad) seat at Lubelskie Dworce SA (15.07.2024-13.01.2025). None is a rada spoleczna. Live KRS check confirms Szwed no longer sits on Lubelskie Dworce's current board (current prezes has different initials), matching the recorded end date.","verdict=publish || TEZA: Zdzislaw Szwed, a PiS member of the Lubelskie wojewodztwo zarzad who lost his own 2024 sejmik race, was appointed prezes of the wojewodztwo's Lubelskie Dworce company in July 2024 - then had to resign within three months, per statutory incompatibility rules, when he unexpectedly regained his sejmik seat via list reshuffling in September 2024. || UWAGA: No BIP uchwala documenting the appointment/resignation was located, though three independent press outlets (radio.lublin.pl, wschodni24.pl, kurierlubelski.pl) agree on dates and cause. A verifier independently re-checked the press sources, identity, and the live KRS record, and found no grounds to refute the connection."
9,Antoni Jan Kręźlewicz,skip,"Wojt of Gmina Czosnow for 33 years and 9 months (until 26.02.2024), PSL activist (PKW 2001 declaration: member of PSL; 2010: member of Polskie Stronnictwo Ludowe); since 2024 a radny of Gmina Czosnow (2024-2029 term), elected from the Komitet Wyborczy Wyborcow of Anna Maliszewska, the new wojt. | ZRODLO: kandydatury field (PKW declarations PSL 2001/2010/2018; WYBRANY 2002, 2010, 2018, 2024); https://kuriernowodworski.pl/artykul/anna-maliszewska-zaprzysiezona-na-wojta-gminy-czosnow-rada-gminy-zdominowana-przez-jeden-komitet-n1288299; https://www.portalsamorzadowy.pl/osoba/antoni-krezlewicz,98305.html; https://czosnow.biuletyn.net/?bip=1&cid=243 (all accessed 2026-09-05).","One post in the data, marked 'nadal': rada nadzorcza at Samodzielny Zespol Publicznych Zakladow Opieki Zdrowotnej im. Dzieci Warszawy w Dziekanowie Lesnym (KRS 0000072265, since 2022-01-14). This is an SPZOZ hospital whose statutory supervisory body is a rada spoleczna, not a rada nadzorcza - excluded under house rules. No other post in a public company appears in the data despite his 33-year tenure as wojt. No live re-check was done since the exclusion is categorical.","verdict=skip || TEZA: Antoni Kreźlewicz, wojt of Czosnow for 33 years and a declared PSL member, has only one seat at a public company on record - a hospital board that is legally a rada spoleczna, a categorically excluded post type - so despite the strong documented political career there is no eligible trough post. || UWAGA: Strong, well-documented political career (33 years as wojt, declared PSL member) but the only public-company post on record is a categorically excluded rada spoleczna. Nothing to publish in current form."
11,Jacek Marcin Baczyński,skip,"Three-term radny of Rada Miejska Legnicy; since 2018 a radny of Sejmik Wojewodztwa Dolnoslaskiego (PiS), chairman of the PiS club in the sejmik. PKW 2019 (European Parliament election) declaration: member of Prawo i Sprawiedliwosc. Suspended from PiS party membership since January 2021 after being detained by police over a domestic-violence matter. | ZRODLO: kandydatury field (WYBRANY 2010 Samorzad; PKW declaration PiS 2019); https://e-legnickie.pl/wiadomosci-z-regionu/legnica/52703-jacek-baczynski-zostal-nowym-radnym-dolnoslaskiego-sejmiku; https://tvn24.pl/polska/jacek-baczynski-z-pis-zatrzymany-przez-policje-zawieszony-w-prawach-czlonka-partii-4967746; https://dolnyslaskinfo.pl/leksykon/jacek-baczynski/ (all accessed 2026-09-05).","One post in the data, already ended: rada nadzorcza at Wojewodzki Szpital Specjalistyczny w Legnicy (KRS 0000163872, 2020-06-18 to 2021-12-15). This is an SPZOZ hospital whose statutory supervisory body is a rada spoleczna, not a rada nadzorcza - excluded under house rules regardless of its now-lapsed status.","verdict=skip || TEZA: Jacek Baczynski, long-time PiS radny and chairman of the PiS club in the Dolnoslaskie sejmik, held a single public-company board seat that is both a categorically excluded rada spoleczna and already expired (ended December 2021, coinciding with his police detention and party suspension in January 2021). || UWAGA: The single public-company post is both a categorically excluded rada spoleczna and already expired (ended December 2021), coinciding with his police detention and PiS suspension in January 2021. No eligible post to publish in current form."
12,Teresa Mazurek,skip,"Wójt (elected mayor) of Gmina Świdnica for five terms, 2003-2024, running each cycle on her own committee 'KWW Teresy Mazurek Wspólna Gmina' (re-elected 2010, 2018); since 2024 she is a radna on Rada Powiatu Świdnickiego, elected on KWW Wspólny Powiat. | ZRODLO: https://www.portalsamorzadowy.pl/osoba/teresa-mazurek,93419.html (Rada Powiatu w Świdnicy, kadencja 2024-2029); http://ws-24.pl/teresa-mazurek-ponownie-wojtem-gminy-swidnica/; https://swidnica24.pl/2018/11/gmina-swidnica-po-wyborach-teresa-mazurek-ponownie-wojtem/; live KRS OdpisAktualny 0000098817, rejestr=S, stan 23.04.2026.","One post total, and it does not count: Rada Nadzorcza @ SPZOZ Powiatowe Pogotowie Ratunkowe w Świdnicy (KRS 0000098817), since 2026-04-23 - confirmed live as a rada spoleczna (the organ is literally named RADA SPOŁECZNA), which koryta.pl's own rules exclude as an unpaid oversight seat, not a trough post. No other company affiliation exists in the record.","verdict=skip || TEZA: A sitting Świdnica powiat radna and five-term former wójt has, as her only company post, an unpaid rada spoleczna seat that koryta.pl's rules exclude - no trough post exists to publish. || UWAGA: Identity match is strong (live KRS masked entry matches name length and the appointment date exactly). No genuine public-company post exists in this record; revisit only if a future export attaches her to an actual spółka/rada nadzorcza seat."
13,Witold Kozłowski,publish,"Marszałek Województwa Małopolskiego 2018-2024, elected by the sejmik on the recommendation of PiS's Komitet Polityczny; sekretarz powiatu nowosądeckiego 1998-2018, the day job he held when named to PGE's rada nadzorcza in 2016; WYBRANY again to the sejmik in 2024 on the PiS list, though suspended from PiS membership in July 2024 and now serving as wicemarszałek. Party arc spans AWS (1998) -> Wspólnota Małopolska (2002) -> PiS (2006-2018, then again from 2024), with one 2010 sejmik run under KW Platforma Obywatelska in between. | ZRODLO: https://pl.wikipedia.org/wiki/Witold_Kozłowski; https://bip.malopolska.pl/umwm,a,1533066,witold-kozlowski.html; https://sadeczanin.info/gospodarka/sekretarz-powiatu-nowos%C4%85deckiego-w-radzie-nadzorczej-pge; live KRS OdpisAktualny 0000029409 and 0000005551, rejestr=S; live KRS OdpisPelny 0000059307 (PGE) confirming Rada Nadzorcza tenure dates via register entries #96/#116 (added per verifier, replacing a bankier.pl citation that turned out to discuss an unrelated person and was dropped).","Six posts total; two are genuine public-company trough posts, both ended: PGE Polska Grupa Energetyczna Rada Nadzorcza (KRS 0000059307), 2016-11-25 to 2018-09-17, held while he was sekretarz powiatu nowosądeckiego; and Małopolska Organizacja Turystyczna's board (KRS 0000053654, komisja rewizyjna organ, genuinely public, not rada spoleczna) - Rada Nadzorcza 2002-2006 then Zarząd 2006-2010. Three further posts are current hospital rada spoleczna seats (Szpital Specjalistyczny Nowy Sącz, KRS 0000029409, since 2024-12-23; Wojewódzki Szpital Okulistyczny Kraków, KRS 0000005551, since 2024-10-30; and Szpital Tarnów, KRS 0000027124, 2017-2019 per verifier) and are excluded under the site's rada spoleczna rule.","verdict=publish || TEZA: PiS's pick for sekretarz powiatu nowosądeckiego sat on PGE's supervisory board in 2016-2018 while holding that day job, then became Małopolska's marszałek for a full term (2018-2024) before losing the post and being suspended from PiS. || UWAGA: identity is strong (senior, singular public figure; Wikipedia biography matches the case point for point; live KRS masked-name pattern corroborates). A verifier checked this independently and did NOT refute it - it flagged one bad citation (bankier.pl, which actually discusses an unrelated person, Marek Pastuszko) to drop in favour of the live KRS OdpisPelny for PGE, which independently confirms the same tenure dates, and noted his party history is genuinely mixed (AWS/PO/PiS, with a 2024 PiS suspension) so both the PiS recommendation and the 2010 PO candidacy should be stated rather than picking one party."
15,Antoni Tarczyński,publish,"Long-time PSL activist and Sejm deputy (2nd term, 1993-1997; PSL Sejm candidate across 1991-2015 with repeated PKW membership declarations), wiceprezes of the state Agencja Rynku Rolnego, wójt of Gmina Mińsk Mazowiecki 1999-2002, then starosta miński from 2005, independently confirmed re-elected after every cycle through 2024 (radny powiatu WYBRANY 2010 and 2024 on his own local committee 'Twój Powiat'), now in his 2024-2029 term. | ZRODLO: https://pl.wikipedia.org/wiki/Antoni_Tarczyński; https://www.portalsamorzadowy.pl/osoba/antoni-tarczynski,12657.html (Rada Powiatu Mińskiego, kadencja 2024-2029); https://www.facebook.com/powiatminski/posts/; http://starosta.wm.wkraj.pl/html5/index.php?id=63440 (official Starostwo bio); live KRS OdpisAktualny 0000349207, rejestr=P, stan 22.07.2026.","Three posts total, all genuine public-company rada nadzorcza seats, none rada spoleczna: Elewarr sp. z o.o. (KRS 0000102377, state grain-trading subsidiary of Agencja Rynku Rolnego), 2002-03-25 to 2003-09-17, during the SLD-UP-PSL coalition government; Mazowieckie Centrum Rehabilitacji STOCER sp. z o.o. (KRS 0000337011), 2009-2016; and Mazowiecki Szpital Wojewódzki Drewnica sp. z o.o. (KRS 0000349207), since 2016-11-14 - confirmed CURRENT and live via KRS OdpisAktualny stan 22.07.2026, with a masked entry matching 'Tarczyński'/'Antoni'/'Jan' by exact character length.","verdict=publish || TEZA: A 20-year PSL starosta miński sits on a Mazowieckie voivodeship hospital's real rada nadzorcza, after an earlier stint on a state grain-trading company's board during the SLD-PSL coalition. || UWAGA: identity strong (multiple independent sources converge on one Antoni Jan Tarczyński; the unrelated Tarczyński meat-company family was explicitly checked and ruled out). A verifier checked this independently, did not refute it, but flagged that no dated post-2024 source pins 'nieprzerwanie...do dziś' to today - suggested phrasing is 'starosta miński 2005-2024 (confirmed re-elected after 2006/2010/2014/2018/2024), obecnie radny powiatu VII kadencji 2024-2029'; the load-bearing current Drewnica seat is separately confirmed live regardless of his exact current title."
16,Marian Ormaniec,publish,"Prezes Zarządu Wojewódzkiego PSL Śląskiego since 2005, wicewojewoda śląski 2001-2002, then wicemarszałek województwa śląskiego, recalled by the sejmik in October 2008 (vote 27-8-8) after Dziennik Zachodni reported he steered paid training for 40 Provincial Labour Office staff - an office he supervised as deputy marshal - to a resort run by his family, and that a subsidized folk group was chaired by his daughter; radny Sejmiku Śląskiego 2006-2014. Died 14 May 2021. | ZRODLO: https://dziennikzachodni.pl/marian-ormaniec-nie-zyje-zmarl-dzialacz-ludowy-byly-wicewojewoda-slaski-i-wicemarszalek-wojewodztwa-slaskiego/ar/c1-15611973 (403 on verifier fetch, uncorroborated directly but consistent with the others); https://www.wnp.pl/parlamentarny/wydarzenia/zmarl-marian-ormaniec-b-lider-slaskiego-psl-i-b-wicewojewoda-slaski,141855.html; https://www.money.pl/archiwum/wiadomosci_agencyjne/pap/artykul/slaskie;sejmik;odwolal;wicemarszalka;z;psl,157,0,379293.html; https://www.portalsamorzadowy.pl/polityka-i-spoleczenstwo/nie-zyje-byly-wicemarszalek-wojewodztwa-slaskiego-marian-ormaniec,280957.html; https://pl.wikipedia.org/wiki/Marian_Ormaniec.","Five posts total; three genuinely public-company: Beskidzki Hurt Towarowy S.A. (KRS 0000144861), board chairman 2003-02-17 to 2006-12-27 (press independently gives 2002-2006, an immaterial few-month gap); Beskid Żywiec sp. z o.o. (KRS 0000094136), rada nadzorcza 2012-02-06 to 2015-07-09 - live KRS confirms 100% ownership by a cluster of Żywiec-area gminas; and 'Beskid-Ekosystem' sp. z o.o. (KRS 0000075906), rada nadzorcza 2012-08-31 to 2012-11-20, brief. One post (SPZOZ Szpital Kolejowy Wilkowice-Bystra, KRS 0000031391) is rada spoleczna and excluded; one (Fundacja Rozwoju, KRS 0000125573) is private and excluded. None current - he died in 2021, so the nadal-only trap does not apply.","verdict=publish || TEZA: PSL's Śląskie party chairman and twice-serving deputy marshal ran two Żywiec-area public companies' boards the year after a nepotism scandal cost him his regional office. || UWAGA: identity strong (independent obituaries agree on birth date and name the Beskidzki Hurt Towarowy chairmanship; the hyper-local company cluster rules out a namesake). A verifier checked this independently and did NOT refute it - it noted dziennikzachodni.pl returned a 403 on fetch so that one citation rests on the other four corroborating sources, that no independent press names the appointing body for the 2012 board seats (they rest on the KRS register itself), and flagged the deceased-person publishing question as an open operator decision, not a factual defect."
17,Wojciech Dariusz Godlewski,skip,"Elected radny Dzielnicy Wawer m.st. Warszawy in 2018 as 'Wojciech Godlewski' on Koalicja Obywatelska's list (1135 votes), and again for the 2024-2029 term - though portalsamorzadowy's live roster lists him there as 'Dariusz Wojciech Godlewski' running on his own local committee KWW Wawerska Inicjatywa Samorządowa, not the KKW Koalicja Obywatelska row koryta's kandydatury field carries for 2024 (which has no WYBRANY tag) - meaning koryta's precomputed WYBRANY lead likely missed his actual, current win on a different committee than the one it tagged. | ZRODLO: https://gazetawawerska.pl/2018/10/23/mamy-nowych-radnych-w-dzielnicy-wawer/; https://www.portalsamorzadowy.pl/miasto/wawer,2887.html (2024-2029 roster, live page); live KRS OdpisAktualny 0000089156, rejestr=S, stan 21.08.2026.","One post total, and it does not count: Rada Nadzorcza @ Samodzielny Zespół Publicznych Zakładów Lecznictwa Otwartego Warszawa-Wawer (KRS 0000089156), since 2026-05-22 - confirmed live as rada spoleczna (organ literally named RADA SPOŁECZNA), excluded under the site's rules; masked KRS entry matches 'Godlewski'/'Wojciech'/'Dariusz' by exact character length. No other company affiliation exists.","verdict=skip || TEZA: A two-term Wawer district councillor's only company affiliation is an unpaid rada spoleczna hospital-oversight seat, which koryta.pl's own rules exclude - nothing to publish regardless of the identity question below. || UWAGA: identity only moderate - given-name order flips between sources ('Wojciech Dariusz' in 2018 press vs. 'Dariusz Wojciech' on the 2024-2029 roster), plausible administrative variation (the same committee name recurs 2014-2024) but not confirmed via birth date or PESEL; before using the 2024 win anywhere, confirm via a BIP oświadczenie majątkowe. No verifier ran on this one."
18,Andrzej Kredkowski,ODRZUCONE,"Radny Sejmiku Województwa Dolnośląskiego z klubu PiS, wybrany w 2018 r. na kadencję 2018-2023 i ponownie WYBRANY w 2024 r. (okręg nr 4, Jelenia Góra, 6865 głosów, 4,27%); wieloletni deklarowany członek PiS (kandydatury z tagiem 'partia: PiS' w 2010, 2014, 2018, 2019 i 2024, wcześniej LPR w 2004). W pierwszej kadencji zasiadał w Radzie Nadzorczej Wojewódzkiego Przedsiębiorstwa Energetyki Cieplnej w Legnicy (KRS 0000081828, spółka publiczna, prawdziwa rada nadzorcza) od 2023-08-16 do 2024-06-20 - mandat skończył się dwa miesiące po reelekcji. Od 2023-08-09 zasiada też (nadal) w organie nadzorczym Wojewódzkiego Centrum Szpitalnego Kotliny Jeleniogórskiej (KRS 0000083901), ale to rada społeczna, nie rada nadzorcza, więc nie liczy się jako posada. | ZRODLO: https://www.portalsamorzadowy.pl/osoba/andrzej-kredkowski,20651.html; https://umwd.dolnyslask.pl/sejmik/radni-wojewodztwa/; https://legnica.fm/wiadomosci/wiadomosci-fakty/20-fakty-region/31200- ('Radny Sejmiku Województwa Dolnośląskiego Andrzej Kredkowski (PiS)'); koryta kandydatury field (dane PKW, tagi partia: PiS, WYBRANY 2024).","2 posady w danych źródłowych, żadna aktualnie aktywna i publiczna. WCS Kotlina Jeleniogórska (KRS 0000083901): organ nadzorczy to rada społeczna - wykluczona jako trough mimo etykiety 'nadal' od 2023-08-09. WPEC w Legnicy (KRS 0000081828): prawdziwa rada nadzorcza spółki publicznej, ale mandat zakończył się 2024-06-20 - obecnie nie ma żadnej aktywnej publicznej posady.","verdict=ODRZUCONE || TEZA: Kredkowski, dwukadencyjny radny sejmiku dolnośląskiego z PiS, zasiadał w radzie nadzorczej ciepłowni WPEC w Legnicy do dwóch miesięcy po reelekcji w 2024 r., a obecnie zasiada bezpłatnie w wykluczonej radzie społecznej szpitala kotliny jeleniogórskiej. || UWAGA: VERIFIER REFUTED - Data checked: /home/szymon/.cache/koryta/scratch-bridge-cse-01L1v/next_hundred.json (person n=18, id jRxESJP09Y3xCMrTHzH3) matches the brief's posady/kandydatury text verbatim. /home/szymon/.cache/koryta/scratch-bridge-cse-01L1v/krs_lookup.json: KRS 0000081828 (WPEC w Legnicy) → supervisory_organ=""rada_nadzorcza"", is_public_raw=true; KRS 0000083901 (WCS Kotlina Jeleniogórska) → supervisory_organ=""rada_spoleczna"", likely_public_via_hardcoded_bug=true (trap 1 fires, correctly excluded). Live KRS check: curl https://api-krs.ms.gov.pl/api/krs/OdpisAktualny/0000081828?rejestr=P&format=json (HTTP 200) — current Rada Nadzorcza = 4 members, surnames redacted to H*, S*, U*, P*; no K* entry. WebFetch of https://www.wpec.legnica.pl/O-firmie/Wladze-Spolki names the same four in full (Urbaniak, Szwancyber, Harasimowicz, Pędrak), confirming the redacted API list and confirming Kredkowski is not currently on it. WebFetch of https://www.portalsamorzadowy.pl/osoba/andrzej-kredkowski,20651.html: ""RADNY DO SEJMIKU WOJEWÓDZKIEGO,"" KW PiS, born 1973, ""Mandat zdobył na kadencję 2018-2023, startując z list Prawa i Sprawiedliwości,"" re-elected 2024-2029, district 4, 6,865 votes/4.27%. WebFetch of https://umwd.dolnyslask.pl/sejmik/radni-wojewodztwa/: lists him as a current PiS-klub radny (chairs Komisja Rolnictwa i Obszarów Wiejskich). WebFetch of https://legnica.fm/wiadomosci/wiadomosci-fakty/20-fakty-region/31200-: article dated 30.01.2020, ""Radny Sejmiku Województwa Dolnośląskiego Andrzej Kredkowski (PiS) o pracy podkomisji ds. kultury."" Negative searches (no hits tying Kredkowski by name to either board seat): site search on wpec.legnica.pl, legnica.fm, e-legnickie.pl, umwd.dolnyslask.pl, plus general web queries for ""Kredkowski"" + WPEC/rada nadzorcza/oświadczenie majątkowe — all returned no relevant result (some search-engine fetches degraded to unrelated cached content, which I discounted; the direct site searches on WPEC/legnica.fm/e-legnickie.pl/umwd, which did return real content, found nothing). WebSearch tool was unavailable (session budget exhausted) partway through, so this relies on WebFetch of specific sites rather than a fresh search-engine query."
19,Henryk Czesław Gawor,ODRZUCONE,"Radny Rady Powiatu Wielickiego (kadencja 2024-2029, WYBRANY 2024, KW Prawo i Sprawiedliwość, 2297 głosów/14,56%, okręg 4); w poprzedniej kadencji (2018-10-21 do 2024-04-21) był radnym i przewodniczącym klubu PiS w tej samej radzie. Od 2024-06-17 przewodniczy Radzie Nadzorczej Solne Miasto sp. z o.o. w Wieliczce (KRS 0000336614, spółka w 100% należąca do Gminy Wieliczka, prawdziwa rada nadzorcza). Wcześniejsze kandydatury PiS w 2006, 2010, 2018, 2024. | ZRODLO: https://www.portalsamorzadowy.pl/osoba/henryk-gawor,190037.html; https://powiatwielicki.mamprawowiedziec.pl/polityk/202482; https://solnemiasto.eu/rada-nadzorcza/ (wymienia Henryka Gawora jako Przewodniczącego Rady Nadzorczej); live KRS OdpisAktualny dla 0000336614 sprawdzony 2026-09-05.","2 posady wymienione, jedna aktualna i publiczna. Solne Miasto sp. z o.o. (KRS 0000336614): prawdziwa rada nadzorcza, spółka publiczna (100% Gmina Wieliczka), od 2024-06-17 do dziś - POTWIERDZONE aktualne przez żywy odpis KRS (2026-09-05) i własną stronę spółki, która wymienia go jako przewodniczącego. Stowarzyszenie Metropolia Krakowska (KRS 0000514292): to komisja rewizyjna stowarzyszenia, nie rada nadzorcza spółki, i mandat zakończył się 2019-04-08 - nieistotne dla werdyktu.","verdict=ODRZUCONE || TEZA: Gawor, wicestarosta wielicki i wieloletni radny PiS, wcześniej wójt gminy Biskupice od 2010, przewodniczy radzie nadzorczej miejskiej spółki Solne Miasto od siedmiu tygodni po objęciu nowej kadencji powiatowej. || UWAGA: VERIFIER REFUTED - (a) CITED CONNECTION: portalsamorzadowy.pl/osoba/henryk-gawor,190037 confirms only 'radny, Rada Powiatu Wielickiego, 2024-2029, KW Prawo i Sprawiedliwość, WYBRANY (2297 votes/14.56%, okręg 4)' — no wójt/Biskupice/wicestarosta mention. powiatwielicki.mamprawowiedziec.pl/polityk/202482 is actually his PREVIOUS-term profile (dates 2018-10-21 to 2024-04-21: radny, PiS club chairman, 3 commissions) and separately lists 'Starostwo Powiatowe, Wicestarosta Wielicki, Wieliczka' as a work-experience line with NO DATE ('brak informacji') — not proof he holds this in the current 2024-2029 term. Neither source mentions Biskupice or wójt anywhere (confirmed by targeted re-fetch searching those exact terms). solnemiasto.eu/rada-nadzorcza confirms Henryk Gawor as Przewodniczący Rady Nadzorczej alongside Tomasz Tomala and Józef Gawron. (b) IDENTITY: live KRS OdpisAktualny for 0000336614 (fetched 2026-09-05) shows RADA NADZORCZA with masked members 'H**** G****' PESEL-prefix 7, 'T***** T*****' prefix 8, 'J**** W******* G*****' prefix 6 — the '7' prefix is consistent with a person born in the 1970s, matching Gawor's 1971 birth year per mamprawowiedziec; company is Wieliczka-based, matching his powiat. Reasonably confident same person. (c) RADA SPOLECZNA TRAP: krs_lookup.json shows supervisory_organ='rada_nadzorcza' for 0000336614 (Solne Miasto) — genuine business supervisory board, not rada spoleczna; the other referenced KRS, 0000514292 (Stowarzyszenie Metropolia Krakowska), has supervisory_organ='komisja_rewizyjna' (association audit committee) and ended 2019-04-08 — correctly excluded as not load-bearing. (d) CURRENCY: live KRS odpis (stan z dnia 03.09.2026, fetched 2026-09-05) still lists the 3-member Rada Nadzorcza including the masked H.G. entry — post is current. (e) PUBLIC OWNERSHIP: live KRS shows Solne Miasto's sole udziałowiec is 'GMINA WIELICZKA' holding 100% of shares (426,896 udziały, PLN 21,344,800) — genuinely publicly owned; krs_lookup.json also has is_public_raw=true independently. (f) DATES/WYBRANY: portalsamorzadowy independently corroborates the 2024 WYBRANY radny win with vote counts. But the county's own official site (powiatwielicki.pl) — fetched live — names the FULL current zarząd for 2024-2029: Starosta Roman Ptak and Wicestarosta Ewa Ptasznik (both elected 2024-05-16, Ptasznik explicitly billed as 'the first woman to hold this position'), plus members Łukasz Sadkiewicz, Edyta Trojańska-Urbanik, Klaudia Wojakowska-Grochot. Henryk Gawor does not appear anywhere in this current zarząd listing. This directly refutes the CLAIMED CONNECTION's central assertion that he is 'Wicestarosta Wielicki' and the HEADLINE's 'PiS county deputy-starost of Wieliczka.' Separately, the 'wójt gminy Biskupice od 2010' backstory has no citable source: bip.malopolska.pl/ugbiskupice and the gmina's own site/Wikipedia show Renata Gawlik as wójt since 2018 with no earlier officeholder named, and the two sources actually cited for the claimed connection never mention Biskupice or wójt at all."
20,Michał Marcin Rado,publish,"Wicemarszałek Województwa Dolnośląskiego od maja 2024 i radny Sejmiku Województwa Dolnośląskiego (WYBRANY 2024, okręg nr 2, 13 989 głosów/5,51%) z listy Bezpartyjni Samorządowcy; deklarowany członek partii 'Bezpartyjni Samorządowcy-Łączy nas Polska' (kandydatura na senatora 2023). Pracownik Urzędu Marszałkowskiego Województwa Dolnośląskiego od 2014 (dyrektor, potem wicedyrektor departamentu marszałka), wcześniej radny powiatu oławskiego od 25. roku życia i sołtys Bystrzycy od 2019. Prezes zarządu Dolnośląskiej Agencji Współpracy Gospodarczej (DAWG) od 2021-03-29 do 2024-06-11 - odszedł niemal dokładnie wtedy, gdy objął stanowisko wicemarszałka. | ZRODLO: https://www.portalsamorzadowy.pl/osoba/michal-rado,45610.html; https://umwd.dolnyslask.pl/sejmik/radni-wojewodztwa/; https://mws.org.pl/artykul/michal-rado-wicemarszalkiem/1559414; https://bezpartyjnisamorzadowcy.pl/liderzy-bezpartyjnych/michal-rado-2/; live KRS OdpisAktualny dla 0000027173 i 0000141601 sprawdzone 2026-09-05.","6 posad, wszystkie rozstrzygnięte. Aktualnie utrzymuje dwie: Miejskie Przedsiębiorstwo Oczyszczania w Lubinie (KRS 0000141601, rada nadzorcza, nadal - POTWIERDZONE na żywym odpisie KRS) i Miejskie Przedsiębiorstwo Komunikacyjne we Wrocławiu (KRS 0000027173, rada nadzorcza, od 2025-07-07, nadal - POTWIERDZONE na żywym odpisie KRS). Zakończone: DAWG (zarząd, do 2024-06-11), DOLMED (rada nadzorcza, do 2024-11-20), Przedsiębiorstwo Gospodarki Komunalnej w Wiszni Małej (rada nadzorcza, do 2025-07-16). Stowarzyszenie 'Rzeczpospolita Samorządna' to prywatna komisja rewizyjna, nieistotna dla werdyktu.","verdict=publish || TEZA: Rado, obecny wicemarszałek województwa dolnośląskiego (Bezpartyjni Samorządowcy), zbudował karierę w Urzędzie Marszałkowskim i prezesurze DAWG równolegle z mandatami samorządowymi, a po wyborze do sejmiku w 2024 r. przeszedł na kolejne dwie posady w spółkach publicznych, które utrzymuje do dziś. || UWAGA: Weryfikator sprawdził sprawę niezależnie (żywe odpisy KRS dla obu aktualnych rad nadzorczych, portalsamorzadowy.pl, mws.org.pl, umwd.dolnyslask.pl) i nie znalazł podstaw do odrzucenia - jedyna drobna rozbieżność to data objęcia funkcji wicemarszałka (21 vs 22.05.2024), nieistotna dla werdyktu."
21,Dariusz Pilśniak,publish,"Starosta Kłobucki (przewodniczący Zarządu Powiatu), radny Rady Powiatu Kłobuckiego kadencja 2024-2029 (WYBRANY 2024, okręg Krzepice-Lipie, z listy KKW Trzecia Droga PSL-PL2050); wieloletni działacz PSL (kandydatura 2002 z tagiem 'partia: PSL', WYBRANY 2010 z listy PSL). Od 2024-07-01 zasiada w Zarządzie Związku Gmin i Powiatów Subregionu Północnego Województwa Śląskiego (KRS 0000821458, stowarzyszenie publiczne zrzeszające samorządy regionu częstochowskiego), gdzie własna strona związku wymienia go z imienia i nazwiska jako 'Starostę Powiatu Kłobuckiego, członka Zarządu'. Od 2024-09-27 zasiada też w organie nadzorczym Zespołu Opieki Zdrowotnej w Kłobucku, ale to rada społeczna, więc nie liczy się jako posada. | ZRODLO: http://powiatklobucki.esesja.pl/radny/157696/dariuszapilśniak.htm; https://dziennikzachodni.pl/wyniki-do-rady-powiatu-klobuckiego-kto-otrzyma-mandat-pkw-podala-oficjalne-wyniki/ar/c1-18445013; https://www.subregion-polnocny.pl/stowarzyszenie/zarzad-zwiazku/ (wymienia go z imienia jako członka zarządu); live KRS OdpisAktualny dla 0000821458 sprawdzony 2026-09-05; koryta kandydatury field.","2 posady. Związek Gmin i Powiatów Subregionu Północnego Woj. Śląskiego (KRS 0000821458): jego mandat jest w Zarządzie (nie w organie nadzorczym, który formalnie to komisja rewizyjna), związek publiczny, POTWIERDZONE aktualne na żywym odpisie KRS z 2026-09-05. Zespół Opieki Zdrowotnej w Kłobucku (KRS 0000005621): organ nadzorczy to rada społeczna - WYKLUCZONA jako trough mimo etykiety 'Rada Nadzorcza'/'nadal' w danych źródłowych.","verdict=publish || TEZA: Pilśniak, urzędujący starosta kłobucki (PSL/Trzecia Droga), zasiada w zarządzie międzygminnego związku subregionu północnego województwa śląskiego, a osobno w wykluczonej radzie społecznej własnego szpitala powiatowego. || UWAGA: Weryfikator sprawdził sprawę niezależnie (żywy odpis KRS, esesja, strona związku, strona powiatu) i nie znalazł podstaw do odrzucenia; jedyna uwaga to link do Dziennika Zachodniego zwrócił błąd 403 przy bezpośrednim sprawdzeniu (prawdopodobnie blokada botów, nie martwy/zły link - trzy inne niezależne źródła potwierdzają fakty)."
22,Witold Marek Wróblewski,ODRZUCONE,"Prezydent Miasta Elbląga 2014-2024 (55,23% w 2014, komitet własny wspierany m.in. przez PSL/PO/SLD; 72,01% reelekcji w 2018, WYBRANY, PKW-deklaracja PSL). W 2024 r. nie ubiegał się o trzecią kadencję i kandydował (bez wyboru) do Sejmiku Warmińsko-Mazurskiego z listy KKW Trzecia Droga PSL-PL2050. Wg danych źródłowych, od 2024-04-19 do 2026-06-03 miał zasiadać w Radzie Nadzorczej Rolno-Spożywczego Rynku Hurtowego 'Giełda Elbląska' (KRS 0000064518, spółka powiązana ze Skarbem Państwa) - ale żaden niezależny materiał (Wikipedia, TVN24, Radio Olsztyn) tego nie potwierdza. | ZRODLO: https://pl.wikipedia.org/wiki/Witold_Wr%C3%B3blewski_(samorz%C4%85dowiec); https://tvn24.pl/pomorze/witold-wroblewski-wygral-wybory-w-elblagu-ra494060-3416243; https://radioolsztyn.pl/witold-wroblewski-nie-wystartuje-w-wyborach-koalicja-wskazala-kandydata/01736659; live KRS OdpisAktualny dla 0000064518 sprawdzony 2026-09-05.","3 posady wymienione w danych źródłowych, wszystkie już zakończone, i żadna niezależnie potwierdzona jako należąca do tej osoby. Giełda Elbląska (KRS 0000064518): rada nadzorcza spółki publicznej, wg danych 2024-04-19 do 2026-06-03 - koniec POTWIERDZONY na żywym odpisie KRS (brak nazwiska na 'W' wśród 5 obecnych członków), ale sam fakt, że to ten Wróblewski, nie ma żadnego niezależnego źródła. Warmia i Mazury sp. z o.o. (KRS 0000399439, rada nadzorcza) zakończona 2015-03-10. Szpital Miejski w Elblągu (KRS 0000394336): organ nadzorczy to rada społeczna - i tak byłaby wykluczona, a dodatkowo zakończona 2022-04-12.","verdict=ODRZUCONE || TEZA: Wróblewski, odchodzący po dziesięciu latach prezydent Elbląga związany z PSL, miał wylądować w radzie nadzorczej giełdy rolno-spożywczej powiązanej ze Skarbem Państwa dwa tygodnie przed końcem kadencji i tuż po przegranej w wyborach do sejmiku. || UWAGA: VERIFIER REFUTED - Checked in order (a)-(f): (a) CITED CONNECTION — FAILS. WebFetch of https://radioolsztyn.pl/witold-wroblewski-nie-wystartuje-w-wyborach-koalicja-wskazala-kandydata/01736659 (published 2024-01-08) shows it is solely about his decision not to seek a third mayoral term and the coalition naming a successor candidate. It contains zero mentions of Giełda Elbląska, any supervisory board, or the 2024-05-06 term-end date — directly contradicting the SOURCE GIVEN's characterization of what this article confirms. Re-fetched with an explicit yes/no verification prompt; confirmed absent on all four points. Wikipedia (pl.wikipedia.org/wiki/Witold_Wróblewski_(samorządowiec)) and TVN24 (tvn24.pl/pomorze/witold-wroblewski-wygral-wybory-w-elblagu-ra494060-3416243) do independently confirm: full name Witold Marek Wróblewski, born 1959 in Elbląg, mayor 2014-12-05–2024-05-06, 2014 win 55.23% (own committee w/ PSL+PO+SLD backing) per TVN24, 2018 re-election 72.01%, PSL activist/deputy mayor 2002-2011 background, did not seek a third term, unsuccessful 2024 Sejmik bid. Wikipedia additionally states he became director of the Zarząd Dróg Powiatowych in Pasłęk in August 2024 and retired June 2025 — and does NOT mention Giełda Elbląska anywhere. (b) IDENTITY (trap 4) — UNVERIFIED. No source found (Wikipedia, TVN24, Radio Olsztyn) names this person in connection with Giełda Elbląska at all. rejestr.io/osoby/863761 (the profile URL given) returned HTTP 403 and could not be checked. The only link between ""mayor Wróblewski"" and ""Giełda Elbląska board member Wróblewski"" is the pipeline's internal name-based join; no independent press/primary document corroborates it. (c) RADA SPOLECZNA (trap 1) — checked via /home/szymon/.cache/koryta/scratch-bridge-cse-01L1v/krs_lookup.json: Giełda Elbląska (0000064518) supervisory_organ=rada_nadzorcza (genuine); Warmia i Mazury (0000399439) supervisory_organ=rada_nadzorcza (genuine); Szpital Miejski (0000394336) supervisory_organ=rada_spoleczna (correctly excluded, matches the case's own CAUTION). (d) IS THE POST CURRENT — checked. Live fetch of https://api-krs.ms.gov.pl/api/krs/OdpisAktualny/0000064518?rejestr=P&format=json (2026-09-05) shows a 5-member Rada Nadzorcza, registry entry dated 03.06.2026, with no member surname beginning 'W' — confirms the seat has ended, consistent with the claimed 2024-04-19–2026-06-03 range. No currently active public post remains. (e) PUBLICLY OWNED — confirmed via krs_lookup.json hardcoded_reasons for both live companies (SPOLKI_SKARBU_PANSTWA / MINISTERSTWO_AKTYWOW_PANSTWOWYCH_KRSs for Giełda Elbląska; PUBLIC_COMPANIES_KRS + likely_public_via_hardcoded_bug=true for Warmia i Mazury). (f) DATES / WYBRANY — next_hundred.json record for n=22 (id eIDYcRWf2NKYU3TzrCQx) shows kandydatury with WYBRANY only on the 2018 row (PKW-deklaracja: PSL), matching the claim's precision; no WYBRANY tag on 2024 Sejmik row, matching the claim of an unsuccessful run; independently corroborated by TVN24 (2014 win, not PKW-tagged as WYBRANY in this dataset but externally confirmed) and Wikipedia (2018 win, 2024 loss). Files consulted: /home/szymon/.cache/koryta/scratch-bridge-cse-01L1v/next_hundred.json, /home/szymon/.cache/koryta/scratch-bridge-cse-01L1v/krs_lookup.json."
23,Leszek Jan Świętochowski,publish,"Career PSL politician: wójt gminy Stanin 1990-2001, poseł III i IV kadencji Sejmu 2001-2005, radny powiatu łukowskiego, PKW-deklaracja 'członek partii PSL' on the 2011 Sejm list, WYBRANY in the 2010 samorządowe elections. Now prezes zarządu of the state food conglomerate Krajowa Grupa Spożywcza S.A., a post he took in 2025 after PSL entered government via Trzecia Droga. | ZRODLO: farmer.pl 'Leszek Świętochowski Prezesem Zarządu Krajowej Grupy Spożywczej S.A.' (2025); portalspozywczy.pl 'Nowy p.o. prezesa Krajowej Grupy Spożywczej' (2025); dziennikwschodni.pl 'Jest nowy prezes stadniny w Janowie Podlaskim. To człowiek z PSL'; pl.wikipedia.org/wiki/Leszek_Świętochowski; koryta kandydatury field; live KRS pull https://api-krs.ms.gov.pl/api/krs/OdpisAktualny/0000084678?rejestr=P&format=json (2026-09-05, confirms PREZES ZARZĄDU, masked name matches Ś.../L.../J..). Verifier independently re-confirmed via radio.lublin.pl 'Janowska stadnina ma nowego prezesa' (2 May 2024) and a fresh farmer.pl fetch; the dziennikwschodni.pl URL could not be re-located but is not load-bearing.","4 genuinely public posts across his career: Rada Nadzorcza then Zarząd @ Krajowa Grupa Spożywcza S.A. (KRS 0000084678; RN 2024-12-16–2025-04-23, then Zarząd 2025-04-23–nadal, CURRENT, confirmed Prezes Zarządu via live KRS pull today); Zarząd @ Stadnina Koni Janów Podlaski (KRS 0000109401, 2024-05-10–2025-04-09, ended); Rada Nadzorcza @ Zakład Gospodarki Komunalnej Gminy Stanin (KRS 0000674478, 2019-08-07–2024-01-22, ended, his home gmina); Rada Nadzorcza @ ELEWARR (KRS 0000102377, 2014-07-18–2016-02-09, ended). Two further seats - Polski Związek Przedsiębiorców Handlujących Cukrem and Związek Producentów Cukru w Polsce - are excluded as private employers' associations, not public posts.","verdict=publish || TEZA: A 35-year PSL career - wójt, poseł, powiat councillor, repeated candidacies - culminates in his 2025 appointment as prezes of the Treasury's flagship food conglomerate, right after PSL joined government via Trzecia Droga. || UWAGA: Identity is strong (live KRS masked name and PESEL decade match exactly). A verifier checked the case independently today, corroborated the KGS/Stadnina appointments and his political CV via radio.lublin.pl and farmer.pl, and found no grounds to kill it - only the dziennikwschodni.pl citation could not be re-located, which is immaterial. Do not describe the two sugar-industry association board seats as public trough posts - they are private."
24,Rudolf Galocz,skip,"None found beyond candidacy rows - he ran repeatedly on SLD-coalition tickets in 2002 and 2010, plus two non-partisan local committees ('O Przyszłość Jaworza', 'Przyjazny Samorząd') in 1998 and 2006; no PKW-deklaracja party-membership tag and no WYBRANY flag anywhere. | ZRODLO: odeszliodnas.ox.pl obituary 'Zmarł Rudolf Galocz' (d. 2012-12-05); koryta kandydatury field.","4 historical posady, all supervisory hospital-board seats, all ended by 2013: SPZOZ Szpital Kolejowy Wilkowice-Bystra (KRS 0000031391) 2005-2009; Obwód Lecznictwa Kolejowego SPZOZ Bielsko-Biała (KRS 0000132016) 2008-2012; Beskidzki Zespół Leczniczo-Rehabilitacyjny Jaworze (KRS 0000179093) 2005-2008 - all three are supervisory_organ='rada_spoleczna', unpaid seats excluded by house rule. The fourth, Psychiatryczny Zakład Opiekuńczo-Leczniczy (KRS 0000118523) 2008-2013, now returns 404/empty on the live KRS registers, consistent with a defunct entity. None current - the person died in December 2012.","verdict=skip || TEZA: No story - Rudolf Galocz, a former radny gminy Jaworze, radny powiatu bielskiego and wicewójt Jaworza (to 2002) who died in December 2012, held only unpaid rada społeczna hospital-board seats and never won a partisan election. || UWAGA: The obituary confirms geography (Jaworze/Bielsko-Biała) matching his posady but does not itself confirm SLD membership, which rests only on his mixed 2002/2010 coalition candidacies against non-partisan committees in 1998/2006 - moot regardless, since 3 of 4 posts are rada społeczna and the 4th company appears defunct. No verifier was run on this skip."
25,Jolanta Koczorowska,ODRZUCONE,"Claimed as chairwoman of PO's Otwock-county structures (przewodnicząca struktur Platformy Obywatelskiej w powiecie otwockim); radna Rady Powiatu Otwockiego (PO); PKW-deklaracja 'członek partii politycznej: Platforma Obywatelska RP' on the 2019 Sejm list; WYBRANY in the 2010 samorządowe elections. | ZRODLO: radiokolor.pl 'Otwock. Fałszywe podpisy na sesji i zawieszeni radni PO' (calls her przewodnicząca struktur PO powiatu otwockiego); bip.powiat-otwocki.pl/plik,20890,lp2-interpelacja.pdf ('Radna Rady Powiatu Otwockiego - Jolanta Koczorowska'); wybory2010.pkw.gov.pl candidate list (Jolanta Maria Koczorowska, age 61, Radiówek); koryta kandydatury field; live KRS pull https://api-krs.ms.gov.pl/api/krs/OdpisAktualny/0000336643?rejestr=P&format=json (2026-09-05).","3 genuinely public Rada Nadzorcza posts: Mazowieckie Centrum Neuropsychiatrii (KRS 0000336643) 2021-02-02–nadal, current, confirmed live today; Miejskie Przedsiębiorstwo Taksówkowe (KRS 0000101427, Warsaw's municipal taxi company) 2015-2021, ended; Sulejówek Inwestycje (KRS 0000295077) 2012-2013, ended. Excluded as rada społeczna: Międzyleski Szpital Specjalistyczny (KRS 0000080872) and Mazowieckie Centrum Leczenia Chorób Płuc i Gruźlicy (KRS 0000080790), both unpaid hospital councils despite one being marked 'nadal'. Fundacja 'Nikt nie zostaje' (KRS 0000499206) excluded as a private foundation.","verdict=ODRZUCONE || TEZA: A sitting PO Otwock-county chapter chairwoman and elected county councillor currently sits on the real supervisory board of a Mazowieckie-owned psychiatric hospital company. || UWAGA: VERIFIER REFUTED - the sole cited source for the 'przewodnicząca struktur PO powiatu otwockiego' claim, https://radiokolor.pl/otwock-falszywe-podpisy-na-sesji-i-zawieszeni-radni-po/, returns HTTP 404 ('Błąd 404 - Strona nie została znaleziona'), and the site's own search for 'Koczorowska' returns zero results; no archived or alternate copy could be located, and WebSearch/Bing/DuckDuckGo fallbacks produced no corroboration either. The verifier notes a narrower case still stands on primary sources - bip.powiat-otwocki.pl/plik,20890,lp2-interpelacja.pdf independently confirms her as 'Radna Rady Powiatu Otwockiego / Klub Radnych Platformy Obywatelskiej RP' (Radiówek, 31.03.2020), matching the 2010 PKW candidate record's 'Radiówek' town, and the current Mazowieckie Centrum Neuropsychiatrii seat is confirmed live and genuinely public (rada_nadzorcza) - but the specific chairwoman/party-leadership claim as researched is unsupported and must not be printed as given."
26,Barbara Szeflińska,ODRZUCONE,"Claimed as a former radna and member of the zarząd powiatu konińskiego during the 2002-2006 term (per oświadczenia majątkowe, BIP Powiat Koniński); repeat SLD/koalicja SLD-UP candidate 1993-2014, PKW-deklaracja 'członek SLD' on the 2001 Sejm list; since 2014 prezes zarządu of Wielkopolskie Centrum Ratownictwa Medyczne. | ZRODLO: bip.powiat.konin.pl/koninp/archiwum/barbara-szeflinska.html (oświadczenia majątkowe 2002-2006); lajt.lm.pl 'Znamy skład Rady Powiatu'; powiat.konin.pl biuletyn PDF; koryta kandydatury field; live KRS pull https://api-krs.ms.gov.pl/api/krs/OdpisAktualny/0000496614?rejestr=P&format=json (2026-09-05).","2 genuine public Zarząd posts: Agencja Rozwoju Regionalnego S.A. w Koninie (KRS 0000053695) 2003-09-19–2004-12-21, ended, coinciding with her council term; Wielkopolskie Centrum Ratownictwa Medyczne (KRS 0000496614) 2014-02-03–nadal, current, confirmed live today as sole Prezes Zarządu.","verdict=ODRZUCONE || TEZA: A former SLD-affiliated Konin county councillor and county-executive-board member, appointed to a regional development agency board during her term, is now a long-serving public-hospital-company president. || UWAGA: VERIFIER REFUTED - the 'członkiem zarządu powiatu konińskiego' claim is contradicted by primary sources: all five of her own signed oświadczenia majątkowe on file (za 2002/03/04/05, koniec kadencji 2006, ze 2006 r.) are filed on the plain-radny template ('OŚWIADCZENIE MAJĄTKOWE radnego powiatu'), never on the separate zarząd-member template, and two of them explicitly list her income as 'dieta Radnego Powiatu Konińskiego' - never any zarząd-powiatu remuneration. The verifier confirms the rest of the case independently (her own 2004 declaration lists income from Agencja Rozwoju Regionalnego S.A. w Koninie, closing the identity gap for that KRS post; lajt.lm.pl confirms her 2006 re-election to the council; live KRS today confirms current Prezes Zarządu at Wielkopolskie Centrum Ratownictwa Medyczne, masked name matching Szeflińska/Barbara letter-for-letter) - but the specific zarząd-powiatu claim must be dropped, she was only ever an ordinary radna."
27,Mirosław Ślifirczyk,publish,"Long-serving PSL activist: wójt gminy Zakrzew 1990-1998, radny powiatu radomskiego since 1999 (re-elected, WYBRANY 2024 on the KKW Trzecia Droga PSL-PL2050 list), twice starosta radomski (2010, 2018); PKW-deklaracja 'członek partii politycznej: Polskie Stronnictwo Ludowe' on the 2023 Sejm list. | ZRODLO: portalsamorzadowy.pl/osoba/miroslaw-slifirczyk,40518.html (biography: wójt Zakrzewa 1990-98, radny powiatu radomskiego from 1999, starosta 2010 and 2018, elected to Rada Powiatu Radomskiego 2024-2029 with 1317 votes); radom24.pl 'Bez zmian w powiecie radomskim. Starostą ponownie Mirosław Ślifirczyk' (cited, but could not be re-located by the verifier - not load-bearing); koryta kandydatury field; live KRS pull https://api-krs.ms.gov.pl/api/krs/OdpisAktualny/0000490819?rejestr=P&format=json (2026-09-05).","1 post: Rada Nadzorcza @ Mazowiecki Szpital Specjalistyczny sp. z o.o. w Radomiu (KRS 0000490819, genuinely public - the entity was converted from an SPZOZ into a sp. z o.o. in 2013, so this is a real rada_nadzorcza, not a rada społeczna), 2013-12-17–nadal, current, confirmed live today. The hospital is owned 100% by Samorząd Województwa Mazowieckiego (regional), not his own Powiat Radomski.","verdict=publish || TEZA: Twice starosta radomski and career PSL local-government figure has sat on the real supervisory board of a Mazowieckie-owned hospital continuously since 2013, spanning three of his own terms in office. || UWAGA: A verifier checked the case independently today, confirmed the biography via portalsamorzadowy.pl, confirmed the seat is live and the entity's 100% regional ownership via a fresh KRS pull, and found no grounds to kill it - only the radom24.pl citation could not be re-located, which is not load-bearing. Frame the board seat as regional PSL-network patronage, not self-dealing, since the appointing owner is the voivodeship, not his own powiat."
28,Ewa Malik,skip,"Trzykrotna posel na Sejm RP z ramienia PiS, wybrana w 2011, 2019 i 2023 roku (WYBRANY x3 w kandydaturach), i wieloletnia deklarowana czlonkini partii. Jedyny odnaleziony wpis KRS to fotel w Wojewodzkim Szpitalu Specjalistycznym nr 5 im. Sw. Barbary w Sosnowcu (KRS 0000003544), trzymany 2020-02-25-2023-12-21 i ponownie od 2024-05-21 do dzis - a to rada spoleczna, nie rada nadzorcza: zywy odpis (rejestr S, bo rejestr P zwraca 404), pobrany 2026-09-05, wprost nazywa organ 'RADA SPOLECZNA', wiec pulapka nr 1 ma tu pelne zastosowanie. | ZRODLO: https://www.sejm.gov.pl/sejm9.nsf/posel.xsp?id=230 (profil sejmowy); pole kandydatury w datasecie PKW (WYBRANY 2011, 2019, 2023); zywy odpis KRS aktualny, rejestr S, KRS 0000003544, pobrany 2026-09-05.","1 posada w rekordzie, oba okresy tej samej rady spolecznej (KRS 0000003544), potwierdzonej na zywo jako 'RADA SPOLECZNA' (wykluczona, pulapka 1). Po wykluczeniu zostaje 0 prawdziwych stanowisk w korycie.","verdict=skip || TEZA: Trzykadencyjna poslanka PiS ma w calym rekordzie tylko jedno stanowisko - nieplatna rada spoleczna szpitala, ktora serwis wprost wyklucza z publikacji, wiec nie ma tu zadnego prawdziwego stanowiska w spolce publicznej do sparowania z jej silnym politycznym zyciorysem. || UWAGA: Strona polityczna jest bardzo dobrze udokumentowana, ale nazwiska w zywym odpisie KRS sa zanonimizowane (PESEL/imie ukryte), wiec nie dalo sie potwierdzic jej osobiscie na liscie rady spolecznej po nazwisku - tozsamosc opiera sie na zgodnosci miasta (Sosnowiec) i rekordu, nie na dopasowaniu nazwiska w rejestrze na zywo. Jesli gdzie indziej wyplynie prawdziwe stanowisko w spolce, polaczenie polityczne samo w sobie nie budzi watpliwosci."
29,Maciej Patryk Kupaj,ODRZUCONE,"Prezydent Miasta Legnicy, wybrany w 2024 r. z listy KKW Koalicja Obywatelska (PO), WYBRANY, wygral II ture z 65,94% glosow z Joanna Sliwinska-Lokaj (PiS); wczesniej radny miejski PO/KO w Legnicy w kadencjach 2014-2018 i 2018-2024. Rownolegle od 2012-07-25 zasiada w Radzie Nadzorczej Strefa 3D sp. z o.o. (KRS 0000427825) - spolki oznaczonej w datasecie jako publiczna (is_public_raw=true) dzieki udzialowcowi Agencja Rozwoju Regionalnego 'ARLEG' S.A. Zywy odpis KRS pobrany 2026-09-05 potwierdza, ze mandat wciaz trwa (dopasowanie dlugosci zanonimizowanego nazwiska/imion). | ZRODLO: https://pl.wikipedia.org/wiki/Maciej_Kupaj; https://www.portalsamorzadowy.pl/osoba/maciej-kupaj,8538.html; https://portal.legnica.eu/aktualnosci/maciej-kupaj-prezydentem-legnicy-kandydat-po-wygral-ii-ture-wyborow,19614,1,6.html; PKW https://samorzad2024.pkw.gov.pl/samorzad2024/pl/wbp/kandydat/3516303; zywy odpis KRS aktualny, rejestr P, KRS 0000427825, pobrany 2026-09-05.","5 posad w rekordzie. 1 pozornie aktualna: Strefa 3D, Rada Nadzorcza (2012-nadal). Pozostale: wykluczona rada spoleczna szpitala w Legnicy (pulapka 1, zakonczona 2020), prywatna RN w TVD (zakonczona 2015), prywatny Zarzad w stowarzyszeniu Funtri (zakonczony 2016), i biezace miejsce w Radzie Zwiazku Pracodawcow Polska Miedz (prywatne stowarzyszenie pracodawcow, od wrzesnia 2025) - to ostatnie nie jest prawdziwym stanowiskiem publicznym.","verdict=ODRZUCONE || TEZA: Legnicki prezydent PO (wybrany 2024) mial wciaz figurowac na zywo w KRS jako czlonek rady nadzorczej Strefa 3D - spolki rekreacyjnej powiazanej z miastem, do ktorej wszedl jeszcze jako radny w 2012 roku. || UWAGA: VERIFIER REFUTED - obciazajaca przeslanka 'Strefa 3D jest spolka publiczna' nie przechodzi niezaleznej weryfikacji: zywy odpis KRS 0000427825 pokazuje, ze wiekszosciowym (51%) udzialowcem jest Kregielnia Piastowska sp. z o.o., ktorej z kolei 98,3% udzialow (295 000 z 300 000 zl) nalezy do jednej prywatnej osoby fizycznej; mniejszosciowy (49%) udzialowiec to ARLEG S.A., ktorej wlasny rejestr akcjonariuszy nie jest ujawniony w odpisie, wiec jej 'publicznosc' pozostaje niezweryfikowana. is_public_raw=true w krs_lookup.json wyglada na falszywy pozytyw pipeline'u, ktory prawdopodobnie oznacza spolke jako 'publiczna', gdy ktorykolwiek ze wspolwlascicieli jest powiazany z sektorem publicznym, bez wazenia udzialu kontrolnego. Po wykluczeniu Strefy 3D nie zostaje zaden kwalifikujacy sie, aktualny post w rzeczywiscie publicznej spolce (szpital wykluczony pulapka 1, TVD i Funtri dawno zakonczone, Zwiazek Pracodawcow Polska Miedz sam w sobie nie jest publiczny). Sama wygrana w wyborach 2024 i tozsamosc sa potwierdzone niezaleznie (Wikipedia, portalsamorzadowy.pl, zywy KRS), ale polaczenie z posada w spolce publicznej sie nie utrzymuje."
30,Urszula Teresa Nowogórska,maybe,"Poslanka na Sejm RP (PSL/Trzecia Droga), wybrana w 2019 i 2023 (WYBRANY x2); wczesniej dwukrotna przewodniczaca Sejmiku Wojewodztwa Malopolskiego (2010, 2014-2018); wieloletnia deklarowana czlonkini PSL na licznych kandydaturach. Z 3 posad w rekordzie dwie to fotele w radach spolecznych szpitali, opisywane nawet w jej wlasnej biografii prasowej jako 'czlonek rady spolecznej': Szpital Specjalistyczny im. Sniadeckiego w Nowym Saczu (KRS 0000029409, 2024-12-23-nadal) i 5 Wojskowy Szpital Kliniczny w Krakowie (KRS 0000032272, 2018-2021) - obie wykluczone pulapka 1 (zywy odpis nowosadeckiego szpitala, rejestr S, pobrany 2026-09-05, wprost nazywa organ 'RADA SPOLECZNA', a dopasowanie dlugosci zanonimizowanego nazwiska sie zgadza). Jedyne prawdziwe, niesupervisyjne stanowisko to Zarzad Malopolskiej Organizacji Turystycznej (KRS 0000053654, stowarzyszenie, is_public_raw=true), ale tylko przez 4 miesiace w 2019 r. (2019-03-01-2019-07-05), szesc lat temu, i bez zadnego niezaleznego potwierdzenia prasowego - wlasne opublikowane sklady zarzadu MOT za 2019 wymieniaja Grzegorza Biedronia jako prezesa i inny sklad, nie Nowogorska, choc zmiany skladu w trakcie roku sa mozliwe. | ZRODLO: https://pl.wikipedia.org/wiki/Urszula_Nowogorska; https://www.wnp.pl/polityka-i-sondaze/osoba/urszula-nowogorska,194405.html; zywy odpis KRS aktualny, rejestr S, KRS 0000029409, pobrany 2026-09-05.","3 posady. 2 to fotele w radach spolecznych szpitali (1 aktualny od grudnia 2024, potwierdzony na zywo; 1 zakonczony w 2021) - obie wykluczone pulapka 1. 1 prawdziwe stanowisko w Zarzadzie publicznego stowarzyszenia (MOT), tylko 4 miesiace w 2019 r., dawno zakonczone i niepotwierdzone prasowo.","verdict=maybe || TEZA: Dwukadencyjna poslanka PSL i byla przewodniczaca malopolskiego sejmiku ma w rekordzie tylko wykluczone fotele w radach spolecznych szpitali, a jedyne prawdziwe stanowisko - czteromiesieczny epizod w zarzadzie organizacji turystycznej w 2019 r. - nie ma zadnego niezaleznego potwierdzenia prasowego. || UWAGA: Tozsamosc silna (dopasowanie dlugosci nazwiska w zywym KRS plus wlasna biografia prasowa potwierdzajaca czlonkostwo w radzie spolecznej tego samego szpitala), ale nalezy sprawdzic archiwalne sklady zarzadu/BIP MOT z marca-lipca 2019, zanim zdecyduje sie, czy ten epizod wystarcza do publikacji - bez potwierdzenia powinno przejsc do skip."
31,Zbigniew Jan Ziemba,publish,"Wicemarszalek Wojewodztwa Lodzkiego (PiS) od 22.11.2018 do 2024 r. (czesc zarzadu wojewodztwa uformowanego po wyborach regionalnych 2018, gdzie zdobyl mandat sejmikowy z 30 021 glosami), obecnie Przewodniczacy Zarzadu PiS okregu piotrkowskiego wedlug wlasnej strony partii. Aktywny w PiS od 2004 r., wczesniej wicestarosta piotrkowski (2006-2011) i radny powiatowy (WYBRANY 2010). Rownolegle z kadencja wicemarszalka zasiadal w Radzie Nadzorczej Zakladu Wodociagow i Kanalizacji 'WOD.-KAN.' w Belchatowie (KRS 0000109360, spolka Gminy Belchatow, potwierdzona publiczna) od 2020-02-27 do 2024-07-03 - mandat wygasl okolo dwoch miesiecy po objeciu urzedu przez nowego, nie-PiS-owskiego prezydenta Belchatowa. Krotko zasiadal tez w radzie spolecznej belchatowskiego szpitala wojewodzkiego (KRS 0000006103, 2024-03-06-2024-10-24) - to wykluczone pulapka 1, ale koniec mandatu wpisuje sie w ten sam powyborczy kalendarz. | ZRODLO: https://pl.wikipedia.org/wiki/Zbigniew_Ziemba; https://pis.org.pl/osoba/zbigniew_ziemba/; zywy odpis KRS OdpisPelny, KRS 0000109360, pobrany 2026-09-05.","2 posady, obie juz zakonczone. WOD-KAN Belchatow, Rada Nadzorcza (prawdziwa, publiczna, 2020-02-27-2024-07-03). Szpital Wojewodzki w Belchatowie, rada spoleczna (wykluczona pulapka 1, 2024-03-06-2024-10-24). Zadne stanowisko nie jest juz aktywne.","verdict=publish || TEZA: Wicemarszalek wojewodztwa lodzkiego z PiS (2018-2024) zasiadal w radzie nadzorczej belchatowskiej spolki wodociagowej przez cala swoja kadencje, tracac fotel dwa miesiace po utracie wladzy przez PiS w regionie. || UWAGA: Niezalezny weryfikator potwierdzil polaczenie, tozsamosc (dopasowanie w zywym OdpisPelny KRS 0000109360: dlugosc i pierwsze litery nazwiska/imion, PESEL zgodny z rokiem urodzenia, daty wpisu i wykreslenia co do dnia) i publiczny charakter spolki (Miasto Belchatow jako wspolnik), nie znajdujac podstaw do odrzucenia - ale skorygowal przyczynowosc w tezie: WOD-KAN to spolka Miasta Belchatow, nie wojewodztwa, wiec bardziej prawdopodobnym mechanizmem jest przegrana belchatowskiego prezydenta powiazanego z PiS (Mariola Czechowska) w wyborach lokalnych 2024 i zaprzysiezenie nowego prezydenta Patryka Marjana 7 maja 2024 - niemal dokladnie dwa miesiace przed wykresleniem mandatu 3 lipca 2024 - a nie zmiana marszalka wojewodztwa (Joanna Skrzydlewska objela urzad dopiero 11 czerwca 2024, tylko 3 tygodnie przed wykresleniem, co pasuje gorzej czasowo). Naglowek/teze nalezy przeformulowac, wskazujac lokalna (miejska) zmiane wladzy jako glowny mechanizm, z regionalna zmiana PiS-KO jako kontekstem rownoleglym, nie przyczyna."
32,Szymon Edward Zyberyng,publish,"Radny powiatu radomszczanskiego (PiS), z potwierdzonym mandatem radnego powiatowego w kadencji 2018-2023 (dieta radnego powiatowego widoczna w dochodach za 2022 r.) oraz wygrana WYBRANY w kandydaturach samorzadowych 2024. Opisany przez prase (Radomszczanska.pl, 28.09.2023, przedruk z 'Pisowskiej listy plac' Gazety Wyborczej) wprost jako 'zaufany wspolpracownik poslanki Anny Milczanowskiej' (PiS, poslanka na Sejm z okregu piotrkowskiego), z zestawieniem dochodow za 2022 r. obejmujacym wynagrodzenie z rady nadzorczej (37 467 zl) i diete radnego powiatowego (29 375 zl). Od 2007 do 2025 r. przeszedl przez 6 odrebnych fotelii w radach nadzorczych spolek komunalnych (Wodociagi Miejskie w Radomiu 2007-2012; Przedsiebiorstwo Gospodarki Komunalnej 2007; Zaklad Gospodarki Cieplowniczej w Tomaszowie Maz. 2015-2020 jako przewodniczacy z nominacji PiS, potem ponownie od 2025-05-29 do dzis; Zaklad Gospodarki Wodno-Kanalizacyjnej w Tomaszowie Maz. 2020-2025; Inwestycje Medyczne Lodzkiego 2019-2022; Tomaszowskie Centrum Zdrowia 2020) - zadna z tych spolek nie jest rada spoleczna (to spolki komunalne, nie SPZOZ), wiec pulapka 1 nie ma zastosowania; wszystkie sa prawdziwie publiczne. Pierwsze powolanie do ZGC w lutym 2015 opisal Nasz Tomaszow pod naglowkiem 'Kolejna tomaszowska spolka upartyjniona', a jego zona Lucyna Zyberyng zostala w lutym 2016 prezesem TTBS, co ten sam portal opisal wprost jako zone 'dzialacza PiS z Radomska' - udokumentowana wiez rodzinna wzmacniajaca te sama siec polityczna. Obecny fotel w ZGC (od 2025-05-29) potwierdzony na zywo w KRS pobranym 2026-09-05, gdzie zanonimizowane nazwisko pasuje dlugoscia dokladnie do 'Zyberyng'/'Szymon'/'Edward'. | ZRODLO: https://radomszczanska.pl/artykul/powiatowi-radni-szymon/1182878; https://www.nasztomaszow.pl/wiadomosci/12348,kolejna-tomaszowska-spolka-upartyjniona; https://www.nasztomaszow.pl/wiadomosci/9141,ttbs-ma-nowa-prezes-zone-dzialacza-pis-z-radomska; http://wybory.pis.org.pl/kandydaci/lodzkie/i,123727; zywy odpis KRS aktualny, rejestr P, KRS 0000137016, pobrany 2026-09-05.","7 posad w 6 spolkach, zadna rada spoleczna (to spolki komunalne, nie SPZOZ - pulapka 1 nie dotyczy). 1 aktualna: ZGC Tomaszow Mazowiecki, Rada Nadzorcza od 2025-05-29, potwierdzona na zywo. Pozostale 5 zakonczone w latach 2007-2025.","verdict=publish || TEZA: Radomszczanski radny powiatowy PiS i nazwany z imienia i nazwiska 'zaufany wspolpracownik' poslanki Anny Milczanowskiej przewinal sie przez szesc stanowisk w radach nadzorczych spolek komunalnych od 2007 r., wracajac do zarzadu tomaszowskiej cieplowni w maju 2025 po tym, jak prasa w 2019 r. okreslila jego pierwsze powolanie tam mianem 'upartyjnienia'. || UWAGA: Niezalezny weryfikator potwierdzil polaczenie, tozsamosc (dwa niezalezne artykuly Nasz Tomaszow plus zywy KRS z dopasowaniem dlugosci nazwiska) i brak zastosowania pulapki 1, nie znajdujac podstaw do odrzucenia - ale ustalil, ze twierdzenie 'czlonek zarzadu PiS okregu nr 10' nie ma pokrycia w zadnym z podanych zrodel (jedyne zrodlo, ktore moglo je potwierdzic, wybory.pis.org.pl, pokazuje zamiast tego 'Okreg nr: 5' i nie wspomina o zadnym stanowisku w zarzadzie okregu), wiec ta klauzula zostala usunieta z opisu. Osobno: kandydat do sejmiku lodzkiego z 2024 r. 'ZYBERYNG Konrad Szymon' ma inne drugie imie niz rekord tej osoby ('Szymon Edward') - prawdopodobnie krewny (mozliwe, ze syn), nie ta sama osoba; nie mieszac obu kandydatur na stronie."
33,Mirosław Duży,publish,"Starosta mikołowski (kadencja 2024-2029), wybrany w 2024 w wyborach samorządowych z listy KKW Koalicja Obywatelska (partia PO); PKW-deklaracje z 2019 i 2023 (kandydatury na posła) potwierdzają członkostwo w Platformie Obywatelskiej RP; wcześniej burmistrz Łazisk Górnych 2006-2010 i wielokrotny radny powiatu mikołowskiego (WYBRANY 2010, WYBRANY 2002). | ZRODLO: https://powiatmikolowski.esesja.pl/radny/132378/miroslawaduzy.htm; https://www.portalsamorzadowy.pl/osoba/miroslaw-duzy,14305.html; kandydatury rows ('2024 Samorząd KKW Koalicja Obywatelska partia: PO WYBRANY', '2019 Sejm PKW-deklaracja: członek partii politycznej Platforma Obywatelska RP'); https://www.rp.pl/polityka/art44896911 (AI-summarized fetch only, figures unverified, direct re-check returned 404); live KRS API odpisy dla KRS 0000042922 i 0000219629, pulled 2026-09-05.","6 posady rows total. 2 genuinely current, confirmed live against the KRS API on 2026-09-05: Rada Nadzorcza @ Fundusz Górnośląski (since 2024-07-24, three months after his 2024 reelection) and Rada Nadzorcza @ Rejonowe Przedsiębiorstwo Wodociągów i Kanalizacji w Tychach (reappointed 2025-08-29, after an earlier 2019-2024 stint). 1 further 'nadal' row excluded as rada spoleczna (Ośrodek Terapii Nerwic dla Dzieci i Młodzieży, an SPZOZ). 3 remaining posts already ended (Przedsiębiorstwo Energetyki Cieplnej RN 2002-2011; PGKiM Łaziska Zarząd 2011-2019; Śląskie Centrum Reumatologii RN 2014-2019).","verdict=publish || TEZA: Starosta mikołowski Mirosław Duży (PO), reelected in 2024, sits concurrently on two public-company supervisory boards - Fundusz Górnośląski (from three months after his reelection) and the Tychy waterworks - on top of a long local-government career, with a regional press piece naming him among Śląskie politicians whose board seats (and his wife's) drew scrutiny. || UWAGA: Identity is strong - masked KRS entries match surname/imię/imię-drugie letter counts and PESEL decade across two independent, live filings, and a press bio independently corroborates his career and one of the same KRS numbers. The rp.pl financial figure (~131,000 zł/rok) and wife Joanna Duży's board-seat detail rest only on an AI-summarized fetch and could not be confirmed directly (the article now 404s) - omit or flag as unverified rather than publish verbatim. A verifier checked the connection, identity, currency and public-ownership claims independently against live sources and found no grounds to kill the page, correcting only that one unverifiable financial detail."
34,Marek Wojciech Michalik,publish,"Radny Łodzi (kadencja 2024-2029), wybrany w 2024 z listy KW Prawo i Sprawiedliwość (partia PiS); PKW-deklaracja 2023 potwierdza członkostwo w PiS; członkiem PiS od 2009, przewodniczący klubu radnych PiS w Radzie Miejskiej Łodzi 2010-2016; wcześniej wiceprezydent Łodzi 2003-2008 (nominacja polityczna) i podsekretarz stanu w Ministerstwie Środowiska 1998-2001. | ZRODLO: https://pl.wikipedia.org/wiki/Marek_Michalik; kandydatury rows ('2024 Samorząd KW Prawo i Sprawiedliwość partia: PiS WYBRANY', '2023 Sejm PKW-deklaracja: członek partii politycznej Prawo i Sprawiedliwość'); https://www.nik.gov.pl/kontrole/wyniki-kontroli-nik/pobierz,kgp~p_22_011_202204121155571649757357~id1~01,typ,kj.pdf (NIK, text not machine-extractable); https://wiadomosci-lodz.pl/lodzka-specjalna-strefa-ekonomiczna-bedzie-miala-nowy-zarzad-poprzedni-zostal-odwolany,31398/.","4 posady rows, all ended as of the September 2026 export (latest end date 2024-12-12) - zero currently active public-company posts. Zarząd (Prezes) @ Łódzka Specjalna Strefa Ekonomiczna S.A., 2016-05-31 to 2024-07-03: ran the state-owned economic zone for the entire span of the 2015-2023 PiS national government, recalled by a new supervisory board in April 2024, months after the Tusk-coalition took power. Rada Nadzorcza @ Strefa Edukacji, 2023-12-04 to 2024-08-30, ended in the same transition window. Rada Nadzorcza @ Wojewódzki Zespół Zakładów Opieki Zdrowotnej - Centrum Leczenia Chorób Płuc i Rehabilitacji w Łodzi excluded as rada spoleczna (an SPZOZ) despite the posady label. Zarząd @ Zakład Wodociągów i Kanalizacji, a brief 2003 stint.","verdict=publish || TEZA: Marek Wojciech Michalik, longtime PiS city-council-caucus chairman in Łódź and a currently sitting councilor re-elected in 2024, ran the state-owned Łódzka Specjalna Strefa Ekonomiczna as Prezes Zarządu for the entire 2015-2023 PiS government and lost the post within four months of the Tusk coalition taking power - though he currently holds zero active public-company posts. || UWAGA: All four company posts carry real end dates; this is a removed-appointee profile, not a live seat, and the operator should confirm the batch's bar accommodates that before publishing. A verifier independently confirmed the ŁSSE tenure and April-2024 recall via a dated press article and the live KRS odpis (Michalik no longer on the current Zarząd), re-checked all four KRS numbers for rada-spoleczna status (only the hospital seat qualifies, correctly excluded), and found no grounds to refute the page - the one gap is that the NIK PDF's text could not be machine-verified, immaterial since two other sources corroborate the same fact."
35,Jarosław Andrzej Marszałek,publish,"I zastępca prezydenta Częstochowy do 11.01.2026, urząd sprawowany przez całą kadencję prezydenta Krzysztofa Matyjaszczyka (Nowa Lewica/SLD) od grudnia 2010; WYBRANY 2010 Samorząd z Komitetu Wyborczego SLD; PKW-deklaracja 2014 (kandydat do PE): członek Sojuszu Lewicy Demokratycznej; dziesięć dni po odwołaniu z ratusza objął stanowisko członka zarządu spółki komunalnej. | ZRODLO: https://wczestochowie.pl/czestochowa-ma-nowego-zastepce-prezydenta-to-doswiadczony-samorzadowiec/; https://bip.czestochowa.pl/oswiadczenie-majatkowe/1148055/marszalek-jaroslaw; kandydatury rows ('2010 Samorząd KW SLD WYBRANY', '2014 Parlament Europejski PKW-deklaracja: członek partii SLD'); wczestochowie.pl archiwum 2011-2013 ('zastępca prezydenta'); https://wczestochowie.pl/cba-zatrzymalo-prezydenta-czestochowy/ (CBA zatrzymało Matyjaszczyka 25.02.2026); live KRS API odpisy dla KRS 0000057953, 0000163419, 0000043723, pulled 2026-09-05.","6 posady rows; 3 genuinely current, confirmed live: Zarząd (Członek Zarządu i Dyrektor Techniczny) @ PWiK Częstochowa, since 2026-01-21 - exactly 10 days after his dismissal as deputy mayor; Rada Nadzorcza @ Oczyszczalnia Ścieków 'Warta', since 2011-04-06; Rada Nadzorcza @ Zabrzańskie Przedsiębiorstwo Wodociągów i Kanalizacji, since 2021-12-14. No rada-spoleczna seats among his six KRS numbers. 3 further posts already ended: Rada Nadzorcza @ Regionalny Fundusz Gospodarczy (2005-2006), Rada Nadzorcza @ Szpital Miejski w Siemianowicach Śląskich sp. z o.o. (2020-2022, a real board, not an SPZOZ), Zarząd @ Związek Gmin i Powiatów Subregionu Północnego (2024 to 2026-06, ended about three months before his departure from the ratusz).","verdict=publish || TEZA: Jarosław Marszałek, deputy mayor of Częstochowa for the entirety of Lewica mayor Matyjaszczyk's 2010-2026 tenure, left the post on 11.01.2026 amid a CBA corruption probe into the city hall and ten days later joined the paid management board of the city's water utility, while continuing to sit on two other public-company supervisory boards. || UWAGA: Do not state or imply Marszałek himself faces charges - the confirmed CBA case (Matyjaszczyk detained 25.02.2026) covers 17 people including 'other city officials,' but the opened source does not name him. Two detailed scandal articles returned 403 and part of the narrative rests on WebSearch snippets; re-fetch before publishing exact quotes. A verifier independently pulled the live KRS odpisy (matching three-part masked name and PESEL decade across all three current boards) and press sources, found the connection solidly sourced, and made only a minor wording correction - soften 'nominowany w grudniu 2010 przez Matyjaszczyka' to 'served for the entirety of his mayoralty,' since no opened source states the specific appointment act - not a refutation."
36,Jan Dziubiński,skip,"Prezydent Miasta Tarnobrzega 1998-2010 (członek PiS od 2006, przewodniczący klubu PiS w Radzie Miasta do 2012); WYBRANY 2010 Samorząd z KW Prawo i Sprawiedliwość; WYBRANY 2002 Samorząd z KWW Tarnobrzeskie Porozumienie Prawicy; PKW-deklaracja 2010: członek Prawa i Sprawiedliwości; później koordynator struktur Solidarnej Polski w Tarnobrzegu (ok. 2012); nadal radny Tarnobrzega w 2024. | ZRODLO: https://pl.wikipedia.org/wiki/Jan_Dziubi%C5%84ski; https://leliwa.pl/tarnobrzeg-byly-prezydent-miasta-jan-dziubinski-w-sejmiku-wojewodztwa-podkarpackiego/; https://echodnia.eu/podkarpackie/solidarna-polska-otworzyla-biuro-w-tarnobrzegu/ar/8519368; kandydatury rows ('2010 Samorząd KW Prawo i Sprawiedliwość WYBRANY', '2002 Samorząd KWW Tarnobrzeskie Porozumienie Prawicy WYBRANY'); krs_lookup.json dla KRS 0000003145 (supervisory_organ: rada_spoleczna).","3 posady rows. One marked 'nadal' since 2020-01-23 - Rada Nadzorcza @ Wojewódzki Szpital im. Zofii z Zamoyskich Tarnowskiej w Tarnobrzegu - excluded as rada spoleczna (unpaid SPZOZ civic council, not a trough seat), the only reason he cleared the queue at all. The other two are Zarząd seats in local-government associations (Podkarpackie Stowarzyszenie Samorządów Terytorialnych, 2003-2011; Związek Miast Polskich, 2007-2011) that ran concurrently with, and read as an ordinary appendage of, his own mayoralty - both ended fifteen years ago.","verdict=skip || TEZA: A long-serving PiS mayor of Tarnobrzeg with a well-documented political career has no genuinely current public-company post - the only 'nadal' entry is an unpaid hospital rada spoleczna, and his two real board seats ended in 2011, tied to his own term in office. || UWAGA: Identity is adequate - a single, consistently identified local figure across Wikipedia, regional press and city BIP, no competing namesake found. Did not independently re-verify via the live KRS API whether the hospital seat is still listed today; low priority since it is excluded either way. No verifier was run on this skip."
37,Aleksandra Krzeszewska,skip,"Radna Rady Miejskiej Legnicy od 2018 (najmłodsza radna w historii Legnicy) do dziś, reelekcja WYBRANY 2024 Samorząd z KKW Koalicja Obywatelska (partia PO); PKW-deklaracja 2023 (kandydatka na posła): członek Platformy Obywatelskiej RP. | ZRODLO: https://www.portalsamorzadowy.pl/osoba/aleksandra-krzeszewska,8380.html; https://samorzad2024.pkw.gov.pl/samorzad2024/pl/rada_gminy/kandydat/3248578; kandydatury rows ('2024 Samorząd KKW Koalicja Obywatelska partia: PO WYBRANY', '2023 Sejm PKW-deklaracja: członek partii politycznej Platforma Obywatelska RP'); krs_lookup.json dla KRS 0000163872 (supervisory_organ: rada_spoleczna).","1 posady row total, marked current since 2025-01-21 but excluded entirely - Rada Nadzorcza @ Wojewódzki Szpital Specjalistyczny w Legnicy is a rada spoleczna, not a real board seat, despite the posady label. Zero genuine trough posts, current or past - this single excluded row is the only reason she appears in the queue.","verdict=skip || TEZA: A genuine, currently elected PO city councilor in Legnica has no public-company post whatsoever - her sole posady entry is an unpaid hospital rada spoleczna, excluded by the same rule as person 36. || UWAGA: Political identity is adequate and consistently sourced across portalsamorzadowy.pl and the PKW candidate database. Did not check the live KRS API for the hospital seat since the verdict does not depend on its currency. No verifier was run on this skip."
38,Tomasz Krzysztof Jachymek,publish,"PKW-deklaracja 2024 wymienia go jako czlonka partii politycznej Prawo i Sprawiedliwosc; posiada oficjalny profil kandydata PiS. Byl burmistrzem Zelowa (PiS) od 2018, WYBRANY w wyborach 2018, po czym przegral reelekcje w 2024 roku o zaledwie 20 glosow. W ciagu kilku tygodni zostal mianowany zastepca wojta gminy Belchatow przez wojta Konrada Koca - byleg szefa powiatowych struktur PiS - i w tym samym okresie objal funkcje przewodniczacego Rady Nadzorczej Wod-Kan Belchatow. | ZRODLO: pis.org.pl/osoba/tomasz_jachymek (profil kandydata PiS, obecnie martwy link); ddzelow.pl, ""Byly burmistrz w radzie nadzorczej miejskiej spolki. Wczesniej zostal zastepca wojta"" (2024); belchatow.naszemiasto.pl, relacja z mianowania na zastepce wojta; belchatow.naszemiasto.pl, tagi dot. Konrada Koca jako szefa struktur powiatowych PiS w Belchatowie; PKW-deklaracja 2024, pole kandydatury.","Dwie realne, publiczne posady koryta w momencie objecia: przewodniczacy Rady Nadzorczej Zakladu Wodociagow i Kanalizacji Wod-Kan Belchatow (2024-07-03 do 2026-07-28) oraz czlonek Rady Nadzorczej Przedsiebiorstwa Komunikacji Transportu i Uslug Komunalnych Gminy Belchatow (2021-10-27 do 2025-01-28). Obie juz wygasly - dzis (2026-09-05) nie zasiada w zadnej radzie nadzorczej. Trzecia wykazana posada, Rada Nadzorcza Szpitala Wojewodzkiego im. Jana Pawla II w Belchatowie, zostala wykluczona jako rada spoleczna, a nie realna posada koryta.","verdict=publish || TEZA: Lost re-election as PiS mayor of Zelow in April 2024 - within weeks a fellow PiS official made him deputy wojt and chair of the water utility's supervisory board. || UWAGA: Tozsamosc silna (charakterystyczne pelne imie i nazwisko zgodne z profilem kandydata PiS i biografia prasowa spojna geograficznie). Weryfikator sprawdzil sprawe niezaleznie i nie znalazl podstaw do odrzucenia, ale wskazal dwie poprawki: obie posady w radach nadzorczych nalezy opisac w czasie przeszlym, bo zywy odpis KRS potwierdza, ze dzis nie zasiada w zadnej z nich; a martwy link pis.org.pl (404) nalezy zastapic artykulem ddzelow.pl jako glownym zrodlem (niezaleznie potwierdza burmistrzowanie, przegrana o 20 glosow, nominacje na zastepce wojta i przewodniczenie Wod-Kan), przy czym samo czlonkostwo partyjne nalezy cytowac wprost z wiersza PKW-deklaracji w kandydaturach. Wykluczenie posady szpitalnej (rada spoleczna) pozostaje w mocy."
39,Anzelm Jaśkiewicz,ODRZUCONE,"Radny miasta Zgorzelec, wybrany w 2010 z listy Platformy Obywatelskiej (WYBRANY), oraz - wedlug pierwotnej tezy - przewodniczacy Komisji Rewizyjnej Rady Miasta Zgorzelec kadencji 2018-2023; wielokrotny kandydat (2014, 2018, 2024) z Komitetu Wyborczego Wyborcow Rafala Gronicza, wieloletniego burmistrza Zgorzelca. | ZRODLO: zgorzelec.naszemiasto.pl, plebiscyt ""Anzelm Jaskiewicz - Wybierz najlepszego i najgorszego radnego w Zgorzelcu""; istotne.pl, ""Ile oni zarabiaja? Radni i wladze miasta""; zgorzelec.naszemiasto.pl, ""Oswiadczenia majatkowe zgorzeleckich radnych za 2021""; zywy odpis KRS OdpisAktualny dla KRS 0000096393 (stan 26.06.2026, sprawdzone 2026-09-05), gdzie w Radzie Nadzorczej figuruje ""A***** J*********"", zgodne z inicjalami i dlugoscia nazwiska.","Jedna potwierdzona aktualna posada koryta: Rada Nadzorcza Centrum Sportowo Rekreacyjnego sp. z o.o. w Zgorzelcu (w 100% wlasnosci Gminy Miejskiej Zgorzelec), od 2024-07-04, nadal aktywna wedlug zywego odpisu KRS. Dwie starsze, zakonczone posady (Prokurent w Przedsiebiorstwie Zarzadu Nieruchomosciami 2003-2007; Rada Nadzorcza Przedsiebiorstwa Energetyki Cieplnej 2007-2008), obie faktycznie publiczne wedlug krs_lookup.","verdict=ODRZUCONE || TEZA: Zgorzelec city councillor and repeat candidate on mayor Rafal Gronicz's personal ticket now sits on the board of the city's own sports company. || UWAGA: VERIFIER REFUTED - (a) Cited connection: could not open the two naszemiasto.pl sources (zgorzelec.naszemiasto.pl returns HTTP 403 to every fetch attempt - real Cloudflare/bot-block, confirmed by repeated WebFetch and curl attempts with a browser UA, and the exact article URLs are not in the Wayback Machine's CDX index for that domain despite a broad search for ""jaskiewicz"", ""anzelm"", ""wybierz""+""radnego"", and ""oswiadczen""/""majatk"" patterns - only a 2022 POWIAT-council asset-declaration piece is archived, not the cited 2021 MIEJSCY-radni piece). However, the istotne.pl source WAS opened (via its Wayback Machine snapshot, since istotne.pl's own search/guessed URLs 404'd and WebSearch was unavailable - this session had already exhausted its 200-call WebSearch budget for the whole environment) and it independently confirms ""Radny Anzelm Jaśkiewicz"" as a sitting Zgorzelec councillor with wages from PZN (dated 2013-10-23, i.e. within the 2010-2014 term implied by the WYBRANY 2010 marker). (b) Identity: no primary document with a birth date was found, but the redacted live-KRS PESEL prefix (""5..."") is consistent with an active-since-1994 local politician, and the istotne.pl piece ties the name independently to the same company (PZN, KRS 0000141594) that appears in the koryta posady record - this is stronger than a bare name match. (c) Rada spoleczna: checked krs_lookup.json for all three KRS numbers (0000141594, 0000097505, 0000096393) - all three show supervisory_organ=""rada_nadzorcza"", none is rada_spoleczna. (d) Currency: fetched the live KRS OdpisAktualny for 0000096393 directly (api-krs.ms.gov.pl); naglowekA.stanZDnia = ""26.06.2026"" matching the claim; organNadzoru lists 3 current members including a masked ""A***** J*********""; dzial6 (liquidation) is empty, confirming the company and the seat are active, not struck off. (e) Public ownership: krs_lookup.json shows likely_public_via_hardcoded_bug=true for all three KRS; additionally the live KRS odpis's dzial1.wspolnicySpzoo field for 0000096393 independently shows ""GMINA MIEJSKA ZGORZELEC"" holding 9,089 of 9,089 udzialow (czyPosiadaCaloscUdzialow=true), i.e. 100% municipal ownership - confirmed from a primary source, not just the hardcoded list. (f) Dates/WYBRANY: kandydatury field shows ""2010 ... partia: PO WYBRANY"" and three later, un-marked candidacies (2014, 2018, 2024) on Komitet Wyborczy Wyborcow Rafala Gronicza; the WYBRANY marker on only the 2010 row is corroborated by the istotne.pl 2013 press piece describing him as a sitting radny drawing diety, but the absence of a WYBRANY marker on 2014/2018 is in tension with the separately-claimed ""przewodniczacy Komisji Rewizyjnej ... kadencji 2018-2023"" - a claim not supported by any of the three cited sources and that I could not corroborate through any additional source I could reach (BIP Zgorzelec's homepage loaded but had no navigable council/committee-membership links reachable without JS rendering; naszemiasto.pl is bot-blocked; WebSearch budget was exhausted for the session). Per the instruction ""if you cannot corroborate, write unverified,"" this specific sub-claim should not run as stated."
40,Paweł Ryszard Kamiński,publish,"Dzialacz SLD od co najmniej 2001 - kandydat do Sejmu z listy SLD-UP w okregu Legnica-Jelenia Gora tego roku (PKW-deklaracja: SLD); przewodniczacy Rady Miejsko-Gminnej SLD w Bogatyni wedlug prasy lokalnej z 2011 roku; ponowna kandydatura do Sejmu w 2011 z deklaracja PKW ""czlonek partii SLD"". | ZRODLO: bogatynia.info.pl, ""Byly Przewodniczacy Rady GiM asystentem poslanki"" (16.09.2011) - artykul o Adamie Kurcie zostajacym asystentem europoslanki Lidii Geringer de Oedenberg, w ktorym Kaminski jest cytowany wprost jako ""Przewodniczacy Rady Miejsko-Gminnej SLD w Bogatyni""; oficjalne wyniki wyborow do Sejmu 2001 PKW (KANDSEJM.XLS) z wpisem ""Kaminski Pawel Ryszard"", okreg 1 (Legnica-Jelenia Gora), lista 1 (SLD-UP); pole kandydatury z deklaracjami PKW z 2001 i 2011.","Tylko jedna posada w calym rekordzie: Rada Nadzorcza Bogatynskich Wodociagow i Oczyszczalni S.A. (2001-09-28 do 2005-02-14) - realna, publiczna posada koryta, ktora rozpoczela sie w tym samym roku, w ktorym po raz pierwszy startowal do Sejmu z listy SLD-UP. Zakonczyla sie ponad 20 lat temu; nic aktualnego ani nowszego nie znaleziono.","verdict=publish || TEZA: Bogatynia's SLD chairman sat on the water utility's supervisory board the same year he first ran for parliament on the party's ticket. || UWAGA: Weryfikator niezaleznie otworzyl zarowno arkusz wynikow Sejmu PKW z 2001 roku, jak i zarchiwizowany artykul bogatynia.info.pl z 2011 roku, i nie znalazl podstaw do odrzucenia - z zastrzezeniem, ze naglowek artykulu dotyczy w istocie innej osoby (Adama Kurta); Kaminski wystepuje w nim jedynie jako cytowane zrodlo ogloszenia, co nadal wspiera teze o funkcji partyjnej (kategoria A), ale nalezy cytowac cytowany fragment, a nie sam naglowek. Tozsamosc potwierdzona dzieki charakterystycznemu trzyczlonowemu nazwisku, zgodnosci okregu/miejscowosci/partii/okresu w dwoch niezaleznie otwartych zrodlach pierwotnych, choc konkretny szczegol zamieszkania w Kopaczowie nie zostal niezaleznie potwierdzony. Posada w radzie (zakonczona w 2005) i cytat partyjny (2011) to najnowsza potwierdzona aktywnosc - nic po 2011 roku nie znaleziono w przeszukaniu adresow URL archiwum gazety, choc ta metoda nie pozwala na pelnotekstowe wyszukiwanie, wiec warto przed publikacja wykonac jeszcze jedno przeszukanie."
41,Robert Marek Starzyński,publish,"Trzykadencyjny (12-letni) wojt gminy Sulikow, wybierany na wlasnych komitetach wyborcow (WYBRANY 2010, Inicjatywa Samorzadowo-Obywatelska; WYBRANY 2018, KWW Roberta Starzynskiego); przegral reelekcje w II turze wyborow 2024 z Janem Majowskim; piec miesiecy pozniej zostal mianowany prezesem zarzadu spolki-corki PGE Gornictwo. | ZRODLO: gazetawroclawska.pl, ""Sulikow: Jest nowy wojt - Robert Starzynski""; bip.sulikow.pl (strona wojta gminy Sulikow); portalsamorzadowy.pl, profil kandydata na wojta w Sulikowie 2024; eska.pl, wyniki II tury wyborow na wojta Sulikowa (kwiecien 2024); zywy odpis KRS OdpisAktualny dla KRS 0000094021 (stan 17.06.2026, sprawdzone 2026-09-05), gdzie jako obecny Prezes Zarzadu figuruje ""R***** M**** S*********"".","Jedna potwierdzona aktualna, kluczowa posada koryta: Prezes Zarzadu Eltur-Serwis sp. z o.o. (w 100% wlasnosci PGE Gornictwo i Energetyka Konwencjonalna S.A.), od 2024-09-19, powolany w drodze postepowania kwalifikacyjnego i potwierdzony jako nadal aktywny w zywym odpisie KRS. Dwie pozostale, drugorzedne posady juz wygasly: miejsce w zarzadzie stowarzyszenia Ruch Samorzadowy TAK! dla Polski - Dolny Slask (2021-2026, ruch polityczno-samorzadowy, nie spolka) oraz drobna posada w Radzie Nadzorczej niemal juz nieczynnej spolki Lubomierz PS Energetyka Odnawialna w likwidacji (2016-2018).","verdict=publish || TEZA: Three-term wojt of Sulikow lost re-election in April 2024 - five months later he was named president of a PGE energy subsidiary. || UWAGA: Nie nalezy on do zadnej partii (deklaracja PKW z 2024 roku to potwierdza) - historia opiera sie na kadencji z wyboru i uderzajacym czasie nominacji po przegranej, a nie na przynaleznosci partyjnej. Weryfikator niezaleznie pobral zywy odpis KRS (potwierdzajacy prezesure w Eltur-Serwis i 100% wlasnosc PGE) oraz potwierdzil, ze bip.sulikow.pl i Wikipedia wskazuja dzis Jana Majowskiego jako urzedujacego wojta, co jest spojne z przegrana w 2024 roku, ale nie zdolal otworzyc bezposrednio trzech artykulow prasowych (bot-block/404) - mechanike ""II tury"" nalezy przed publikacja doprecyzowac z serwisu PKW samorzad2024. Samego postepowania kwalifikacyjnego (kto jeszcze startowal, ewentualna krytyka procesu) nie sprawdzono i nie nalezy na nim opierac tezy ponad udokumentowane fakty o kadencji, terminach i wlasnosci."
42,Tadeusz Trzmiel,publish,"Zastepca prezydenta Krakowa przez 16 lat (2002-2018) pod prezydentem Jackiem Majchrowskim, z portfelem obejmujacym bezposredni nadzor nad Krakowskim Holdingiem Komunalnym; siedmiokrotnie wybierany do Rady Miasta Krakowa od 1994, w tym z Komitetu Wyborczego Wyborcow Jacka Majchrowskiego (WYBRANY 2010); wczesniej kandydat do Sejmu/list krajowych SLD (1997, 1998). | ZRODLO: radiokrakow.pl, ""Tadeusz Trzmiel przestaje byc zastepca prezydenta Krakowa""; dziennikpolski24.pl, ""Krakow. Powyborcze roszady. Prof. Jacek Majchrowski wymienia zastepcow""; inzynieria.com, ""Krakow: Tadeusz Trzmiel prezesem Krakowskiego Holdingu Komunalnego (KHK)""; bip.krakow.pl, oficjalna biografia (dok_id=30198); en.wikipedia.org/wiki/Tadeusz_Trzmiel.","Dwie posady, obie juz zakonczone: Prezes Zarzadu Krakowskiego Holdingu Komunalnego S.A. w Krakowie (2018-12-19 do 2024-05-20 - rada nadzorcza spolki mianowala go tym samym miesiacem, w ktorym zrezygnowal z funkcji zastepcy prezydenta, ktorej portfel obejmowal bezposredni nadzor nad KHK) oraz miejsce w zarzadzie Stowarzyszenia Metropolia Krakowska (2014-06-24 do 2019-04-08, sprawowane rownolegle z funkcja zastepcy prezydenta, nie jest to spolka). Zadnej aktualnej posady w spolce nie znaleziono.","verdict=publish || TEZA: Jacek Majchrowski's deputy mayor for 16 years - the same month he left city hall, Krakow's municipal utility holding made him its president. || UWAGA: Weryfikator niezaleznie potwierdzil sprawe na podstawie zrodel pierwotnych (oficjalna biografia bip.krakow.pl, Wikipedia, zywy odpis KRS pokazujacy, ze juz nie figuruje w obecnym zarzadzie KHK, oraz sam naglowek radiokrakow.pl) i nie znalazl podstaw do odrzucenia; dwoch z pieciu cytowanych zrodel prasowych (dziennikpolski24.pl, inzynieria.com) nie udalo sie otworzyc niezaleznie i pozostaja niepotwierdzone, choc wiarygodne. Strone nalezy oprzec na zamknietym luku 2002-2024, a nie sugerowac aktualnie sprawowana posade - prezesura w KHK zakonczyla sie w maju 2024 roku i nic nowszego nie znaleziono."
43,Paweł Środa,publish,"Appointed in June 2024 to the Rada Nadzorcza of PKS ""Sokołów"" S.A. (KRS 0000036783), one of three seats the powiat's new ruling coalition (PSL/Trzecia Droga, Zgoda dla Powiatu, Zgoda i Porozumienie) split among itself after the 2024 election; starosta Adam Góral told the press ""Każdy z członków został wyznaczony przez trzy ugrupowania, które wchodzą w skład grupy rządzącej w powiecie"", and radny Piotr Woźniak publicly questioned the appointments, while councillor Jacek Odziemczyk asked in the 18 June 2024 session which party nominated whom and got no answer. Środa's own 2018 election committee, KWW ""Zgoda i Porozumienie,"" is one of those three coalition partners - a suggestive name-match, not a sourced fact of who nominated him specifically. He first cycled through the same company a decade earlier: won a powiat council seat in December 2014 on KWW ""Powiatowe Porozumienie Samorządowe"" and resigned it days later - by his own account to the press - specifically to take PKS's Zarząd seat (2014-12-12 to 2019-01-03). Also declared PO on his 2015 Sejm candidacy. | ZRODLO: zyciesokolowa.pl, ""Wymiana władz w PKS Sokołów Podlaski..."" (25 czerwca 2024); old.podlasie24.pl, ""Paweł Środa tłumaczy decyzję o rezygnacji z funkcji radnego powiatowego"" (2 grudnia 2014); zyciesokolowa.pl, ""Koalicja w powiecie sokołowskim"" and ""Czy powiatowa koalicja...""; podlasie24.pl, ""Skład nowej rady powiatu sokołowskiego""; koryta kandydatury field (2015 Sejm, KW PO; 2018 KWW ""Zgoda i Porozumienie""); live KRS OdpisAktualny pull, KRS 0000036783, api-krs.ms.gov.pl, retrieved 2026-09-05.","4 posty łącznie; 3 to genuine rada nadzorcza per krs_lookup: current is PKS ""Sokołów"" S.A. RN (since 2024-06-12, confirmed live 2026-09-05, masked entry ""Ś****""/""P****"" consistent with him); historic are Zielonogórski Rynek Rolno-Towarowy S.A. RN (2015-02-11 to 2016-06-29) and Mazowiecki Szpital Wojewódzki w Siedlcach RN (2019-06-07 to 2021-10-13), plus an earlier PKS Zarząd term (2014-12-12 to 2019-01-03). None są rada spoleczna. The 4th post, Izba Gospodarcza Transportu Samochodowego i Spedycji, is flagged 'publiczna' only via a hardcoded-bug correction but is actually a private trade chamber - excluded as a trough post.","verdict=publish || TEZA: Paweł Środa resigned a just-won powiat council seat in 2014 to take a paid Zarząd seat at the same public bus company, then returned a decade later to its Rada Nadzorcza as one of three seats his powiat's new ruling coalition split among its own parties after the 2024 election. || UWAGA: verifier checked independently and did not find grounds to kill it, but flagged an overreach - do not state as fact that Środa was specifically the ""Zgoda i Porozumienie"" nominee among the three 2024 seats; no source names who nominated whom (a councillor asked in session and got no answer), so the list-name match should read as suggestive context only. Also, don't present the Izba Gospodarcza Transportu Samochodowego seat as a trough post - it's a private trade chamber despite carrying a public-flag bug."
44,Jerzy Kazimierz Sobczuk,skip,"Currently the Sejmik Województwa Lubelskiego's appointee on the Rada Społeczna of SP Stacja Pogotowia Ratunkowego i Transportu Sanitarnego w Zamościu (KRS 0000077189), seated since 2024-09-20 - but a rada społeczna is excluded as a trough post under the site's own rules (trap 1), so this is not a usable company connection. Separately he is a genuinely elected radny: WYBRANY to Rada Powiatu Zamojskiego (2024-2029) on the KKW Trzecia Droga PSL-Polska2050 list, WYBRANY to a samorząd seat in 2010 on a PSL list, with further PSL/SLD candidacies from 2002 to 2018. | ZRODLO: dziennikwschodni.pl, ""Były komendant straży zdobył mandat. Kto jeszcze w Radzie Powiatu Zamojskiego?"" (2024); live KRS OdpisAktualny pull for KRS 0000077189 (rejestr=S), api-krs.ms.gov.pl, retrieved 2026-09-05; koryta kandydatury field (WYBRANY 2024, WYBRANY 2010).","1 post total, current since 2024-09-20 and confirmed live on 2026-09-05, but the oversight organ is literally named ""RADA SPOŁECZNA"" in the KRS odpis - excluded per trap 1. Effectively 0 valid public-company posts.","verdict=skip || TEZA: Jerzy Kazimierz Sobczuk is a genuinely elected powiat councillor with a decades-long PSL/SLD track record, but his only KRS-referenced company post is an unpaid hospital rada społeczna that the site's own rules exclude - no trough post to build a page around. || UWAGA: identity check is reasonably strong (masked live-KRS initials match Sobczuk Jerzy Kazimierz; the appointing body, Sejmik Województwa Lubelskiego, fits a Lubelskie-region politician), but note an unrelated 2024 PKW candidate ""Sobczuk Dariusz Paweł"" surfaced in search and must not be confused with this person. No verifier was run on this record (skip verdicts aren't routed to verification)."
45,Marek Domżała,ODRZUCONE,"Multi-decade PSL officeholder: city councillor and council chairman in Szubin, 2006-2014; member of the Sejmik Województwa Kujawsko-Pomorskiego across terms I, II, VI (2018-2024) and the current VII (2024-2029), district 2, per the sejmik's own biography page. WYBRANY on a PSL samorząd list in 2010; PSL candidacies in nearly every election from 1998 to 2024. | ZRODLO: sejmik.kujawsko-pomorskie.pl/2357/domzala-marek (official councillor bio: party PSL, terms served, district 2, occupation); kujawsko-pomorskie.pl ""Radni Województwa"" rosters for VI and VII kadencja; koryta kandydatury field (WYBRANY 2010, PSL tags 1998-2024); live KRS OdpisAktualny pull for KRS 0000063546 (rejestr=S), api-krs.ms.gov.pl, retrieved 2026-09-05.","4 posty as researched: only the Rada Nadzorcza seat at Centrum Onkologii im. prof. F. Łukaszczyka w Bydgoszczy (2015-12-09 to 2020-07-17) was claimed as a genuine, publishable board post; the currently-active Kujawsko-Pomorskie Centrum Pulmonologii seat and the earlier Wojewódzki Ośrodek Terapii Uzależnień w Toruniu seat (2005-2013) were already flagged as rada społeczna and excluded, and the 2007 prokurent post at Nowy Szpital w Nakle i Szubinie was flagged as a signatory role, not a board seat.","verdict=ODRZUCONE || TEZA: Marek Domżała, a five-term PSL sejmik councillor and hospital director, sat on his region's cancer-centre supervisory board for five years, overlapping his time in regional office. || UWAGA: VERIFIER REFUTED - Two independent, decisive failures, either alone grounds to refuse. (c) TRAP 1 (rada spoleczna) fails on the ONE post the whole case is built on. The REASON explicitly claims Centrum Onkologii im. prof. F. Łukaszczyka w Bydgoszczy (KRS 0000002329) is a ""genuine rada_nadzorcza per krs_lookup."" That is false. /home/szymon/.cache/koryta/scratch-bridge-cse-01L1v/krs_lookup.json literally records supervisory_organ: ""rada_spoleczna"" for KRS 0000002329 — the same trap-1 exclusion already correctly applied to his other two hospital seats. I independently re-pulled the live register (curl https://api-krs.ms.gov.pl/api/krs/OdpisAktualny/0000002329?rejestr=S&format=json, HTTP 200, saved to /home/szymon/.cache/koryta/scratch-bridge-cse-01L1v/onko_S.json) and confirmed dzial2.organNadzoru[0].nazwa = ""RADA SPOŁECZNA"" verbatim. So of his 4 KRS posts, all 3 hospital board seats (Centrum Onkologii, Kujawsko-Pomorskie Centrum Pulmonologii, WOTUiW Toruń) are rada spoleczna, and the 4th (prokurent at Nowy Szpital w Nakle i Szubinie, 2007-04-04 to 2007-09-05, 5 months) is a signatory role, not a board seat — already conceded in PUBLIC POSTS. There is no genuine rada_nadzorcza seat anywhere in his record. The dossier's central factual claim misstates its own cited source. (a) CITED CONNECTION also fails independently. I fetched the given source, sejmik.kujawsko-pomorskie.pl/2357/domzala-marek (saved to /home/szymon/.cache/koryta/scratch-bridge-cse-01L1v/domzala_sejmik.html). Its breadcrumb reads ""Strona główna / Archiwum / Kadencja 2014-2018 / Sejmik / Radni / Lista radnych / Domżała Marek"" — this is an ARCHIVED page for the 2014-2018 term (sejmik term V), not a current bio. Its text: ""Doświadczenie samorządowe (parlamentarne): radny województwa I i II kadencji; 2006–2014 r. radny Rady Miasta Szubina, przewodniczący Rady."" It says terms I and II plus the Szubin city council chairmanship 2006-2014 — nothing about term VI (2018-2024) or a ""current VII (2024-2029)"" seat, contrary to the CLAIMED CONNECTION and REASON's ""overlapping his sitting VI-kadencja term."" I then pulled the site's live, current councillor roster (https://sejmik.kujawsko-pomorskie.pl/1023/lista-radnych-2, breadcrumb ""Strona główna / Sejmik / Radni / Lista radnych"", page dated 2026-09-05 — today) and it lists 29 sitting councillors (Całbecki … Ziemecki); Marek Domżała is NOT among them. So the sejmik's own live source affirmatively contradicts the claim that he is currently a sitting VII-kadencja councillor. The ""official bio page"" cited does not say what is claimed about this person's current or VI-term status. Given both the load-bearing company post and the load-bearing ""current/VI-term elected office"" claim are contradicted by the cited sources themselves (not merely unconfirmed but actively wrong), this does not stand up."
46,Ryszard Morawski,ODRZUCONE,"PSL — elected Bogatynia (Rada Miejska) city councillor through the VIII kadencja (2018-2024), chairing the komisja rewizyjna (financial oversight committee) per the researched claim; not returned in the 2024-2029 term. PSL/SLD/Unia Wolności candidacies from 1994 to 2018. | ZRODLO: bip.bogatynia.pl, ""Ryszard Morawski - oświadczenie majątkowe na dzień 31.12.2022"" (VIII kadencja, Radni Rady Miejskiej category); web search result citing bogatynia.info.pl (styczeń 2015) naming him Secretary of the Bogatyńskie Wodociągi Rada Nadzorcza and a PSL-list radny; portalsamorzadowy.pl 2024-2029 Bogatynia councillor roster (he is absent).","2 posty z 2 referencjonowanych w KRS (Bogatyńskie Wodociągi i Oczyszczalnia S.A., Dolnośląska Agencja Współpracy Gospodarczej sp. z o.o.) as researched are genuine rada nadzorcza per krs_lookup — neither is rada spoleczna. Both already ended (2015, 2019); nothing was claimed as currently 'nadal'.","verdict=ODRZUCONE || TEZA: Ryszard Morawski, a sitting PSL city councillor and chair of Bogatynia's oversight committee, simultaneously sat on the water utility's supervisory board. || UWAGA: VERIFIER REFUTED - Refute the connection as framed. The headline claims a sitting PSL councillor who ""chaired Bogatynia's oversight committee"" while ""simultaneously"" sitting on the water utility's supervisory board. Neither half of that survives checking the primary sources: 1. TIMING is wrong on its face. Per Morawski's own oświadczenie majątkowe (bip.bogatynia.pl, filed 19.04.2023, ""na dzień 31.12.2022""), he became Radny Rady Miejskiej w Bogatyniu on 21.11.2018 — i.e. VIII kadencja, exactly as the koryta record has it. But his Rada Nadzorcza seat at Bogatyńskie Wodociągi i Oczyszczalnia (KRS 0000046613) ran 2011-02-04 to 2015-03-05, ending 3.5 years BEFORE he became a councillor. There is no overlap between the council seat and the water-utility board seat at all. The only genuine overlap is a ~3.5-month window with the DAWG seat (KRS 0000213275, ended 2019-03-06) — the seat the analyst's own report flags as having the weaker identity corroboration. 2. THE COMMITTEE-CHAIR CLAIM does not check out. Both of his sworn declarations on file at BIP (2023, for 2022; and 2024, for 29.02.2024 — the second filed as he left office) list his function under ""miejsce zatrudnienia, stanowisko lub funkcja"" as ""Radny Rady Miejskiej w Bogatyniu, od 21.11.2018 wiceprzewodniczący Rady"" (vice-chairman of the whole Council) — not chairman of the komisja rewizyjna. A site-wide BIP search for ""Morawski"" returns exactly these same two documents and nothing else (no resolution appointing him to lead any committee). If he is being confused with the council's actual vice-chairmanship, that's still a real, citable elected office (category C) — just not the one in the dossier, and it doesn't support the ""oversight committee chair with a conflict of interest on the water board"" framing that is the whole point of the headline. 3. THE SOURCE THAT WOULD FIX #1 AND #2 — ""a January 2015 local press item [bogatynia.info.pl] that also identifies him as a PSL-list Bogatynia radny and chairman of the city council's komisja rewizyjna"" — could not be located. Web search budget was exhausted this session; the live site's search endpoint 500-errors; and an archive.org CDX pull of every bogatynia.info.pl URL captured 2013–2017 (14,668 rows) contains zero URLs mentioning ""morawski,"" including in the January–February 2015 window specifically (only 4 captures total in that window, none about him). That leaves the load-bearing claim — that he was already a sitting radny and rewizyjna-chair back in 2015, concurrent with the Wodociągi seat — entirely unsourced. What DOES hold up: he is genuinely ""Ryszard Morawski,"" b. 1959-03-21 per his own BIP declaration; rejestr.io's profile for the same person (id 742685, ""ur. 21 marca,"" the exact day/month koryta's own rejestrIo link points to) shows only 3 total KRS affiliations ever (1 current unrelated association since 2010, 2 historical — consistent with exactly the two board seats in koryta's posady field), which is decent identity corroboration for the KRS side. He is confirmed absent from the 2024-2029 council roster (bogatynia.esesja.pl). Both KRS seats are genuine rada_nadzorcza (not rada_spoleczna) at genuinely publicly-owned companies, and neither is currently 'nadal'. So there is a real, citable person with a real elected office (radny + wiceprzewodniczący Rady, VIII kadencja, 2018-2024) and a real earlier board seat (Wodociągi RN, 2011-2015) — but they never overlapped, and the specific ""oversight-committee chairman"" hook is not supported by any source I could open. This would not survive a complaint: the cited primary document, once actually read, contradicts the printed claim."
48,Jerzy Andrzej Michalak,publish,"PO member (declared on his 2014 sejmik candidacy) and career local/regional politician: Wrocław city councillor 2010-2014, elected on Rafał Dutkiewicz's own election committee (WYBRANY, 1,488 votes); Wicemarszałek Województwa Dolnośląskiego, 13 lutego-22 grudnia 2014; Sejmik Województwa Dolnośląskiego councillor and Zarząd Województwa member Dec 2014-Nov 2018, overseeing infrastructure incl. Koleje Dolnośląskie; from 2016 with Bezpartyjni Samorządowcy, running for Prezydent Wrocławia in 2018 and 2024, and for Senate in 2023. Gazeta Wrocławska separately reports Dutkiewicz personally lobbied then-prezydent Jacek Sutryk to offer Michalak a Wrocław vice-president post during the 2024 campaign. | ZRODLO: pl.wikipedia.org/wiki/Jerzy_Michalak_(samorządowiec); transinfo.pl, ""Polbus-PKS Wrocław ma nowego prezesa zarządu: Jerzy Michalak"" (23 lipca 2024); gazetawroclawska.pl, ""Jerzy Michalak, kandydat na prezydenta Wrocławia..."" and ""...kandydat Bezpartyjnych Samorządowców"" (2024); koryta kandydatury field (2010 WYBRANY, Komitet Wyborczy Wyborców Rafała Dutkiewicza; 2014 partia: PO); live KRS OdpisAktualny pulls for KRS 0000008042 i 0000049042, api-krs.ms.gov.pl, retrieved 2026-09-05; Google News item (6 lipca 2018), ""Jerzy Michalak odwołany z rady nadzorczej MPK. Wykorzystywał MPK do kampanii wyborczej.""","9 spółek referencjonowanych w KRS łącznie; 7 to genuine rada nadzorcza/zarząd per krs_lookup - none są rada spoleczna. Currently active, both confirmed live 2026-09-05: Prezes Zarządu, POLBUS-PKS sp. z o.o. (since 2024-08-29, Skarb Państwa company, appointed via a July 2024 recruitment process roughly 3 months after his unsuccessful Prezydent Wrocławia run); and Rada Nadzorcza, Sycowskie Towarzystwo Budownictwa Społecznego (since 2024-06-27). Historic: RN Koleje Dolnośląskie S.A. (2014-08-07 to 2015-04-01, directly overlapping his own Zarząd Województwa term); RN Polkowickie Centrum Usług Zdrowotnych-ZOZ S.A. (2019-02-11 to 2024-08-21); RN Miejskie Przedsiębiorstwo Komunikacyjne we Wrocławiu (2015-03-26 to 2018-07-31 - per an independently-found July 2018 press item, he was RECALLED from this board specifically for using MPK in his election campaign, not simply lapsed); RN Sycowska Gospodarka Komunalna (2020-07-10 to 2024-06-10); Zarząd Dolnośląski Park Innowacji i Nauki (2023-11-21 to 2024-09-11); RN Powiatowe Centrum Medyczne w Wołowie (2019-12-16 to 2020-03-12). A 9th company, Stowarzyszenie ""Rzeczpospolita Samorządna,"" is a private local-government advocacy association with a komisja rewizyjna, not a rada nadzorcza, despite the posady label - excluded.","verdict=publish || TEZA: Jerzy Andrzej Michalak is a 15-year career local politician who has cycled through nine public-company boards, repeatedly overlapping the exact policy area he was governing at the time, and currently holds two public-company posts simultaneously. || UWAGA: verifier checked independently (fetched the Wikipedia bio, the transinfo.pl appointment story, and live KRS odpisy for both current posts) and found no grounds to kill it - one of the best-corroborated records in the batch. It surfaced one additional, stronger fact worth folding in: a July 2018 press item reports he was recalled from the MPK Wrocław board for using the company in his election campaign, not that the term simply lapsed. Minor timing nit: the Polbus-PKS appointment came roughly 3 months after his mayoral run, not ""weeks."" As before, exclude the Rzeczpospolita Samorządna seat from the public-company count - its oversight organ is a komisja rewizyjna in a private association, not a rada nadzorcza."
50,Sławomir Antoniewski,publish,"PKW-deklaracja 2024 (kandydatura samorządowa, KKW Koalicja Obywatelska) opisuje go jako członka partii politycznej Platforma Obywatelska RP; wcześniej pełnił funkcję zastępcy burmistrza Lubawki (od ok. 2019, za burmistrz Ewy Kocemby, PO), a w 2024 startował jako kandydat PO/KO na burmistrza Lubawki - przegrał już w I turze, zajmując 3. miejsce z 17,72% głosów (802 głosy); II turę wygrał Wojdyła (62,63%). Około siedem miesięcy po tej porażce, 10 grudnia 2024, został prezesem zarządu Dolnośląskiego Centrum Rehabilitacji i Ortopedii sp. z o.o. - krótko po tym, jak urząd objął nowy, koalicyjny KO/PSL Zarząd Województwa Dolnośląskiego. | ZRODLO: kandydatury field (2024 Samorząd KKW Koalicja Obywatelska, partia PO, PKW-deklaracja: członek partii politycznej Platforma Obywatelska RP); https://czadrow24.pl/slawomir-antoniewski-nowym-prezesem-dcrio-w-kamiennej-gorze; https://lubawka.naszemiasto.pl/oto-wyniki-wyborow-2024-w-ii-turze-na-burmistrza-w-gm-lubawka/ar/c1p1-26186043; WebSearch on skład Zarządu Województwa Dolnośląskiego 2024-2029.","Jeden aktualny wpis: Prezes Zarządu, Dolnośląskie Centrum Rehabilitacji i Ortopedii sp. z o.o. (KRS 0000143957, 100% Województwo Dolnośląskie), od 2024-12-10 - potwierdzone dziś przez żywy odpis KRS (stan z 08.07.2026), zamaskowane jako A**********/S*******, zgodne z imieniem i nazwiskiem. Bez problemu rady społecznej: organ nadzoru spółki to rada nadzorcza, a jego stanowisko jest w Zarządzie.","verdict=publish || TEZA: Sławomir Antoniewski, przegrany kandydat PO na burmistrza Lubawki w 2024, został prezesem spółki wojewódzkiego szpitala rehabilitacyjnego około siedem miesięcy po przegranej, tuż po objęciu władzy w sejmiku przez koalicję jego partii. || UWAGA: Identyfikacja mocna - maskowane inicjały w KRS pasują, a lokalna prasa (czadrow24.pl i inne) niezależnie łączy tę samą osobę ('były zastępca burmistrza Lubawki') z nominacją do DCRiO. Weryfikator niezależnie sprawdził połączenie polityczne, tożsamość, aktualność stanowiska i publiczny charakter spółki wobec żywego rejestru KRS i prasy i nie znalazł podstaw do odrzucenia; zaznaczył jedynie, że dokładna uchwała powołująca oraz szczegół o pracy za kadencji burmistrz Ewy Kocemby od ok. 2019 pozostają niepotwierdzonym kolorytem, nie fundamentem tezy. Przed publikacją warto ustalić organ powołujący i sprawdzić, czy złożono oświadczenie majątkowe."
51,Jarosław Jan Klimaszewski,skip,"Urzędujący prezydent Bielska-Białej od 2018 (WYBRANY 2018 i WYBRANY 2024) z ramienia PO, przewodniczący PO w Bielsku-Białej i wiceprzewodniczący PO w województwie śląskim - jedno z najsilniejszych, najlepiej udokumentowanych powiązań politycznych w tej partii danych. | ZRODLO: https://pl.wikipedia.org/wiki/Jaros%C5%82aw_Klimaszewski; https://tvn24.pl/katowice/wybory-samorzadowe-2024-bielsko-biala-zdecydowane-zwyciestwo-jaroslawa-klimaszewskiego-st7881116; https://mamprawowiedziec.pl/polityk/56008_jaroslaw_klimaszewski; https://jklimaszewski.pl/","Jeden wpis w ogóle i się nie liczy: Rada Nadzorcza @ Szpital Wojewódzki w Bielsku-Białej (KRS 0000063066) 2015-11-23 do 2019-11-15 - to w rzeczywistości miejsce w Radzie Społecznej (Wiceprzewodniczący), wykluczone zgodnie z pułapką 1, a przy tym wygasłe już sześć lat temu.","verdict=skip || TEZA: Jeden z najbardziej rozpoznawalnych prezydentów miast z ramienia PO w regionie nie ma w tym rekordzie żadnego liczącego się stanowiska koryta - jedyny wpis to miejsce w radzie społecznej szpitala, które strona wyklucza z zasady i które wygasło już w 2019. || UWAGA: Tożsamość jednoznaczna - unikalne nazwisko, urzędujący prezydent dużego miasta, spójnie potwierdzone przez Wikipedię, TVN24 i jego własną stronę kampanijną; mamprawowiedziec.pl niezależnie potwierdza, że jego faktyczny tytuł to Wiceprzewodniczący Rady Społecznej, co uzasadnia wykluczenie. Weryfikacji nie przeprowadzono (skip nie jest kierowany do weryfikatora)."
52,Roman Jacek Kolek,skip,"Wicemarszałek Województwa Opolskiego 2010-2021, dyrektor wydziału zdrowia Urzędu Marszałkowskiego 1999-2002, radny sejmiku od 2002 (reelekcje 2014, 2018 i WYBRANY 2024 z KWW Śląscy Samorządowcy), wieloletni przewodniczący klubu radnych Mniejszości Niemieckiej w sejmiku opolskim - jeden z najstarszych stażem polityków Mniejszości Niemieckiej w regionie. | ZRODLO: https://pl.wikipedia.org/wiki/Roman_Kolek; https://www.opolskie.pl/kolek-roman/; https://www.portalsamorzadowy.pl/osoba/roman-kolek,1507.html (kadencja 2024-2029); kandydatury field (2024 Samorząd KWW ŚLĄSCY SAMORZĄDOWCY WYBRANY).","Jeden wpis w ogóle i się nie liczy: Rada Nadzorcza @ Uniwersytecki Szpital Kliniczny w Opolu (KRS 0000014443) 2018-02-12 do 2026-01-05 to w rzeczywistości Rada Społeczna zgodnie z pułapką 1 - wykluczone, a do tego potwierdzone jako już wygasłe wobec żywej, aktualnej listy 11 członków, wśród których nie ma pasujących inicjałów.","verdict=skip || TEZA: Wieloletni wicemarszałek województwa i lider Mniejszości Niemieckiej ma w tym rekordzie tylko jedno stanowisko, i to takie, które się nie liczy - miejsce w radzie społecznej szpitala, już wygasłe. || UWAGA: Tak jak u Klimaszewskiego - mimo bardzo dobrze udokumentowanej kariery politycznej, w tej partii danych nie ma żadnego stanowiska, które przeszłoby pułapkę 1. Tożsamość mocna (unikalny, obszernie udokumentowany polityk regionalny - Wikipedia, oficjalna biografia wojewódzka, portalsamorzadowy), więc ryzyko pomyłki z imiennikiem znikome. Weryfikacji nie przeprowadzono (skip)."
54,Joachim Jerzy Wojtala,publish,"Burmistrz Gogolina przez ~22 lata (2002-2024; WYBRANY 2002, WYBRANY 2018 na własnym komitecie 'KWW Joachima Wojtali', WYBRANY 2024 na KWW Partnerstwo), wieloletni działacz Mniejszości Niemieckiej/TSKN (kandydatury 2002-2014 z KW Mniejszość Niemiecka), a od 2024 wybrany radny Powiatu Krapkowickiego (KWW Partnerstwo, kadencja 2024-2029). | ZRODLO: https://www.portalsamorzadowy.pl/osoba/joachim-wojtala,77061.html (jedna strona łącząca wszystkie trzy fakty: ~22 lata jako burmistrz, miejsce w zarządzie Aglomeracji Opolskiej, wybór do rady powiatu 2024-2029 - 1115 głosów, 27,78%, okręg 2); https://bip.powiatkrapkowicki.pl/3126/sklad-rady-powiatu-krapkowickiego-2024-2029.html (niezależnie potwierdza go na liście radnych); https://gogolin.pl/6894/burmistrz-joachim-wojtala-przewodniczacym-psorw.html (potwierdza tytuł burmistrza, choć dot. innej funkcji z 2015); kandydatury field (WYBRANY tags 2002, 2018, 2024, 2010); opolska360.pl niedostępny (403).","Jeden wpis, już zakończony: Zarząd @ Stowarzyszenie Aglomeracja Opolska (KRS 0000485977, publiczna zgodnie z zaszytą listą PUBLIC_COMPANIES_KRS) 2014-01-15 do 2024-06-20 - koniec dokładnie w momencie, gdy odszedł z burmistrzostwa na rzecz mandatu w Radzie Powiatu Krapkowickiego. Potwierdzone dziś żywym odpisem KRS, że nie ma go już w 5-osobowym Zarządzie. Nie jest to rada społeczna (organem nadzoru stowarzyszenia jest komisja rewizyjna, a jego stanowisko było w Zarządzie).","verdict=publish || TEZA: 22-letni burmistrz Gogolina zasiadał ex officio w zarządzie flagowego stowarzyszenia międzygminnego regionu dokładnie tak długo, jak sprawował urząd burmistrza, po czym przeszedł prosto do rady powiatu. || UWAGA: Tożsamość mocna - własnoimienny komitet wyborczy 'KWW Joachima Wojtali' z 2018 (WYBRANY) wyklucza kolizję z imiennikiem. Weryfikator niezależnie otworzył cytowane źródła i potwierdził połączenie polityczne, tożsamość, brak problemu rady społecznej (organ to komisja rewizyjna), zakończenie stanowiska zgodne z posady oraz publiczny charakter spółki - nie znalazł podstaw do odrzucenia. Zaznaczył, że opolska360.pl było niedostępne (403) i nie było potrzebne, bo wybór do rady powiatu 2024 potwierdzają niezależnie portalsamorzadowy i BIP powiatu; gogolin.pl potwierdza tylko sam tytuł burmistrza (dot. innej sprawy z 2015), a fakt o Aglomeracji Opolskiej opiera się na portalsamorzadowy. Miejsce w zarządzie Aglomeracji Opolskiej to najpewniej skromna dieta przypisana z urzędu burmistrzom gmin członkowskich, a nie osobna intratna synekura - tekst powinien to podkreślić, bez sugerowania konkretnej kwoty."
55,Rafał Paweł Ryplewicz,publish,"Wieloletni działacz PO i wielokrotny kandydat od 2010 (PKW-deklarowany członek PO na listach sejmowych 2011 i 2023); radny Bielska-Białej 2018-2024 (KKW PO.N Koalicja Obywatelska), gdzie pełnił też funkcję skarbnika okręgowego zarządu PO; WYBRANY 2024 Samorząd KKW Koalicja Obywatelska - wybrany do Sejmiku Województwa Śląskiego, kadencja 2024-2029 (29 322 głosy, okręg 1); 29 marca 2026 wybrany skarbnikiem struktur miejskich Koalicji Obywatelskiej w Bielsku-Białej (nie stricte PO - źródło mówi o strukturach KO, których PO jest lokalnie dominującą częścią). | ZRODLO: https://bip.slaskie.pl/sejmik_wojewodztwa/radni_sejmiku/rafal-ryplewicz.html; https://rm.bielsko-biala.pl/radni/2018-2024/80; https://bielsko.biala.pl/aktualnosci/60383/prezydent-radni-i-prezesi-miejskich-spolek-koalicja-obywatelska-ma-nowe-wladze-w-bielsku-bialej (29.03.2026, nazywa go 'radny wojewódzki Rafał Ryplewicz, który jest także prezesem miejskiej spółki' przy okazji wyboru na skarbnika); https://bip.bht.com.pl/index.php/organy-spolki (aktualizacja 22.08.2025, Prezes Zarządu).","Trzy wpisy, dwa aktualne: Prezes Zarządu, Beskidzki Hurt Towarowy S.A. (KRS 0000144861, Gmina Bielsko-Biała 64,81% + Skarb Państwa 28,91%) od 2025-09-10, awans z wcześniejszego miejsca w Radzie Nadzorczej tej samej spółki (2015-03-06 do 2019-06-19); oraz Rada Nadzorcza, Miejskie Przedsiębiorstwo Wodociągów i Kanalizacji sp. z o.o. (KRS 0000089484, publiczna) od 2019-10-09. Oba aktualne stanowiska potwierdzone dziś żywym odpisem KRS. Żadne nie jest radą społeczną.","verdict=publish || TEZA: Urzędujący radny sejmiku śląskiego z PO i nowo wybrany skarbnik struktur miejskich KO jednocześnie stoi na czele jednej i zasiada w radzie nadzorczej drugiej publicznej spółki w Bielsku-Białej. || UWAGA: Tożsamość mocna - artykuł bielsko.biala.pl z 29.03.2026 wprost łączy w jednym zdaniu 'radnego wojewódzkiego Rafała Ryplewicza' z 'prezesem miejskiej spółki', a żywe odpisy KRS obu spółek pokazują te same zamaskowane inicjały i tę samą dekadę PESEL. Weryfikator niezależnie otworzył cytowane źródła, potwierdził połączenie polityczne, tożsamość, aktualność obu stanowisk, publiczny charakter obu spółek i brak problemu rady społecznej - nie znalazł podstaw do odrzucenia, wniósł tylko korektę: wybór 29 marca 2026 dotyczył struktur miejskich Koalicji Obywatelskiej, a nie ściśle PO, jak sugerowała pierwotna teza (poprawiono powyżej). Wart odnotowania, choć nieblokujący, jest otwarty wątek: czy łączenie płatnego stanowiska Prezesa, miejsca w RN i mandatu sejmikowego nie rodzi pytania o zgodność z ustawą antykorupcyjną - warto to wskazać w tekście."
56,Wojciech Nitwinko,skip,"Radny Rady Miejskiej w Sosnowcu nieprzerwanie od 2010 roku, obecnie wiceprzewodniczący rady na kadencję 2024-2029, wybrany z 2859 głosami z listy KWW Platformy i Lewicy dla Sosnowca (okręg 1); wieloletni działacz SLD/Nowa Lewica i dyrektor biura Rady Wojewódzkiej SLD woj. śląskiego, PKW-deklaracja z 2023 roku wskazuje go jako członka partii Nowa Lewica. | ZRODLO: https://sosnowiec.esesja.pl/radny/137707/wojciechanitwinko.htm ; https://www.portalsamorzadowy.pl/osoba/wojciech-nitwinko,13166.html ; lewica.org.pl bio (agregacja WebSearch); koryta kandydatury field (PKW-deklaracja 2023); live KRS OdpisAktualny KRS 0000003544 (rejestr=S, stanZDnia 01.07.2026).","3 posady total, wszystkie niepublikowalne. RN @ Perspektywa (KRS 0000436648, spółka prywatna) 2012-2015, zakończona - nieistotna. RN @ Szpital Miejski w Siemianowicach Śląskich sp. z o.o. (KRS 0000490160, genuine rada nadzorcza spółki publicznej) 2019-12-20 do 2020-08-24, zakończona prawie 6 lat temu w mieście, gdzie nie sprawuje żadnej funkcji. Jedyny aktualny wpis to Rada Społeczna @ Wojewódzki Szpital Specjalistyczny nr 5 im. św. Barbary w Sosnowcu (KRS 0000003544), od 2024-05-23, potwierdzona żywym KRS - wykluczona jako trap 1 (nieodpłatna rada społeczna, nie stanowisko koryta).","verdict=skip || TEZA: Wojciech Nitwinko, radny Sosnowca od 2010 roku, obecnie wiceprzewodniczący rady i działacz Nowej Lewicy, nie ma żadnego aktualnego stanowiska poza nieodpłatną radą społeczną szpitala we własnym mieście - po zastosowaniu trap 1 nic nie zostaje do publikacji. || UWAGA: Jedyna prawdziwa rada nadzorcza, jaką kiedykolwiek piastował (szpital w Siemianowicach), zakończyła się w 2020 roku. Tożsamość mocna (unikalne nazwisko, inicjały z żywego KRS zgadzają się dokładnie). Wrócić do sprawy, jeśli pojawi się nowe, płatne stanowisko w radzie nadzorczej."
57,Stanisław Wojciech Pasoń,skip,"Radny Sejmiku Województwa Małopolskiego (PSL), nieprzerwanie od 2014 roku, reelected w 2024 (WYBRANY); poseł na Sejm II kadencji w 1993 roku z listy PSL; kandydat na senatora w 2023 roku z Trzeciej Drogi. | ZRODLO: https://pl.wikipedia.org/wiki/Stanisław_Pasoń ; https://www.radiokrakow.pl/aktualnosci/nowy-sacz/radny-stanislaw-pason-powalczy-o-mandat-senatora-z-okregu-nr-37 ; live KRS OdpisAktualny KRS 0000029409 i KRS 0000007565 (rejestr=S).","3 posady, żadna niepublikowalna. RN @ Elewator Sieradz sp. z o.o. (KRS 0000128488, spółka prywatna) 2008-2014, zakończona - nieistotna. Jednocześnie zasiada, potwierdzone żywym KRS, w radach społecznych dwóch szpitali nadzorowanych przez jego własny sejmik: Szpital Specjalistyczny im. Jędrzeja Śniadeckiego w Nowym Sączu (KRS 0000029409) od 2024-12-23, oraz Szpital Specjalistyczny Chorób Płuc ""Odrodzenie"" w Zakopanem (KRS 0000007565) od 2024-09-13 - obie to trap 1, nieodpłatne stanowiska reprezentacyjne, nie stanowiska koryta.","verdict=skip || TEZA: Stanisław Wojciech Pasoń, od 12 lat radny sejmiku małopolskiego i były poseł, zasiada w dwóch radach szpitalnych, ale obie są nieodpłatnymi radami społecznymi, więc mimo dobrze udokumentowanej kariery politycznej nie ma żadnego publikowalnego stanowiska. || UWAGA: Tożsamość mocna (charakterystyczne pełne imię i nazwisko, inicjały z żywego KRS zgadzają się w obu radach). Wrócić do sprawy, jeśli pojawi się nieodkryte dotąd płatne stanowisko w radzie nadzorczej lub zmieni się polityka serwisu wobec rad społecznych."
59,Emil Krzysztof Sawicki,publish,"Sekretarz Marszałka Województwa Mazowieckiego Adama Struzika (PSL) - czyli osobisty sekretarz/asystent marszałka nieprzerwanie urzędującego od 2001 roku, także przez wybory 2024 roku; jednocześnie Prezes PSL Gminy Raszyn i Sekretarz PSL Mazowsze. Związek to relacja zawodowa/partyjna, nie własna wygrana wyborcza (jego kandydatury PKW z lat 2014-2024 nie mają znacznika WYBRANY). | ZRODLO: https://pslmazowsze.pl/psl-mazowsze-2/ ; https://pl.wikipedia.org/wiki/Adam_Struzik ; live KRS OdpisAktualny KRS 0000116702 (rejestr=P, Warszawska Kolej Dojazdowa); własna strona BIP WKD wkd.com.pl/jbip/index.php/organy-spolki (znaleziona przez weryfikatora, wymienia identyczny pięcioosobowy skład Rady Nadzorczej); prasa via WebSearch (kurier-kolejowy.pl, transport-publiczny.pl) opisująca go jako powołanego do rady WKD 7 października 2024 roku; samorzad.gov.pl o wydarzeniu Powiatu Pruszkowskiego, na którym reprezentował urząd marszałka.","3 posady, tylko jedna liczy się jako stanowisko koryta. RN @ Fundacja Rozwoju (KRS 0000125573, fundacja prywatna) od 2025-04-29 - nieistotna. RN @ SZPZOZ im. Dzieci Warszawy w Dziekanowie Leśnym (KRS 0000072265, rada_spoleczna) od 2024-12-31 - wykluczona, trap 1. Jedyne publikowalne stanowisko: RN @ Warszawska Kolej Dojazdowa sp. z o.o. (KRS 0000116702) od 2024-10-15, potwierdzone jako aktualne żywym KRS i niezależnie przez własną stronę BIP WKD - WKD jest współwłasnością Województwa Mazowieckiego, m.st. Warszawy i kilku gmin; is_public_raw jest False w automatycznej ocenie koryta, ale oznaczone likely_public_via_hardcoded_bug=True, czyli faktycznie publiczna.","verdict=publish || TEZA: Emil Krzysztof Sawicki, szef PSL gminy Raszyn i osobisty sekretarz marszałka mazowieckiego Adama Struzika (PSL), objął miejsce w Radzie Nadzorczej powiązanej z województwem Warszawskiej Kolei Dojazdowej około pół roku po wyborach samorządowych 2024, które przyniosły PSL-owski zarząd województwa. || UWAGA: Publikować wyłącznie stanowisko w WKD jako stanowisko koryta - nie drukować miejsc w SZPZOZ Dziekanów Leśny (rada społeczna) ani w Fundacji Rozwoju (prywatna). Weryfikator sprawdził niezależnie i nie znalazł podstaw do odrzucenia: nie mógł ponownie dotrzeć do pierwotnie cytowanej prasy (kurier-kolejowy.pl, transport-publiczny.pl - wyczerpany budżet WebSearch), ale zastąpił ją własną oficjalną stroną BIP WKD, która wymienia identyczny pięcioosobowy skład rady i potwierdza zgodność z żywym KRS; zaznacza też, że nie zweryfikował, czy stanowisko jest faktycznie odpłatne."
60,Barbara Ewa Klatka,publish,"Radna Rady Miejskiej w Tomaszowie Mazowieckim, kadencja 2024-2029, KKW Koalicja Obywatelska, WYBRANY (1280 głosów, 16,11%); wcześniej dwukrotnie radna Rady Powiatu Tomaszowskiego; przegrana kandydatka na prezydenta miasta w 2024 roku (6168 głosów, 26,4%); PKW-deklaracja wskazuje ją jako członka Platformy Obywatelskiej RP od 2006 roku, z wcześniejszą wygraną WYBRANY w 2010 roku. | ZRODLO: https://www.portalsamorzadowy.pl/osoba/barbara-klatka,627.html ; rejestr.io/osoby/750963 i doniesienia rawik.pl (via WebSearch) nazywające ją Przewodniczącą RN Rawskie Wodociągi i Kanalizacja od 2025-04-25; live KRS OdpisAktualny KRS 0000069123 (rejestr=P, Expo-Łódź) i KRS 0000304455 (rejestr=P, Rawskie Wodociągi i Kanalizacja); koryta kandydatury field.","3 posady, dwie genuine i potwierdzone jako aktualne/historyczne (zwykłe spółki z o.o., nie rady społeczne - trap 1 nie ma zastosowania). Zarząd/Wiceprezes @ Expo-Łódź sp. z o.o. (KRS 0000069123) od 2018-12-28/2019-04-15, potwierdzone jako wciąż aktualne żywym KRS - siódmy rok z rzędu. Zarząd @ Miejska Arena Kultury i Sportu w Łodzi (KRS 0000331683), 2016-2019, zakończona - wcześniejsze płatne stanowisko pokrywające się z początkiem funkcji w Expo-Łódź (prawdopodobnie ta sama placówka - Atlas Arena - opisywana gdzie indziej nieformalnie). Rada Nadzorcza (przewodnicząca) @ Rawskie Wodociągi i Kanalizacja sp. z o.o. (KRS 0000304455) od 2025-04-25, potwierdzone jako aktualne żywym KRS - trzecie stanowisko w spółce publicznej, objęte około rok po przegranej w wyborach na prezydenta miasta w 2024 roku.","verdict=publish || TEZA: Barbara Ewa Klatka, radna Koalicji Obywatelskiej w Tomaszowie Mazowieckim, od siedmiu lat piastuje płatne stanowisko wiceprezesa Expo-Łódź i rok po przegranej w wyborach na prezydenta miasta w 2024 roku dołożyła przewodnictwo rady nadzorczej publicznego wodociągu. || UWAGA: Tożsamość mocna, zgodna we wszystkich niezależnych źródłach i pasująca dekada PESEL na obu wyciągach z żywego KRS. Weryfikator sprawdził niezależnie i nie odrzucił sprawy - wszystkie źródła otwarte i potwierdzone zgodnie z cytowaniem, oba kluczowe stanowiska (Expo-Łódź, Rawskie Wodociągi) bezpośrednio potwierdzone jako aktualne żywym KRS, obie spółki faktycznie publiczne, a wynik wyborów 2024 niezależnie potwierdzony ze zgodną liczbą głosów."
61,Antoni Skura,skip,"Przewodniczący Rady Powiatu w Zamościu od maja 2024 roku (PiS), WYBRANY 2024 (1227 głosów, 15,13%, okręg 4); radny powiatowy PiS, WYBRANY także w 2010 roku; kandydat PiS nieprzerwanie od 2010 roku, wcześniej kandydatury komitetu rolniczego (""Rolnicy"") w latach 1998-2006; Wiceprezes Lubelskiej Izby Rolniczej. | ZRODLO: kronikatygodnia.pl (6 maja 2024); portalsamorzadowy.pl candidate record; spzamosc.bip.lubelskie.pl dokument STAROSTY ZAMOJSKIEGO; powiatzamosc.esesja.pl radny profile; powiatzamojski.pl (10 października 2024); gminazamosc.pl (9 lutego 2026); wszystkie znalezione przez Brave Search, tylko fragmenty, dostęp 2026-09-05; live KRS OdpisAktualny KRS 0000077189 (rejestr=S).","Tylko 1 wpis posady, i to wykluczonego typu - Rada Społeczna @ Samodzielna Publiczna Stacja Pogotowia Ratunkowego i Transportu Sanitarnego w Zamościu (KRS 0000077189) od 2024-09-20, potwierdzone jako aktualne żywym KRS. supervisory_organ=rada_spoleczna, więc to trap 1 i nie może być drukowane jako stanowisko koryta; żadnego innego stanowiska w spółce nie ma.","verdict=skip || TEZA: Antoni Skura, przewodniczący Rady Powiatu w Zamościu z ramienia PiS od maja 2024 roku, zasiada wyłącznie w nieodpłatnej radzie społecznej szpitala - potężny lokalny polityk bez żadnego publikowalnego stanowiska koryta. || UWAGA: Powołanie do rady społecznej nastąpiło około cztery miesiące po objęciu funkcji przewodniczącego, co pasuje do rutynowego przydziału miejsc w organach regionalnych nowo wybranym lokalnym politykom, a nie do wzbogacenia. Źródła biograficzne czytane były jako fragmenty z Brave Search, nie pobrane pojedynczo w całości - warto je bezpośrednio zweryfikować przed publikacją czegokolwiek opartego na tym zapisie. Tożsamość mocna (rzadkie nazwisko, spójny profil PiS/rolniczy z Zamościa, inicjały z żywego KRS się zgadzają)."
62,Kacper Karol Pietrusiński,publish,"Radny m.st. Warszawy (klub Koalicja Obywatelska), kadencja 2024-2029, okręg nr 5 Bielany-Żoliborz - confirmed live on the official Rada Warszawy page, including his exact prior career (wiceburmistrz Bielan od XII 2006, burmistrz Rembertowa II 2013 - XII 2014). PO-affiliated candidacies on record from 2002 through 2024 (kandydatury tagged partia: PO throughout - 2002, 2010, 2014, 2018, 2024 Samorząd rows), a decades-long affiliation, but not literally 'since the party's founding': his 2001 Sejm candidacy under KWW Platforma Obywatelska carries a PKW self-declaration 'nie należy do partii politycznej', and the PO bio page originally cited for the founding claim (miasto-warszawa.platforma.org) is a dead, parked domain. | ZRODLO: https://um.warszawa.pl/waw/radawarszawy/-/kacpar-pietrusinski-radny (official, checked live 2026-09-05); next_hundred.json kandydatury field (PKW rows since 2001); live KRS OdpisAktualny for KRS 0000390180, 0000333366, 0000489878, 0000400197, 0000338846 via api-krs.ms.gov.pl, fetched 2026-09-05; krs_lookup.json; biometan.orlen.pl (confirms Orlen-Group branding of Orlen Biometan).","10 posady rows on record; 5 genuinely current after excluding two rada spoleczna seats (Mazowieckie Centrum Leczenia Chorób Płuc i Gruźlicy and SPZZLO Żoliborz-Bielany, both confirmed rada_spoleczna in krs_lookup.json, not rada nadzorcza). The 5 current posts, each re-confirmed live via api-krs.ms.gov.pl on 2026-09-05: członek Rady Nadzorczej, Mazowieckie Centrum Stomatologii, since 2025-07-02; and członek Zarządu at four companies in an Orlen-linked energy/biomethane cluster - CHP Energia (since 2024-12-02), Bioenergy Project (since 2024-11-19), Orlen Biometan (since 2024-08-08) and Bioutil (since 2024-10-29) - all four sharing an identical Prezes Zarządu across the cluster. Plus an ended Zarząd seat at the same Mazowieckie Centrum Stomatologii (2015-2024, before he moved to its RN), an ended RN seat at Przedsiębiorstwo Gospodarki Komunalnej (2019-2020), and a 2002-2003 board seat in PO's own youth-wing association (Młodzi Demokraci), which is not a company post.","verdict=publish || TEZA: A sitting Warsaw city councillor for Koalicja Obywatelska, with a PO-aligned candidacy record stretching back to 2002, holds five concurrent public-company posts, four of them landed in a single four-month burst in an Orlen-linked energy cluster within a year of the Dec 2023 change of national government and the same year he won his council seat. || UWAGA: Drop the 'PO member since the party's founding' framing - its only source (miasto-warszawa.platforma.org) is a dead, parked domain, and his own 2001 PKW candidacy declares no party membership; the decades of PO-tagged candidacies stand on their own without it. A verifier checked the rest of the record independently (elected office, both rada_spoleczna exclusions, all 5 current posts, the shared-board cluster, public ownership, and timing) and found no grounds to kill it."
63,Janusz Stanisław Kobyliński,publish,"Członek PiS - stated explicitly by the press in the same article reporting his company appointment ('Janusz Kobyliński jest członkiem PiS', Tygodnik Siedlecki, 26.09.2024, confirmed by direct fetch); PKW-deklaracja confirms membership on multiple ballots (2010, 2018, 2023). Burmistrz Łosic 2002-2014 (12 lat), radny powiatowy od 2014, kierownik ARiMR Łosice od II 2016, wybrany na starostę łosickiego w 2020, nieudany kandydat PiS do Sejmu w 2023 (14,05%), stracił funkcję starosty po wyborach samorządowych 2024, gdy koalicja Trzecia Droga-PSL + 'Od Nowa' przejęła powiat (nowy zarząd objął władzę ok. maja 2024), obecnie radny powiatu i przewodniczący komisji budżetowej. | ZRODLO: https://tygodniksiedlecki.com/artykul/janusz-kobylinski-byly-losicki-starosta-zostal-wiceprezesem-siedleckiego-pec-serwis-n1472974 (26.09.2024, fetched directly 2026-09-05); live KRS OdpisAktualny for KRS 0000044765 via api-krs.ms.gov.pl, fetched 2026-09-05 (stan z dnia 24.04.2026, member not suspended); next_hundred.json kandydatury field; krs_lookup.json; pl.wikipedia.org 'Wybory samorządowe w Polsce w 2024 roku' i 'Powiat Łosicki' (kadencja end dates).","6 posady rows; 1 genuinely current: członek Zarządu / wiceprezes, PEC Serwis (KRS 0000044765), since 2024-09-27, re-confirmed live on 2026-09-05. Plus 4 ended, genuine (non-rada-spoleczna) rada nadzorcza seats: Agencja Rozwoju Miasta Siedlce (2015-2016), PKS w Łosicach (2010-2016), Przedsiębiorstwo Usług Inżynieryjno-Komunalnych (2015-2021), and Energa Ciepło Ostrołęka (2018-2020) - the last excluded from the public-post count because koryta's own is_public computation flags it private/unclear (is_public_raw=false, no hardcoded override), not because it's rada spoleczna. Also 1 ended foundation board seat (Fundacja Ekoland, 2004-2007), not a company post.","verdict=publish || TEZA: A defeated PiS candidate for starosta of Łosice county was made vice-president of a neighbouring city's public heating company (PEC Serwis) within months of his own county government passing to a Trzecia Droga-PSL coalition. || UWAGA: The original 'two months after' framing overstates it - Polish 2024 local-council terms ran through 30 April 2024, so the new powiat łosicki leadership took over around early-to-mid May 2024, roughly 4.5-5 months before the 24 September 2024 PEC Serwis appointment; use 'within months' rather than 'two months'. PEC Serwis's ownership chain (via Przedsiębiorstwo Energetyczne w Siedlcach) rests on search snippets, not a primary BIP/statute document. A verifier independently confirmed the press quote, the identity, all rada_spoleczna/current-post checks, and public ownership, and found no grounds to kill it beyond that one wording fix."
64,Henryk Wiktor Pinis,skip,"None found - candidacies only, no party. | ZRODLO: none for a political connection - the sole company post (RN Wojewódzki Zakład Opieki Zdrowotnej nad Matką, Dzieckiem i Młodzieżą, KRS 0000002371) was confirmed live via api-krs.ms.gov.pl (rejestr=S) on 2026-09-05 as an explicit 'RADA SPOŁECZNA' organ; next_hundred.json kandydatury field records a long party-hopping candidacy history (KWW Sympatyków PiS 2002, Zarząd Automobilklubu Częstochowskiego 1998 - a club role, Komitet Wyborczy Ruch Patriotyczny 2005 Sejm, PiS-tagged 2004 European Parliament run, PO-tagged 2010/2014 Samorząd runs, SLD Lewica Razem-tagged 2018 Samorząd run) with no WYBRANY marker anywhere.","1 posady row total, 0 genuinely countable: the sole post is an unpaid Rada Społeczna seat at a SPZOZ (confirmed both in krs_lookup.json and independently against the live KRS extract fetched 2026-09-05), the category koryta.pl deliberately excludes, and it ended in 2020 regardless.","verdict=skip || TEZA: A serial candidate who has run for PO, PiS, SLD and assorted local committees since 1998 without ever winning has exactly one company post on record, and it is an excluded, unpaid hospital rada spoleczna. || UWAGA: Identity rests on the name and a rejestr.io profile URL alone (rejestr.io itself returned HTTP 403 to automated fetch); no independent press corroboration was found, and web-search budget was exhausted before a targeted check could be run. Not load-bearing given the skip verdict, but flag before any future revisit - do not revive this record on the PiS-tagged 2004 declaration alone, since the candidacy history switches parties three times with no wins."
65,Krzysztof Wiesław Hećman,publish,"Członek PSL - deklarowany na formularzach PKW w 2011 (Senat), 2019 (Sejm) i ponownie 2024 (jego własny komitet KWW Krzysztofa Hećmana Nasze Miasto Kętrzyn, WYBARNY - dokładny mandat z 2024 nie został niezależnie potwierdzony, więc nie należy twierdzić, że to mandat burmistrza). Wieloletni burmistrz Kętrzyna (1994-1998, 2000-2018, razem 24 lata), potem zastępca burmistrza Bartoszyc (2018-2024). W 2024 był bliski powrotu na fotel burmistrza Kętrzyna, ale wycofał się z II tury z przyczyn osobistych - potwierdzone bezpośrednio w prasie. | ZRODLO: https://tygodnikketrzynski.pl/pl/11_wiadomosci/228266_krzysztof-hecman-jako-jedyny-z-powiatu-odznaczony-przez-wojewode.html (fetched directly 2026-09-05); live KRS OdpisAktualny for KRS 0000192305 via api-krs.ms.gov.pl, fetched 2026-09-05 (stan z dnia 06.07.2026, single shareholder Gmina Miejska Kętrzyn holding 100% of shares); next_hundred.json kandydatury field (PKW-deklaracje PSL 2011/2019/2024); krs_lookup.json.","3 posady rows; 1 genuinely current: sole Prezes Zarządu, Miejskie Wodociągi i Kanalizacja w Kętrzynie (KRS 0000192305, 100% owned by Gmina Miejska Kętrzyn per the live KRS odpis), since 2024-10-11, re-confirmed live on 2026-09-05 as a one-person Zarząd. Plus 2 ended, genuine rada nadzorcza seats (none rada spoleczna): Warmińsko-Mazurska Agencja Rozwoju Regionalnego S.A. (2015-2016) and Zakład Gospodarki Komunalnej w Barcianach (2016-2019).","verdict=publish || TEZA: Kętrzyn's mayor for 24 of the last 30 years and a declared PSL member since at least 2011 came within one election round of the mayoralty again in 2024, then weeks after withdrawing was installed as sole president of the city's water utility. || UWAGA: Do not state he won the 2024 mayoral race, and do not assert which office the 2024 WYBRANY tag refers to - the press is explicit only that he withdrew from the mayoral runoff, and the exact 2024 mandate was not independently confirmed (web-search budget exhausted). A verifier independently confirmed the press connection, the identity, both rada_nadzorcza checks, the current single-officer post, 100% municipal ownership, and the PSL declarations, and found no grounds to kill it beyond this one caveat, calling it 'stronger than the median case in this batch.'"
66,Władysław Filar,skip,"Dwukrotnie WYBRANY radny (2010, 2024) z komitetów Prawa i Sprawiedliwości w rejonie Zakopanego; wieloletni kandydat PiS od 2006 (KW Prawo i Sprawiedliwość, tagged partia: PiS, w 2006, 2010, 2014, 2018), plus wcześniejsze lokalne komitety (Klub im. Władysława Zamoyskiego w Zakopanem 2002, Koalicja Solidarni Ponad Podziałami 1998). | ZRODLO: next_hundred.json kandydatury field (PKW rows, WYBRANY markers 2010 i 2024); live KRS OdpisAktualny (rejestr=S) for KRS 0000007565 via api-krs.ms.gov.pl, fetched 2026-09-05.","1 posady row total, 0 genuinely countable: the sole post (RN Szpital Specjalistyczny Chorób Płuc 'Odrodzenie' im. Klary Jelskiej w Zakopanem, KRS 0000007565, since 2024-09-13, currently held) is an explicit Rada Społeczna seat, confirmed both in krs_lookup.json and independently against the live KRS extract fetched 2026-09-05 - the category koryta.pl deliberately excludes, even though the post is genuinely current.","verdict=skip || TEZA: A twice-elected PiS local councillor near Zakopane has exactly one company post on record, and it is an excluded, unpaid hospital rada spoleczna, leaving no public-company seat to publish against his political record. || UWAGA: Identity is moderate only - live KRS shows a Władysław F**** matching name/PESEL prefix and the hospital's Zakopane location matches his candidacy area, but no independent press corroboration was found (web-search budget exhausted before a targeted check of his council seat could be run). Before any future revisit, verify via press/BIP that the 2010 and 2024 WYBRANY wins correspond to a genuine council seat for this same Władysław Filar, and confirm there is no other company post attached to him elsewhere in KRS."
67,Piotr Zygmunt Machaj,publish,"Sitting wójt of Gmina Zgorzelec (rural commune), serving the 2024-2029 term after winning reelection with 1,968 votes (57.88%) from KWW Ponad Podziałami (PKW-deklaracja: nie należy do partii politycznej). Confirmed WYBRANY also in 2018 and 2010; koryta's kandydatury field traces an earlier career back to 1994 as gmina radny, wiceprzewodniczący rady gminy from 2002, then zastępca wójta - but carries no WYBRANY tag for 2014, so the precise year he first became wójt, and the exact count of reelections, is not documented (treat 'wójt since ~2014' as inference, not fact). In 2002 he ran on the Koalicyjny KW SLD-UP list (partia: SLD). | ZRODLO: https://www.portalsamorzadowy.pl/osoba/piotr-machaj,101257.html; https://samorzad2024.pkw.gov.pl/samorzad2024/pl/wbp/kandydat/3355304; pl.wikipedia.org/wiki/Gmina_Zgorzelec ('Wójt: Piotr Machaj'); koryta kandydatury field.","3 posady total, all now ended, none currently held. All three are genuine rada nadzorcza seats (not rada spoleczna) at publicly owned companies: PWiK 'Nysa' (2002-2003), Miejskie Przedsiębiorstwo Gospodarki Komunalnej (2004-2007), and Centrum Sportowo Rekreacyjne (2019-2024) - the last confirmed via live KRS pull to be owned by Gmina Miejska Zgorzelec (the neighboring town), not by the rural Gmina Zgorzelec he heads, so it should not be framed as self-patronage.","verdict=publish || TEZA: Piotr Zygmunt Machaj is the sitting, just-reelected (2024-2029, 57.88%) wójt of Gmina Zgorzelec, on top of a three-decade local-government career and three now-ended public-company supervisory seats. || UWAGA: A verifier checked this independently and did not find grounds to kill it, but flagged two wording fixes now folded into the connection above: soften 'twice-reelected...since roughly 2014' since koryta's own kandydatury field carries no 2014 WYBRANY tag; and keep the caution that the Centrum Sportowo Rekreacyjne board seat belongs to the neighboring town's gmina, independently confirmed via live KRS ownership data - do not imply he appointed himself from his own commune."
68,Wiesława Krawczyk,publish,"Four-term radna Sejmiku Województwa Mazowieckiego on the PSL list (candidacies tagged partia: PSL in 2002, 2006, 2010-WYBRANY, 2014, 2018), including a term as wiceprzewodnicząca sejmiku in the 4th kadencja; ran on the KKW Trzecia Droga PSL-PL2050 list in 2024. Re-entered the sejmik in November 2023 via list-succession, taking the seat vacated by Mirosław Orliński after he won a Sejm mandate - but only for the remainder of the outgoing 2018-2023 (VI) term. She is NOT a sitting radna today: the verifier checked mazovia.pl's live VII-kadencja (2024-2029) roster and found her absent from it, present only on the closed VI-kadencja page. | ZRODLO: https://www.tvciechanow.pl/wieslawa-krawczyk-oficjalnie-radna-sejmiku-wojewodztwa-mazowieckiego/ (direct quote from her confirming the Orliński succession, 'radna 4 kadencji... do 2018 r.'); https://www.infoprzasnysz.com/wieslawa-krawczyk-oficjalnie-radna-sejmiku-wojewodztwa-mazowieckiego/ (PSL list 2, 2018-succession mechanism - does NOT state a '5,434 votes' figure, contra an earlier draft); https://mazovia.pl/pl/bip/sejmik/radni-wojewodztwa/krawczyk-wieslawa.html (BIP, 'od XI 2023 r. - mandat po A. Orlińskim', a BIP-side initial inconsistency against the press-confirmed 'Mirosław'); live KRS OdpisAktualny for KRS 0000336825, pulled 2026-09-05; koryta kandydatury field.","4 posady total. 2 of 4 are rada spoleczna - Specjalistyczny Szpital Wojewódzki w Ciechanowie (2019-2021) and Międzyleski Szpital Specjalistyczny w Warszawie (2012-2016) - and are excluded, not genuine trough seats. The other 2 are real rada nadzorcza and publicly owned: Instytucja Filmowa 'Max-Film' SA (2022, ended 2024-03-14) and Mazowiecki Szpital Wojewódzki w Siedlcach (a sp. z o.o., since 2024-07-08, still current - confirmed live via KRS API on 2026-09-05).","verdict=publish || TEZA: Wiesława Krawczyk, a four-term PSL regional-assembly councillor (most recently reseated by succession Nov 2023-Apr 2024) who was rotated through four Mazowieckie hospital/cultural-institution boards over 12 years, holds a currently open rada nadzorcza seat at the Siedlce voivodeship hospital. || UWAGA: A verifier checked this independently and did not find grounds to kill it, but required two corrections folded into the connection above: drop the '5,434 votes' figure (not present in the cited article), and do not describe her as a currently sitting sejmik radna - she is confirmed absent from the live 2024-2029 roster, a former officeholder only. Identity is solid but not airtight: the live-KRS board member is only initialed, matched via surname/first-name/PESEL-decade/region/party convergence rather than a spelled-out name."
69,Czesław Alfred Kwaśniak,publish,"Coordinator of ZChR's (Zjednoczenie Chrześcijańskich Rodzin) structure-building effort and 'jedynka' (list leader) for Konfederacja in the Tarnów Sejm district in 2019 (PKW-deklaracja: członek partii politycznej Zjednoczenie Chrześcijańskich Rodzin); earlier a Sejmik Małopolskie radny from 1998 (AWS, later LPR); a 2024 local candidate on the KKW Trzecia Droga PSL-PL2050 list; and since June 2024 a member (wiceprzewodniczący per rejestr.io's reading of the EGM resolution - unconfirmed directly in the KRS filing itself, which carries no internal-title field) of the Rada Nadzorcza of AMW TBS 'Kwatera', a company supervised by the Ministry of Defence, which PSL leader Władysław Kosiniak-Kamysz heads. A claim that he lost his sejmik mandate in 2005 over a drunk-driving conviction could not be substantiated - the verifier opened the source article itself and found it exists only in anonymous reader comments below it, not in the reporting, with no corroboration found elsewhere, so it is dropped here. | ZRODLO: https://archiwum.informatorbrzeski.pl/czeslaw-kwasniak-liderem-listy-konfederacji-w-okregu-tarnowskim/ ('W nadchodzących wyborach do parlamentu mam zaszczyt być liderem listy Konfederacji w okręgu tarnowskim'); https://kt24.pl/czeslaw-kwasniak-jedynka-do-sejmu/ (AWS sejmik seat 1998, later LPR); rejestr.io powiazania page for KRS 0000140528 (EGM resolution date ~4 June 2024 - page later returned 403 on recheck); live KRS OdpisAktualny for KRS 0000140528, pulled 2026-09-05; koryta kandydatury field, 2019 Sejm row.","8 posady total; 7 have ended (2003-2024). Only 1 is currently open: AMW TBS 'Kwatera' (since 2024-06-19), a real rada nadzorcza seat (not rada spoleczna) at a genuinely publicly owned company (Ministry of Defence / AMW group) - confirmed both by the rejestr.io corporate-action record and by a live KRS API pull on 2026-09-05.","verdict=publish || TEZA: A former sejmik councillor and structure-building coordinator for two fringe right-wing parties (ZChR, then Konfederacja's 2019 Sejm list) landed on the supervisory board of a Ministry of Defence-supervised state company two months after his own 2024 local candidacy for the PSL-led Trzecia Droga. || UWAGA: A verifier checked this independently and did not find grounds to kill it, but required dropping the unsourced 2005 DUI/mandate-loss claim (reader-comment-only) and softening 'krajowy koordynator' (national) to plain 'koordynator budowy struktur ZChR', since neither source uses 'krajowy' - both changes are folded into the connection above. The AMW-patronage framing is a documented general pattern (Polsatnews/Interia reporting on PSL appointees across the AMW group), not an article naming him individually - stated here as 'consistent with', not 'reported as part of'."
70,Bogdan Marek Pęk,publish,"Sitting radny Sejmiku Województwa Małopolskiego for PiS, 2024-2029 term (okręg 2, 18,529 votes, 9.87%); poseł na Sejm II-IV kadencji (1993-2004); MEP for the VI kadencja (2004-2009); senator for the VIII kadencja (2011-2015, PiS); party path ZSL/PSL (1984-2002) then LPR (2002-2005) then Forum Polskie/Naprzód Polska (2008-2010) then PiS (from Nov 2010); father of Marek Pęk, Senate vice-marshal - a relationship stated explicitly by tvn24, not merely a shared surname. | ZRODLO: https://www.portalsamorzadowy.pl/osoba/bogdan-pek,12870.html (sejmik 2024-2029, okręg 2, 18,529 votes; earlier sejmik terms 1998-2001, 2010, 2018; Sejm II-IV; Senat 2011; PE 2004-2009); pl.wikipedia.org/wiki/Bogdan_Pęk (full party history, born 8 April 1953 Kraków); https://www.senat.gov.pl/sklad/senatorowie/senator,40,8,bogdan-pek.html; https://tvn24.pl/polska/marek-pek-wicemarszalkiem-senatu-to-syn-bogdana-peka-ra947722-ls2289478 ('Marek Pęk to syn... Bogdana Pęka'); live KRS OdpisAktualny for KRS 0000280873, pulled 2026-09-05.","5 posady total. 2 of 5 (Krakowski Szpital Specjalistyczny im. Św. Jana Pawła II, Małopolski Szpital Ortopedyczno-Rehabilitacyjny) are rada spoleczna and excluded. Bank Pocztowy (2016-2017, ended) is in fact genuinely publicly owned (jointly held by Poczta Polska and PKO BP, both state-controlled) rather than 'prywatna/nieznana' as first drafted - a verifier correction that doesn't change the count materially since the post ended nearly a decade ago. The 2 load-bearing posts are real rada nadzorcza seats: Zakład Wodociągów i Kanalizacji (2022-2026, now ended) and Szpital Miejski w Rabce-Zdroju (a sp. z o.o. wholly owned by Gmina Rabka-Zdrój, since 2026-04-23, still current - confirmed live via KRS on 2026-09-05).","verdict=publish || TEZA: A nationally prominent career PiS politician - ex-MP, ex-MEP, ex-senator, and currently a sitting Małopolskie sejmik radny - picked up a fresh public hospital board seat in April 2026, two years into his current sejmik term. || UWAGA: A verifier checked this independently and did not find grounds to kill it; the only correction is an accounting fix folded into the post field above (Bank Pocztowy counts as publicly owned, not private/unknown), which is not load-bearing. Identity is very strong: this is a nationally known figure whose full record (Wikipedia, Senate site, portalsamorzadowy) matches exactly."
71,Janusz Stefan Mękarski,publish,"Wiceprzewodniczący zarządu (vice-chairman) of Koalicja Obywatelska's Bełchatów city board since the 18-19 February 2026 reorganization - a current, named party office; earlier chairman of PO's Bełchatów miejskie koło (reconfirmed in office 2010) and wiceprezydent (deputy mayor) of Bełchatów, rising by 2015 to chairman of PO's powiat (county) board; koryta's kandydatury field also tags him WYBRANY as a PO radny in 2010, though that specific election result could not be independently re-verified this session (WebSearch budget exhausted) - not load-bearing given the rest of the record. | ZRODLO: https://ddbelchatow.pl/wydarzenia/polityczne-przetasowania-w-belchatowie-dyrektor-z-kopalni-na-czele-koalicji-obywatelskiej/QwXaArHOCzLGB7x5jmAl ('Na wiceprzewodniczących zostali mianowani również starosta bełchatowski Jacek Zatorski oraz Janusz Mękarski'); https://belchatow.naszemiasto.pl/w-belchatowie-platforma-wybrala-szefow/ar/c1-340834 (2010-03-09, 'Przewodniczącym został ponownie Janusz Mękarski (wiceprezydent Bełchatowa)'); https://belchatow.naszemiasto.pl/belchatow-platforma-obywatelska-z-nowym-zarzadem-kola/ar/c1-3319753 (2015-03-19, 'były wiceprezydent Bełchatowa i przewodniczący zarządu powiatu PO'); live KRS OdpisAktualny for KRS 0000302235 and KRS 0000211991, both pulled 2026-09-05.","4 posady total. 1 is rada spoleczna (Szpital Wojewódzki im. Jana Pawła II w Bełchatowie, 2012-2017, historical, excluded). 2 are currently open ('nadal') and confirmed live via KRS API on 2026-09-05: Przedsiębiorstwo Komunikacji Samochodowej w Bełchatowie (real rada nadzorcza, 100% owned by Powiat Bełchatowski, since 2024-11-22) and ELMEN (a Zarząd seat - Wiceprezes Zarządu, an executive rather than merely supervisory post - wholly owned by the state-controlled PGE group, since 2025-04-25). A fourth, past Zarząd seat at Zakład Wodociągów i Kanalizacji 'Wod.-Kan.' ran 2005-2008.","verdict=publish || TEZA: A currently sitting vice-chairman of Koalicja Obywatelska's Bełchatów city board and former deputy mayor of the town now sits concurrently on a supervisory board and an executive management board of two publicly owned Bełchatów-area companies. || UWAGA: A verifier checked this independently and did not find grounds to kill it - confirmed the Feb-2026 KO vice-chairmanship, both current company posts by live KRS pull and direct ownership check (Powiat Bełchatowski for PKS, the PGE group for ELMEN), and the rada spoleczna exclusion. One open item, not load-bearing: the 2010 PO 'WYBRANY' councillor election could not be independently re-verified this session (WebSearch budget exhausted)."
72,Bogdan Józef Mielnik,skip,"Candidacy-only, and thin: 2002 Samorząd candidacy on Koalicyjny KW Sojusz Lewicy Demokratycznej - Unia Pracy (SLD-UP) list, tagged partia: SLD, unelected - the PKW's own archived 2002 Bogatynia results page does not list him among the winners. Two further candidacies, 1998 Blok Wyborczy 'Wspólnota Samorządowa' and 2010 KWW 'Wspólny Powiat 2010+', carry no party tag and no WYBRANY flag either. | ZRODLO: koryta record's own kandydatury field (2002/1998/2010 rows); wybory2002.pkw.gov.pl/grada/gw1/w02/p0225/g022503/index.html (2002 Rada Gminy Bogatynia results page, fetched - no Mielnik among elected candidates); rejestr.io/krs/46613/bogatynskie-wodociagi-i-oczyszczalnia (company profile, no bio detail found).","One post total: Rada Nadzorcza @ Bogatyńskie Wodociągi i Oczyszczalnia S.A. (KRS 0000046613), genuinely a rada_nadzorcza per krs_lookup (not a rada_spoleczna trough post), but it ran only 2005-02-14 to 2007-01-03 - under two years, ended almost 19 years ago - and it is his only company post of any kind.","verdict=skip || TEZA: A thin, unelected 2002 SLD-ticket candidacy paired with a genuine but two-decade-defunct supervisory seat gives nothing to build a page on. || UWAGA: Identity check is weak - the join rests entirely on the pipeline's own name+birth-year match, with no press or BIP source naming this Bogdan (Józef) Mielnik alongside either the KRS seat or the candidacy; the only external hits for the full name are an unrelated Mexico-based physicist (1936-2019). Do not publish without confirming the two records are the same person."
73,Marcin Podsędek,ODRZUCONE,"Currently Wiceprzewodniczący Sejmiku Województwa Mazowieckiego (Vice-Chair of the Mazovian regional assembly), elected 2024 on the KKW Koalicja Obywatelska list with 36,425 votes (7.47%) in okręg 7, and an explicit PKW-deklaracja of PO party membership - both independently confirmed by his own official bio and by portalsamorzadowy.pl. Also ran for European Parliament in 2024 on the KO list with a declared 'członek partii politycznej: Platforma Obywatelska RP'. | ZRODLO: bip.mazovia.pl/pl/samorzad/sejmik/prezydium-sejmiku/wiceprzewodniczacy-sejmiku-wojewodztwa-mazowieckiego-warcin-podsedek.html; portalsamorzadowy.pl/osoba/marcin-podsedek,1799.html; e-sochaczew.pl/artykul/marcin-podsedek-z-mandatem/1237565; koryta record's kandydatury field; live KRS OdpisAktualny for KRS 0000019230 (api-krs.ms.gov.pl, stanZDnia 12.08.2026).","5 posady entries logged. One current and central to the original thesis: Zarząd @ TBS Warszawa Północ Sp. z o.o. (KRS 0000019230, city-owned housing company) since 2019-06-06 - but this is exactly the seat the verifier could not independently confirm belongs to this person (see UWAGA). Two hospital rada społeczna seats, correctly excluded as trough posts: Mazowieckie Centrum Leczenia Chorób Płuc i Gruźlicy (KRS 0000080790) since 2026-07-30, and SZPZOZ Dzieci Warszawy w Dziekanowie Leśnym (KRS 0000072265) since 2022-01-14 - his own official bio independently confirms the latter is a 'Social Council'. Two ended supervisory seats: Mazowieckie Specjalistyczne Centrum Zdrowia (rada_spoleczna, 2020-2023) and ZWiK Łomianki (genuine rada_nadzorcza, 2022-2025).","verdict=ODRZUCONE || TEZA: A sitting PO vice-chair of the Mazovian regional assembly also draws a paid Zarząd seat at a Warsaw-city housing company, on top of two excluded hospital rada społeczna seats. || UWAGA: VERIFIER REFUTED - the elected-office and PO-membership connection holds up (confirmed independently via bip.mazovia.pl and portalsamorzadowy.pl), but the one post that would make this a koryta story, the TBS Warszawa Północ Zarząd seat, has no confirmed identity link beyond a redacted-name/PESEL-decade match in a live KRS pull ('P*******'/'M*****', PESEL starting '8'); his own official bio - which does list his lesser posts including the Dziekanów Leśny rada społeczna seat - says nothing about a TBS Warszawa Północ directorship. Despite a real search effort (rejestr.io, tbswp.pl, aleo.com, KRS-online, BIP oświadczenia listing, search engines - all 403/404/blocked), no named source ties this specific Marcin Podsędek to the seat. Both hospital rada społeczna seats are correctly excluded (trap 1); with the TBS seat unconfirmed, he has no current confirmed post at a public company at all under koryta's own standard. Hold pending an oświadczenie majątkowe or a TBS/press item naming him in full."
74,Błażej Konkol,publish,"Wójt Gminy Trąbki Wielkie for 25 years (1999-2024; WYBRANY flagged on the 2002, 2010 and 2018 kandydatury rows) and president of the Zrzeszenie Gmin Pomorskich since 2005; lost re-election in April 2024 - then, within weeks, was appointed to the board of a Treasury-linked regional development company, and two years later to the board of a major state port company. His 2024 PKW declaration states 'nie należy do partii politycznej' (no party); a 25-year-old 2001 Sejm candidacy carries a PKW-deklaracja of 'członek RS AWS' (Ruch Społeczny wing of AWS) - a minor historical trace, not the main story. | ZRODLO: portgdansk.pl/wydarzenia/blazej-konkol-wiceprezesem-ds-infrastruktury-zarzadu-morskiego-portu-gdansk-s-a/; radiogdansk.pl (2026-04-03); gospodarkamorska.pl/blazej-konkol-nowym-wiceprezesem-ds-infrastruktury-portu-gdansk-91679; rynekinfrastruktury.pl/wiadomosci/intermodal-i-logistyka/blazej-konkol-w-zarzadzie-portu-gdansk-99469.html; zawszepomorze.pl/artykul/25877; strefa.gda.pl (2024 PSSE appointment notice); portalsamorzadowy.pl/farmer.pl (2024 election-loss result); live KRS OdpisAktualny for KRS 0000040398 and KRS 0000033744 (api-krs.ms.gov.pl); koryta kandydatury field.","2 posady entries, both executive Zarząd seats (the rada-spoleczna exclusion does not apply - these are not supervisory boards). Zarząd @ Pomorska Specjalna Strefa Ekonomiczna (KRS 0000033744) 2024-11-20 to 2026-04-24 - ended, confirmed via a live KRS pull (no longer listed as of 2026-07-13) and press reports of his 2026-04-12 resignation. Zarząd @ Zarząd Morskiego Portu Gdańsk (KRS 0000040398) since 2026-04-24 - CURRENT, confirmed via live KRS pull (2026-07-10, listed as WICEPREZES ZARZĄDU) and named in full across six independent press outlets.","verdict=publish || TEZA: Trąbki Wielkie's wójt for 25 years landed on the board of a state economic zone within weeks of losing re-election, then eighteen months later on the board of the Port of Gdańsk. || UWAGA: A verifier checked this independently via a fresh live KRS pull and press re-fetch and did not find grounds to kill it - identity, currency, public ownership and the underlying WYBRANY election wins all confirmed; not refuted. Frame as the elected-office-to-state-board pipeline, not partisan patronage, since he currently declares no party. Reconcile the ~6-month gap between the press-reported PSSE appointment (May 2024) and koryta's posady start date (2024-11-20), and note the exact '39.29%' 2024 vote-share figure is press-reported/unverified rather than KRS-confirmed."
75,Henryk Stanisław Matej,skip,"Elected-office, and a strong one for context, but excluded from the page for a different reason. Starosta Zamojski (PSL) 1998-2018 (20 years); Burmistrz Szczebrzeszyna (PSL) 2018-2024, WYBRANY on the 2018 kandydatury row (KWW Henryka Mateja, PKW-deklaracja: PSL); lost re-election in 2024 to Rafał Kowalik. | ZRODLO: kronikatygodnia.pl/wiadomosci/12724; tygodnikzamojski.pl/artykul/93866; radio.lublin.pl/2024/04; szczebrzeszyn.info/aktualnosci/?p=15848; WebSearch results establishing the 1998-2018 Starosta Zamojski tenure; koryta record's kandydatury field.","1 posady entry total, and it is excluded: Rada Nadzorcza (label) @ Samodzielny Publiczny Zespół Opieki Zdrowotnej w Szczebrzeszynie (KRS 0000008301) since 2019-08-30 nadal is, per krs_lookup.json, actually a rada_spoleczna (SPZOZ hospital social council) - a trough-post exclusion, not a genuine supervisory board seat - and it is his only company post of any kind. After the correct exclusion he has zero countable posts.","verdict=skip || TEZA: A 26-year PSL local-government veteran (starosta then burmistrz) whose only referenced company post is an excluded, unpaid hospital rada społeczna seat - no page to build. || UWAGA: Identity is strong (extensively named across four independent outlets over a 26-year career, no namesake risk); this is a clean skip on the site's own rules, not a factual weakness - revisit only if he later takes a genuine non-rada-spoleczna board seat."
76,Maciej Żmuda,skip,"Working-relationship and candidacy record, strong for context but excluded from the page for a different reason. Currently a Kraków city councilor (Klub Radnych Koalicja Obywatelska, okręg 2), seated via a Komisarz Wyborczy substitution decision after 2024 rather than a direct win (consistent with no WYBRANY flag on that row); PO candidate for Sejm in 2015 (Kraków II) and for city council in 2014 and 2024; per his 2015 candidacy profile he had worked in the parliamentary office of PO MP Katarzyna Matusik-Lipiec and was director of PO's Małopolska regional office. | ZRODLO: bip.krakow.pl/?dok_id=197965; wnp.pl/parlamentarny/sejm-2015/okw-13-krakow-ii,14/kw-platforma-obywatelska-rp,5/maciej-zmuda,3148.html; koryta record's kandydatury field (2015 Sejm, 2014 and 2024 Samorząd rows, all partia: PO).","1 posady entry total, and it is excluded: Rada Nadzorcza (label) @ Wojewódzka Przychodnia Stomatologiczna im. dr. n. med. Zbigniewa Żaka w Krakowie (KRS 0000002532) since 2025-11-17 nadal is, per krs_lookup.json, actually a rada_spoleczna - a trough-post exclusion - and it is his only company post. After the correct exclusion he has zero countable posts.","verdict=skip || TEZA: A former PO regional-office director turned Kraków city councilor whose only referenced company post is an excluded hospital rada społeczna seat - no page to build. || UWAGA: Identity is solid (consistent named biography from the 2015 Sejm profile through to the current bip.krakow.pl councilor page), though the specific link to the dental-clinic rada społeczna seat was found only in the koryta record, not independently in press. Clean skip on the site's own rules; revisit only if he is later appointed to a genuine board."
77,Tomasz Araszkiewicz,publish,"Radny Rady Miasta Siedlce, dwukrotnie WYBRANY - w 2010 z listy KW Platforma Obywatelska RP i w 2024 z listy KWW Bezpartyjne Siedlce Koalicja Obywatelska (1434 glosy, 21,51%, okreg 3), zasiadajacy w kadencjach 2018-2023 i 2024-2029. PKW-deklaracje 2023 (Sejm) i 2024 (Parlament Europejski) wprost wskazuja go jako czlonka Platformy Obywatelskiej RP. Zawodowo pedagog (33 lata pracy), wicedyrektor szkoly i trener koszykowki z MBA w zarzadzaniu ochrona zdrowia - kompetencje niezwiazane wprost z zarzadzaniem szpitalem. Klaster: w tej samej spolce, na tym samym KRS, zasiadali/zasiadaja tez inni politycznie umocowani czlonkowie z tej samej kohorty - Pawel Sroda (PO, RN 2019-06-07-2021-10-13) i Wieslawa Krawczyk (PSL/Polska 2050, RN od 2024-07-08 nadal), co wskazuje na trwaly, wielopartyjny podzial miejsc w organach spolki. | ZRODLO: https://siedlce.esesja.pl/radny/150116/tomaszaaraszkiewicz.htm; https://www.portalsamorzadowy.pl/osoba/tomasz-araszkiewicz,90991.html (stwierdza wprost obie funkcje tej samej osoby - radnego i czlonka zarzadu szpitala); zywy odpis KRS OdpisAktualny 0000336825 (rejestr P, queried 2026-09-05); koryta kandydatury field; next_hundred.json cross-check n=43 Pawel Sroda i n=68 Wieslawa Krawczyk (ten sam KRS 336825).","Jedna posada, aktualna: Czlonek Zarzadu (nie rada nadzorcza/spoleczna, prawdziwe stanowisko wykonawcze) Mazowieckiego Szpitala Wojewodzkiego im. sw. Jana Pawla II w Siedlcach (KRS 336825, is_public_raw=true), od 2022-01-19, potwierdzona jako nadal aktualna zywym odpisem KRS z 2026-09-05. Plus elekcyjny mandat radnego miejskiego.","verdict=publish || TEZA: Tomasz Araszkiewicz, wieloletni radny PO w Siedlcach, zasiada w zarzadzie miejskiego szpitala wojewodzkiego mimo zawodowego profilu pedagoga i trenera koszykowki, na tle wielopartyjnie obsadzonej rady tej samej spolki (PO, PSL/Polska 2050). || UWAGA: tozsamosc potwierdzona niezaleznie dwoma zrodlami (esesja.pl, portalsamorzadowy.pl - to drugie wprost laczy obie funkcje tej samej nazwanej osoby) plus maskowanymi inicjalami w zywym KRS; weryfikator sprawdzil niezaleznie i nie znalazl podstaw do odrzucenia, potwierdzajac takze klaster (Sroda, Krawczyk). Uwaga administracyjna: weryfikator ustalil, ze ten rekord w rzeczywistosci figuruje pod n=77 w next_hundred.json, nie n=70 (n=70 w tym pliku to inna osoba, Bogdan Marek Pek) - to pomylka w etykietowaniu, nie problem tozsamosci."
78,Jerzy Stachyra,skip,"Byly szef struktur PiS w Bogatyni i kandydat PiS do Sejmu (2011, 2015), nastepnie zwiazany z Koalicja Obywatelska/PO - WYBRANY w 2024 do rady powiatu z listy KKW Koalicja Obywatelska (drugi raz wybrany, po 2010 z listy PiS). Barwna, dwukrotnie skuteczna kariera wyborcza, ale bez waznego stanowiska w spolce publicznej - jedyny wpis posady to organ nieodplatny. | ZRODLO: koryta posady/kandydatury fields; zywy odpis KRS OdpisAktualny 0000056231 (rejestr S, queried 2026-09-05, potwierdza organ 'RADA SPOLECZNA' i obecnosc Stachyry w skladzie); krs_lookup.json wpis dla 0000056231 (supervisory_organ: rada_spoleczna); WebSearch trafienie na bogatynia.org.pl 'Stachyra i Zawada w zarzadzie okregu PiS' - link dzis przekierowuje na przejeta, niepowiazana domene (404), NIEZWERYFIKOWANE niezaleznie; next_hundred.json cross-check n=91 Wojciech Dobrolowicz (ten sam KRS 056231, ta sama data startu 2026-08-04).","Jedna posada total, formalnie podpisana jako 'Rada Nadzorcza' SPZOZ w Bogatyni (KRS 056231) od 2026-08-04 nadal - ale zywy odpis KRS potwierdza, ze organ to Rada Spoleczna, organ nieodplatny celowo wykluczony przez serwis. 0 waznych posad.","verdict=skip || TEZA: Jerzy Stachyra, byly lokalny lider PiS w Bogatyni ktory przeszedl do KO i dwukrotnie wygrywal wybory, zasiada wylacznie w nieodplatnej radzie spolecznej miejscowego SPZOZ - organie wykluczonym przez serwis - wiec mimo realnej kariery politycznej nie ma tu 'koryta' do opisania. || UWAGA: skip wynika z pulapki rady spolecznej, nie ze slabosci sladu politycznego - gdyby dane posady zostaly pozniej uzupelnione o prawdziwe miejsce w spolce, warto wrocic. Twierdzenie o kierowaniu zarzadem okregu PiS pozostaje niezweryfikowane (zrodlowa domena przejeta). Klaster: ta sama rada spoleczna, obsadzona tego samego dnia (2026-08-04), obejmuje tez Wojciecha Dobrolowicza (PiS) - rutynowe, wielopartyjne obsadzenie, nie pojedyncza afera."
79,Julian Jokś,skip,"20-letni burmistrz Krotoszyna z ramienia PSL (do ok. 2010), potem radny Sejmiku Wojewodztwa Wielkopolskiego (WYBRANY 2010, PSL), mandatu nie odnowil w 2014. PKW-deklaracja 2001: czlonek PSL. Polityk emerytowany od ok. 2016 wedlug wlasnych slow ('jestem teraz dziadkiem na pelen etat, mam trzy wnuczki'), bez aktualnego waznego stanowiska w spolce publicznej. | ZRODLO: https://www.krotoszynska.pl/wiadomosci/krotoszyn-co-dzis-robi-julian-joks/VQhb3nKXYkOLMcY2wSAs (2021-10-10); https://arch.krotoszyn.pl/krotoszyn/aktualnosc-10683-julian_joks_tryumfalnie_wkracza_do.html; zywy odpis KRS OdpisAktualny 0000002648 (rejestr S, queried 2026-09-05, potwierdza aktualna Rade Spoleczna z Joksiem w skladzie); krs_lookup.json wpisy dla 0000002648 i 0000069153; koryta kandydatury field.","Trzy posady total: (1) Zarzad Zwiazku Miast Polskich (KRS 069153, stowarzyszenie, publiczna wg korekty hardcoded-bug) 2007-2011, wygasla; (2) tam samo, w rzeczywistosci Komisja Rewizyjna (blednie podpisana 'Rada Nadzorcza') 2011-2016, wygasla; (3) Rada Spoleczna (blednie podpisana 'Rada Nadzorcza') Poznanskiego Osrodka Zdrowia Psychicznego (KRS 002648) od 2021-01-28 nadal, potwierdzona zywym KRS jako genuinie aktualna, ale wykluczona jako organ nieodplatny. 0 waznych aktualnych posad.","verdict=skip || TEZA: Julian Jokś, dwudziestoletni burmistrz Krotoszyna z ramienia PSL, jest od dekady emerytem politycznym, a jedyne aktualne miejsce w spolce publicznej to wykluczona rada spoleczna poznanskiego szpitala psychiatrycznego. || UWAGA: skip laczy pulapke rady spolecznej z faktyczna emerytura polityczna od ok. 2016 (potwierdzona jego wlasnym cytatem prasowym) - warto wrocic tylko gdyby zostal ponownie powolany gdziekolwiek z realnymi obowiazkami, czego nie znaleziono na wrzesien 2026."
80,Ewa Zdrojewska,publish,"Dzialaczka Stowarzyszenia 'Bezpartyjni Samorzadowcy' od jego zalozenia w 2014, kiedy przejela mandat w Sejmiku Wojewodztwa Dolnoslaskiego po Pawle Kukizu (ktory wygral mandat poselski); opuscila klub BS ok. polowy 2016, ale nadal wielokrotnie kandydowala z ramienia BS (2018 samorzad, 2019 i 2023 Sejm, 2024 samorzad). Zasiada w radach nadzorczych spolek wojewodzkich obsadzanych przez zarzad wojewodztwa dolnoslaskiego, w ktorym BS wspolrzadzi od 2018 (marszalek Cezary Przybylski, BS). | ZRODLO: https://pl.wikipedia.org/wiki/Bezpartyjni_Samorz%C4%85dowcy; https://www.wnp.pl/polityka-i-sondaze/osoba/ewa-zdrojewska,50824.html; zywy odpis KRS OdpisAktualny 0000128228 (rejestr P, queried 2026-09-05, potwierdza aktualna RN oraz dzial 1: Wojewodztwo Dolnoslaskie, 119 074 udzialow, 100% kapitalu = 59 537 000 zl); koryta posady/kandydatury fields.","Dwie posady total: RN Wroclawskiej Agencji Rozwoju Regionalnego S.A. (KRS 055657, publiczna wg korekty hardcoded-bug) 2019-03-28 do 2020-04-16, wygasla, prawdziwa RN; RN Sanatoria Dolnoslaskie sp. z o.o. (KRS 128228, is_public_raw=true, w 100% wlasnosc Wojewodztwa Dolnoslaskiego) od 2020-03-11 nadal, potwierdzona genuinie aktualna zywym KRS z 2026-09-05, prawdziwa Rada Nadzorcza (nie rada spoleczna). 1 wazna aktualna posada + 1 wazna wygasla.","verdict=publish || TEZA: Ewa Zdrojewska, zalozycielska dzialaczka Bezpartyjnych Samorzadowcow ktora przejela mandat sejmikowy po Pawle Kukizu i wielokrotnie kandydowala z ramienia BS, zasiada w radzie nadzorczej Sanatoriow Dolnoslaskich - spolki nalezacej w 100% do regionu, ktorym BS wspolrzadzi od 2018 roku. || UWAGA: weryfikator sprawdzil niezaleznie, refuted=false - tozsamosc potwierdzona maskowanymi inicjalami w zywym KRS pasujacymi do dlugosci nazwiska/imienia plus PESEL-em zgodnym z rokiem urodzenia; zaden pojedynczy artykul nie nazywa jej wprost nominatka BS do tej konkretnej rady - mechanizm powolania jest wywnioskowany z jej dlugoletniej roli w BS i wspolrzadzenia regionem przez to stowarzyszenie, nie z jednego cytatu - warto przed publikacja sprawdzic uchwale zarzadu wojewodztwa/BIP o powolaniu RN. Uwaga administracyjna: weryfikator ustalil, ze ten rekord w rzeczywistosci figuruje pod n=80 w next_hundred.json, nie n=73 (n=73 tam to inna osoba, Marcin Podsedek) - pomylka w etykietowaniu, nie problem tozsamosci."
81,Krzysztof Bałdyga,maybe,"Wieloletni szef struktur PSL w Ostrolece / Prezes Zarzadu Miejskiego PSL (2010, potwierdzone tez ok. 2012-13 jako 'szef ostroleckiego PSL, czlonek ZW PSL'), lider listy PSL do Rady Miasta Ostroleki 2018. PKW-deklaracja 2011: czlonek PSL. Nigdy nie oznaczony WYBRANY w kandydaturach - to zwiazek partyjny (party-office), nie mandat elekcyjny. | ZRODLO: http://www.terazkmy.pl/artykul/zielona-koniczyna-oplata-publiczne-posadki (przedruk sledztwa Pulsu Biznesu, ~2012-13); http://www.eostroleka.pl/psl-zatwierdzilo-kandydata-na-prezydenta-ostroleki-oraz-listy-kandydatow-do-rady-miasta,art20461.html (2010-09-14); https://www.eostroleka.pl/oto-kandydaci-psl-do-rady-miasta-w-ostrolece,art68202.html (2018-09-20); zywe odpisy KRS OdpisAktualny 0000147508 (rejestr S) i 0000052950 (rejestr P), queried 2026-09-05; krs_lookup.json wpisy dla 052950/078731/147508.","Trzy posady total: RN Ostroleckiego TBS (KRS 052950, publiczna, prawdziwa RN) 2019-10-10 do 2022-04-12, wygasla, potwierdzona brakiem Baldygi w aktualnym zywym KRS; Rada Spoleczna (blednie podpisana 'Rada Nadzorcza') SPZOZ Meditrans Ostroleka (KRS 078731) 2019-06-06 do 2023-05-16, wygasla, wykluczona; Rada Spoleczna Mazowieckiego Szpitala Specjalistycznego w Ostrolece (KRS 147508) od 2019-05-21 nadal, potwierdzona genuinie aktualna zywym KRS, ale wykluczona jako organ nieodplatny. 0 waznych aktualnych posad, 1 wazna wygasla (2022).","verdict=maybe || TEZA: Krzysztof Baldyga, wieloletni szef struktur PSL w Ostrolece, zasiadal w radzie nadzorczej miejskiego TBS do 2022 r.; dzis jego jedyne aktywne stanowiska to wykluczone rady spoleczne dwoch szpitali. || UWAGA: tozsamosc solidna (rzadkie nazwisko konsekwentnie wiazane z PSL w Ostrolece), ale cytat o funkcji partyjnej pochodzi sprzed ok. 13 lat (terazkmy.pl/Puls Biznesu, ~2012-13), a jedyne prawdziwe (nie-rada-spoleczna) miejsce w spolce (RN OTBS) wygaslo w 2022 i nie jest aktualne - przed publikacja warto potwierdzic, czy nadal kieruje strukturami PSL w Ostrolece i sprawdzic, czy nie ma nowszego, niewykluczonego stanowiska w spolce publicznej; stad maybe, nie publish."
82,Iwona Gibas,skip,"WYBRANY 2024 Samorzad: radna Sejmiku Wojewodztwa Malopolskiego (PiS), wczesniej wiceprzewodniczaca sejmiku VI kadencji (2018-2024); ok. 15-letnia asystentka, dyrektorka biura poselskiego i szefowa sztabu bylej premier Beaty Szydlo; repeat PiS candidate 2010/2014/2018/2019/2023. Jej dwa posady to szpitalne rady - Malopolski Szpital Chorob Pluc i Rehabilitacji im. E. Wojtyly (KRS 0000030254, SP ZOZ, is_public_raw true) od 2024-11-21-nadal, i Wojewodzki Szpital Okulistyczny w Krakowie (KRS 0000005551, SP ZOZ, is_public_raw true) od 2024-10-30-nadal - obie oznaczone w krs_lookup.json jako rada_spoleczna, nie plataną rada nadzorcza sugerowaną przez etykiete posady, wiec zadna nie liczy sie jako trough post, mimo ze obie nominacje wypadaja tuz po jej porazce w wyborach do Sejmu 2023 i w okolicach reelekcji do sejmiku w 2024. | ZRODLO: https://www.portalsamorzadowy.pl/osoba/iwona-gibas,2793.html; http://www.oswiecimskie24.pl/aktualnosci/krakow-iwona-gibas-wiceprzewodniczaca-sejmiku-wojewodztwa-malopolskiego; https://www.radiokrakow.pl/aktualnosci/aktualnosci/wojciech-skruch-ma-zostac-wiceprzewodniczacym-sejmiku-wojewodztwa-malopolskiego/; http://brzeszcze.pis.org.pl/iwona-gibas/; kandydatury field (WYBRANY 2024); live KRS OdpisAktualny(S) 0000030254 and 0000005551 pulled 2026-09-05.","2 posty w sumie, oba nadal aktualne wg dzisiejszego live KRS pull, oba rada_spoleczna (wykluczone przez trap 1) - zero waznych trough posts.","verdict=skip || TEZA: A PiS regional-assembly member and Beata Szydlo's longtime aide, Iwona Gibas holds two hospital board seats that are both unpaid rady spoleczne, not trough posts. || UWAGA: identity check is strong (today's live KRS pull shows masked officers 'G****'/'I****' on both hospitals' rady, both hospitals in Malopolska, her home sejmik) but that doesn't change the seat type - do not publish on these two posts; her WYBRANY 2024 mandate and Szydlo connection are solid if a genuine paid post surfaces later."
83,Piotr Walkowski,ODRZUCONE,"WYBRANY 2010 Samorzad (PSL) plus repeat PSL Samorzad candidacies 2014/2018, then in 2024 running on his own personal committee (KWW Piotra Walkowskiego) declaring no party membership; sole posady entry Rada Nadzorcza @ Przedsiebiorstwo Uslug Komunalnych sp. z o.o., KRS 0000064456, seated in Gorzyce Wielkie, gmina Ostrow Wielkopolski (confirmed via live KRS pull), is_public_raw true, supervisory_organ=rada_nadzorcza (a genuine paid seat, not rada spoleczna), 2022-11-10 to 2024-08-14 - i.e. the seat ended right as his apparent three-decade local dominance in Ostrow Wielkopolski powiat ended electorally. He was researched as likely being the long-serving national PSL power broker Piotr Walkowski (przewodniczacy Rady Powiatu Ostrowskiego 2006-2009, poseł PSL VI-VIII kadencji, prezes Wielkopolskiej Izby Rolniczej, b. 1963). | ZRODLO: https://pl.wikipedia.org/wiki/Piotr_Walkowski; https://wlkp24.info/piotr-walkowski-przewodniczacym-rady-powiatu-ostrowskiego/; https://wydarzenia.interia.pl/wielkopolskie/news-afera-w-psl-ludowiec-kolejny-raz-poparl-kandydata-pis,nId,7216385; live KRS OdpisAktualny 0000064456 pulled 2026-09-05 (confirms company address: Gorzyce Wielkie, gmina Ostrow Wielkopolski, powiat ostrowski); kandydatury field (WYBRANY 2010).","1 post total, already ended (2024-08-14), sourced as genuinely public and genuinely rada_nadzorcza (not spoleczna) - would have been a valid, if now-closed, trough post had the identity held up.","verdict=ODRZUCONE || TEZA: A PSL power-broker's seat on a gmina utility's supervisory board ran out right when the powiat's 2024 local-government reshuffle hit - the same reshuffle that also cost his party colleague Nosal his starostwo the same year. || UWAGA: VERIFIER REFUTED - Primary facts checked: - next_hundred.json record for n=83 (Piotr Walkowski, id mOVWFc6xuarTFxeBwUbO): posady = ""Rada Nadzorcza @ PRZEDSIĘBIORSTWO USŁUG KOMUNALNYCH (KRS 0000064456, publiczna) 2022-11-10–2024-08-14""; kandydatury = 2010 Samorząd KW PSL WYBRANY; 2014 Samorząd KW PSL (no WYBRANY); 2018 Samorząd KW PSL (no WYBRANY); 2024 Samorząd KWW PIOTRA WALKOWSKIEGO, PKW-deklaracja: nie należy do partii politycznej. - /home/szymon/.cache/koryta/scratch-bridge-cse-01L1v/krs_lookup.json entry for 0000064456: supervisory_organ=""rada_nadzorcza"", is_public_raw=true, likely_public_via_hardcoded_bug=true. - Live KRS pulls (saved at /home/szymon/.cache/koryta/scratch-bridge-cse-01L1v/krs_64456.json and krs_64456_pelny.json): OdpisAktualny (stan 14.07.2026) shows Rada Nadzorcza with 3 members (surnames G***, J***, P***), none named Walkowski, and shareholding ""GMINA OSTRÓW WLKP."" holding all 10,292 udziały (czyPosiadaCaloscUdzialow: true). OdpisPelny lists only entry numbers/dates, no historical officer names — no PESEL/birth-year data recoverable for the departed Walkowski. - https://pl.wikipedia.org/wiki/Piotr_Walkowski (fetched): b. 16 Nov 1963; PSL; radny gminy Ostrów Wlkp. from 1994; radny powiatu ostrowskiego 1998-2009, przewodniczący rady 2006-2009; poseł VI kadencji from 24 June 2009 (replacing A. Grzyb), re-elected VII kadencja 2011 (through 2015, lost re-election 2015), VIII kadencja 2019 (replacing A. Możdżanowska); prezes Wielkopolskiej Izby Rolniczej from 2007; ""Bezskutecznie kandydował do rady powiatu ostrowskiego w 2024."" - https://wlkp24.info/piotr-walkowski-przewodniczacym-rady-powiatu-ostrowskiego/ (fetched, dated 19 Nov 2018): a different, younger Piotr Walkowski becomes przewodniczący Rady Powiatu Ostrowskiego; quote: ""Moimi poprzednikami byli m.in. mój ojciec Piotr Walkowski, a ostatnio Andrzej Leraczyk""; reader comment questioning his age vs. ""ojca."" - https://wydarzenia.interia.pl/wielkopolskie/news-afera-w-psl-ludowiec-kolejny-raz-poparl-kandydata-pis,nId,7216385 (fetched): names the subject ""Piotr Walkowski junior,"" wiceprezes powiatowy PSL i prezes zarządu gminnego PSL w Ostrowie Wielkopolskim, currently przewodniczący rady powiatu ostrowskiego, suspended from PSL for endorsing a PiS Senate candidate. - https://pl.wikipedia.org/wiki/Radny (fetched): confirms Polish law bars simultaneously holding a Sejm/Senate mandate and a radny mandate (niepołączalność, art. 25b pkt 1 / Kodeks wyborczy analog) — used to rule out the father as the 2010 WYBRANY samorzad winner, since he was already a sitting Sejm deputy since June 2009. - WebSearch was unavailable this session (budget exhausted at 200/200 calls before I could use it); all checks above were done via WebFetch and curl to the live KRS API instead."
84,Krzysztof Nosal,publish,"Prezes Zarzadu Powiatowego PSL w Kaliszu (party office, but see UWAGA - disputed by the verifier); starosta kaliski (PSL) 2006-28.05.2024, voted out 9-11 when fellow PSL councillor Jan Klysz took PiS support and the seat instead; WYBRANY 2024 Samorzad (KKW Trzecia Droga PSL-PL2050). Two posady entries: Zarzad @ Stowarzyszenie Aglomeracja Kalisko-Ostrowska (KRS 0000547613, inter-municipal association, likely_public_via_hardcoded_bug true, supervisory_organ=komisja_rewizyjna - a different animal from rada spoleczna, no trap-1 issue), 2015-03-10 to 2024-10-08 (ended); and Zarzad @ Wytwornia Sprzetu Komunikacyjnego 'PZL-KALISZ' S.A. (KRS 0000071223, is_public_raw false but likely_public_via_hardcoded_bug true - a Treasury/ARP-owned defense manufacturer), 2024-08-28-nadal, where he sits as Prezes Zarzadu (top post). Roughly three months after losing the starostwo he was named Prezes Zarzadu of WSK PZL-Kalisz - a clean local-defeat-to-state-company-presidency timing story. | ZRODLO: https://calisia.pl/wsk-w-kaliszu-ma-nowego-prezesa-jaki-bedzie-dalszy-los-zakladu,67919; https://www.wprost.pl/kraj/11706178/nowy-starosta-kaliski-po-prawie-18-latach-politykow-psl-zdradzil-kolegow-na-rzecz-pis.html; https://latarnikkaliski.pl/krzysztof-nosal-prezesem-w-wsk/; https://zyciekalisza.pl/artykul/krzysztof-nosal-byly-n1599408; https://wielkopolska.psl.pl/kalisz/; live KRS OdpisAktualny 0000071223 pulled 2026-09-05.","2 posty; obecny (WSK PZL-Kalisz, Prezes Zarzadu) potwierdzony jako faktycznie aktualny przez dzisiejszy live KRS pull - figuruje jako PREZES ZARZADU (najwyzszy urzad, nie tylko czlonek), przechodzac trap 2. Drugi post (Stowarzyszenie Aglomeracja Kalisko-Ostrowska, Zarzad) juz zakonczony w pazdzierniku 2024, a jego organ nadzorczy to komisja_rewizyjna, nie rada spoleczna, wiec nie podlega wykluczeniu.","verdict=publish || TEZA: Ousted after 18 years as PSL starosta of Kalisz, Krzysztof Nosal lands the top job at a state-owned arms manufacturer roughly three months later. || UWAGA: A verifier checked this independently and did not find grounds to kill it - the ousting, the WSK PZL-Kalisz presidency, PSL membership and post-currency all hold up on primary sources (live KRS shows him as PREZES ZARZADU, masked officer matches by letter count). It did flag that the 'Prezes Zarzadu Powiatowego PSL w Kaliszu' party-office claim is contradicted by a contemporaneous Wprost report (28 May 2024) naming a different person, Krzysztof Grabowski, in that exact role at the time - drop that specific sub-claim before publishing; everything else stands. Also correct the headline's timing to 11 July 2024 (the press-reported takeover date) rather than the 2024-08-28 KRS filing date."
86,Marek Kos,skip,"WYBRANY 2024 Samorzad (KKW Trzecia Droga PSL-PL2050) - radny Sejmiku Wojewodztwa Lubelskiego od 2014; PKW-deklaracja 2019: czlonek Polskiego Stronnictwa Ludowego; served as wiceminister zdrowia (Deputy Minister of Health, drug-policy portfolio) 2024-2025 - one of the most politically documented people in this batch. Sole posady entry: Rada Nadzorcza @ Wojewodzki Szpital Specjalistyczny im. Stefana Kardynala Wyszynskiego SP ZOZ w Lublinie, KRS 0000003717, is_public_raw true, but krs_lookup.json (and live confirmation) marks supervisory_organ=rada_spoleczna - so despite the posady text's 'Rada Nadzorcza' label this is an unpaid social council, not a trough seat, 2020-04-23-nadal. | ZRODLO: https://pl.wikipedia.org/wiki/Marek_Kos; https://www.rynekzdrowia.pl/Polityka-zdrowotna/Wiceminister-zdrowia-Marek-Kos-z-9-tysiacami-glosow-poparcia-Dostal-sie-do-sejmiku,257179,14.html; https://lublin.tvp.pl/75171882/marek-kos-zostal-wiceministrem-zdrowia; https://cowzdrowiu.pl/aktualnosci/post/marek-kos-wiceministrem-odpowiedzialnym-za-polityke-lekowa; kandydatury field (WYBRANY 2024, PKW-deklaracja 2019); live KRS OdpisAktualny(S) 0000003717 pulled 2026-09-05.","1 post total, confirmed still current via today's live KRS pull, but it is rada_spoleczna - zero valid trough posts despite the political prominence.","verdict=skip || TEZA: Poland's own former deputy health minister, Marek Kos, has exactly one company post on record, and it is the unpaid hospital council trap 1 says not to count. || UWAGA: identity is strong (masked officer 'K**'/'M****' on the rada spoleczna roster matches KOS MAREK, hospital sits in his home region of Lublin) but the seat type is the textbook trap-1 case - do not publish regardless of how nationally prominent he is (a literal former deputy minister); skip unless a genuine paid company post surfaces separately."
87,Andrzej Grzmielewicz,ODRZUCONE,"PKW-deklaracja 2010: czlonek Prawa i Sprawiedliwosci; WYBRANY 2010 Samorzad (PiS) - re-elected Burmistrz Miasta i Gminy Bogatynia, a post he already held since winning a 2006 run-off; ran his own-name committee (KWW Andrzeja Grzmielewicza) in 2018. Sole posady entry: Rada Nadzorcza @ Centrum Sportowo Rekreacyjne sp. z o.o., KRS 0000096393 - seated in Zgorzelec (same powiat zgorzelecki as Bogatynia) - is_public_raw true, supervisory_organ=rada_nadzorcza (a genuine paid seat, not rada spoleczna), 2007-02-01 to 2008-05-08, held concurrently with his mayoralty. He was researched as likely the same 'Andrzej G., byly burmistrz Bogatyni' detained by CBSP alongside 'Slawomir Z., szef PGE Energia Odnawialna' over an official-crime/document-forgery scheme, with Slawomir Zawada being a 2010 Grzmielewicz appointee to a municipal role. | ZRODLO: https://www.polityka.pl/tygodnikpolityka/spoleczenstwo/1692988,1,bogatynia-kto-i-dlaczego-donosi-do-prezesa-kaczynskiego.read; https://www.radiowroclaw.pl/articles/view/84618/Zatrzymano-bylego-burmistrza-Bogatyni-i-szefa-PGE-Energia-Odnawialna; https://bip.bogatynia.pl/?a=9823 (confirms current successor burmistrz Wojciech Dobrolowicz); https://archiwum-bip.bogatynia.pl/?id=3541&rejestr=1&idr=7780; kandydatury field (WYBRANY 2010, PKW-deklaracja); live KRS OdpisAktualny 0000096393 pulled 2026-09-05.","1 post total in this batch's data, already ended (2008), sourced as genuinely public and genuinely rada_nadzorcza - held while he was also a sitting elected mayor.","verdict=ODRZUCONE || TEZA: A sitting PiS-declared mayor of Bogatynia held a supervisory seat on a neighbouring town's public sports company while in office, then went on to run a PGE renewables unit before a 2020s corruption arrest. || UWAGA: VERIFIER REFUTED - Checked in order: (a) Cited connection: polityka.pl 2010 article (fetched) confirms Grzmielewicz as sitting PiS burmistrz of Bogatynia and his 2006 run-off win with PiS backing; kandydatury field carries WYBRANY tags for both 2006 and 2010 Samorząd rows with PiS committees, matching. PASS for the mayor+PiS claim. The separate CBSP-arrest/PGE claim FAILS: radiowroclaw.pl article body (fetched via curl, full text extracted) uses only initials ""Andrzej G."" / ""Sławomir Z.""; full surnames appear solely in a reader comment (~Wiśniewski, 2019-02-14) - per the checklist, a reader comment does not establish identity. Article is also dated 2019-02-14 (2010s), contradicting the headline's ""2020s."" (b) Identity: uncommon surname; his own 2018 KWW Andrzeja Grzmielewicza committee bears his exact name; archiwum-bip.bogatynia.pl (2005-2006 snapshot, fetched) and bip.bogatynia.pl (current, fetched) confirm him as a former burmistrz whose successor is Wojciech Dobrołowicz; pl.wikipedia.org/wiki/Bogatynia (fetched) independently names him as burmistrz during the 2010 flood. Moderate-strong, sufficient for the mayor/board-seat identity; insufficient (comment-only) for the arrest-story identity. (c) Rada spoleczna check: krs_lookup.json for 0000096393 -> supervisory_organ: ""rada_nadzorcza"" (not rada_spoleczna). Trap 1 clear. (d) Currency: posady dates 2007-02-01 to 2008-05-08 (already ended, not marked ""nadal""). Live KRS OdpisAktualny (curl to api-krs.ms.gov.pl, fetched today) for 0000096393 lists a 3-member Rada Nadzorcza (initials K.Z./J.A./C.R.) with no G-surname member - confirms he is no longer on the board. Trap 2 clear. (e) Public ownership: krs_lookup.json - is_public_raw: true, hardcoded_reasons: [""PUBLIC_COMPANIES_KRS""], likely_public_via_hardcoded_bug: true. Live KRS odpis dzial1.wspolnicySpzoo confirms sole shareholder ""GMINA MIEJSKA ZGORZELEC"" holding 100% of udziały (""czyPosiadaCaloscUdzialow"": true). Genuinely publicly owned. (f) Dates/WYBRANY: 2006 and 2010 WYBRANY rows both independently corroborated - 2006 run-off by polityka.pl, 2010 tenure by polityka.pl and pl.wikipedia.org (2010 flood mention). 2018 candidacy (own-name KWW) is NOT marked WYBRANY in the data, consistent with Dobrołowicz being the eventual successor, and that same 2018 row carries a PiS PKW-deklaracja, undercutting the ""after leaving PiS"" framing. Files used: /home/szymon/.cache/koryta/scratch-bridge-cse-01L1v/next_hundred.json (record n=87), /home/szymon/.cache/koryta/scratch-bridge-cse-01L1v/krs_lookup.json (KRS 0000096393), /home/szymon/.cache/koryta/scratch-bridge-cse-01L1v/krs_0000096393.json (live API pull), /home/szymon/.cache/koryta/scratch-bridge-cse-01L1v/radiowroclaw.html (raw fetch of the cited Radio Wrocław article)."
88,Kazimierz Barczyk,skip,"WYBRANY 2024 Samorzad, KKW Koalicja Obywatelska (partia: PO) - sitting radny i wiceprzewodniczacy Sejmiku Wojewodztwa Malopolskiego, radny since 2006 and sejmik chairman 2010-2014; a long PO career going back through Sejm 1991 (as PC), AWS lists 1997-2001, and PO membership since 2005. | ZRODLO: https://koalicjaobywatelska.pl/kazimierz-barczyk/ (bio); https://www.portalsamorzadowy.pl/osoba/kazimierz-barczyk,310160.html (2024 sejmik candidate/mandate record); https://barczyk.pl/ (personal site, 'Wiceprzewodniczacy Sejmiku Wojewodztwa Malopolskiego'); https://pl.wikipedia.org/wiki/Kazimierz_Barczyk; live KRS API https://api-krs.ms.gov.pl/api/krs/OdpisAktualny/0000005551?rejestr=S (stan 28.03.2026)","Two posady rows, neither qualifying. One expired, private seat: Rada Nadzorcza at Walcownia Metali ""Dziedzice"" S.A. (KRS 0000084770), 2003-02-26 to 2003-12-01 - genuinely a private company (is_public_raw=false), 10-month tenure, 22 years stale. One current seat excluded as rada spoleczna: Wojewodzki Szpital Okulistyczny w Krakowie (KRS 0000005551, SPZOZ), 2024-10-30-nadal - the live register (stan 28.03.2026) names the organ literally 'RADA SPOLECZNA' with 9 masked members, so this is not a printable rada nadzorcza post despite the field label.","verdict=skip || TEZA: A sitting PO vice-chairman of the Malopolska sejmik whose only company post is a hospital rada spoleczna seat that the site's own rules exclude. || UWAGA: Well-documented and internally coherent - he chairs the very sejmik that is the podmiot tworzacy for this hospital, which is exactly why he sits on its rada spoleczna - but the live KRS API masks individual board members' names, so no single document names him personally as a member. Both posady rows fail (one private/stale, one rada spoleczna); nothing qualifies to publish."
89,Lidia Stanisława Gądek,skip,"WYBRANY 2024 Samorzad, KKW Trzecia Droga PSL-Polska 2050 Szymona Holowni - sitting radna Sejmiku Wojewodztwa Malopolskiego; WYBRANY 2011 Sejm, partia: PO - byla poslanka VII kadencji (2011-2015); also WYBRANY 2010 Samorzad on KW Platforma Obywatelska RP. | ZRODLO: https://pl.wikipedia.org/wiki/Lidia_G%C4%85dek; https://samorzad2024.pkw.gov.pl/samorzad2024/pl/sejmik_wojewodztwa/kandydat/3306812 (PKW candidate record, full name 'GĄDEK Lidia Stanisława' matches exactly); https://www.portalsamorzadowy.pl/osoba/lidia-gadek,311844.html; live KRS API https://api-krs.ms.gov.pl/api/krs/OdpisAktualny/0000030254?rejestr=S (stan 11.03.2026)","One company across two posady rows, both non-qualifying: Malopolski Szpital Chorob Pluc i Rehabilitacji im. Edmunda Wojtyly (KRS 0000030254, SPZOZ), 2012-10-02 to 2021-06-29, and again 2024-11-21-nadal. Both stints are the same organ, and the live register (stan 11.03.2026) confirms it as 'RADA SPOLECZNA' with 12 masked members - excluded under the site's rule in both instances.","verdict=skip || TEZA: A former PO Sejm deputy and current sejmik radna whose only company post is a hospital rada spoleczna seat, excluded under the site's own rule. || UWAGA: Identity is strong - the PKW candidate database uses the exact three-part name seen here, an unusual degree of match that keeps namesake risk low. But every posady row for her is the excluded seat type; there is no qualifying public-company post to hang a page on."
90,Tadeusz Pogoda,skip,"WYBRANY 2024 Samorzad, KKW Koalicja Obywatelska (partia: PO) - sitting radny Sejmiku Wojewodztwa Kujawsko-Pomorskiego (since 2018); wieloletni (1990-2018) burmistrz Swiecia z listy zalozonego przez siebie Obywatelskiego Porozumienia Samorzadowego. | ZRODLO: https://pl.wikipedia.org/wiki/Tadeusz_Pogoda; https://www.portalsamorzadowy.pl/osoba/tadeusz-pogoda,52933.html (Sejmik Wojewodztwa Kujawsko-Pomorskiego, kadencja 2024-2029); live KRS API https://api-krs.ms.gov.pl/api/krs/OdpisAktualny/0000063546?rejestr=S (stan 27.05.2026)","One posady row, non-qualifying: Rada Nadzorcza-labelled seat at Kujawsko-Pomorskie Centrum Pulmonologii w Bydgoszczy (KRS 0000063546, SPZOZ), 2025-12-18-nadal. The live register (stan 27.05.2026) names the organ 'RADA SPOLECZNA' with 7 masked members - excluded under the site's rule. No other public-company posts in the record.","verdict=skip || TEZA: A 28-year mayor turned sitting PO regional councillor whose sole company post is a hospital rada spoleczna seat, excluded under the site's own rule. || UWAGA: Heavily documented and internally coherent - founder of Obywatelskie Porozumienie Samorzadowe (1990), burmistrz Swiecie 1990-2018, radny sejmiku since 2018, re-elected 2024 on the KO/PO list - but he has exactly one company post in this record and it is the excluded seat type. The appointment (2025-12-18) also came over a year after his 2024 re-election, so it is not even tightly timed to that win."
91,Wojciech Dobrołowicz,skip,"WYBRANY 2024 Samorzad, KWW Wojciecha Dobrolowicza, PKW-deklaracja: czlonek partii politycznej Prawo i Sprawiedliwosc - sitting burmistrz Bogatyni (won a special election June 2021, re-elected 2023/2024); also a 2023 Sejm candidacy on the PiS list. | ZRODLO: https://gazetawroclawska.pl/wojciech-dobrolowicz-nowym-burmistrzem-bogatyni-wygral-w-ii-turze-z-ireneuszem-kropidlowskim/ar/c1-15686043; https://www.wprost.pl/kraj/10461555/wybory-w-bogatyni-i-w-lubaniu-kto-nowym-burmistrzem-i-wojtem.html; https://wroclaw.tvp.pl/54566285/burmistrz-bogatyni-wybrany; live KRS API https://api-krs.ms.gov.pl/api/krs/OdpisAktualny/0000056231?rejestr=S (stan 04.08.2026)","One posady row, non-qualifying: Rada Nadzorcza-labelled seat at Samodzielny Publiczny Zespol Opieki Zdrowotnej w Bogatyni (KRS 0000056231, SPZOZ), 2026-08-04-nadal, only weeks before this batch export. The live register (stan 04.08.2026) names the organ 'RADA SPOLECZNA' with 7 masked members - excluded under the site's rule. No other company posts.","verdict=skip || TEZA: The sitting PiS mayor of Bogatynia sits, in substance ex officio, on his own town hospital's rada spoleczna - the exact seat type the site excludes. || UWAGA: Identity is strong (his 2010/2018/2024 candidacies all run on the personally-named KWW Wojciecha Dobrolowicza, and press confirms he is the sitting mayor of the same town as the SPZOZ). As head of the founding local-government unit, a mayor is structurally placed on his SPZOZ's rada spoleczna under the ustawa o dzialalnosci leczniczej, so this reads as automatic incumbency rather than a discretionary reward - and it is the excluded seat type either way, so no page today despite being a case worth flagging as one where the exclusion may be masking real self-dealing."
92,Alina Bednarz,skip,"WYBRANY 2024 Samorzad, KKW Koalicja Obywatelska (partia: PO) - sitting radna Sejmiku Wojewodztwa Slaskiego (okreg nr 2: Katowice/Myslowice/Tychy, 21 080 glosow), wiceprzewodniczaca Komisji Zdrowia i Polityki Spolecznej. | ZRODLO: https://bip.slaskie.pl/sejmik_wojewodztwa/radni_sejmiku/alina-bednarz.html; https://koalicjaobywatelska.pl/alina-bednarz/; https://www.portalsamorzadowy.pl/osoba/alina-bednarz,55193.html; live KRS API https://api-krs.ms.gov.pl/api/krs/OdpisAktualny/0000102533?rejestr=S (stan 29.04.2026), https://api-krs.ms.gov.pl/api/krs/OdpisAktualny/0000064696?rejestr=S (stan 31.07.2026), https://api-krs.ms.gov.pl/api/krs/OdpisAktualny/0000057698?rejestr=S (stan 07.05.2026)","Three posady rows, all non-qualifying, all current SPZOZ hospitals in the Katowice/Tychy area confirmed rada spoleczna on the live register: Okregowy Szpital Kolejowy w Katowicach (KRS 0000102533), 2020-07-02-nadal, 10 masked members (stan 29.04.2026); Gornoslaskie Centrum Medyczne im. prof. Leszka Gieca (KRS 0000064696), 2025-01-23-nadal, 11 masked members (stan 31.07.2026); Zespol Wojewodzkich Przychodni Specjalistycznych w Katowicach (KRS 0000057698), 2023-08-28-nadal, 9 masked members (stan 07.05.2026). All three excluded under the site's rule.","verdict=skip || TEZA: A sitting PO sejmik health-commission vice-chair sits on three hospital councils at once - all of them the excluded rada spoleczna type. || UWAGA: The strongest substantive fit of this batch - vice-chair of exactly the sejmik commission (Zdrowia i Polityki Spolecznej) overseeing these institutions, and her kandydatury and BIP bio confirm the Tychy/Katowice geography matching all three hospitals - but per the site's rule none of the three seats is a countable trough post, so no page today. Worth flagging to the operator as a case combining accumulation (3 boards) with a directly relevant oversight role, should the rada-spoleczna exclusion ever be revisited - but that is a policy call, not one to make unilaterally here."
93,Artur Stanisław Bieliński,ODRZUCONE,"As drafted: Starosta Zgorzelecki (elected head of Powiat Zgorzelecki) continuously since 2010 - re-elected 2014, 2018 and 2024; PO/Koalicja Obywatelska candidate with a WYBRANY win recorded on both the 2010 and 2024 kandydatury rows. He chaired the Zgorzelec city council 2006-2010 before becoming starosta. | ZRODLO: https://bogatynia.info.pl/newsy/wiadomosci/8495-artur-bielinski-nowym-starosta-zgorzeleckim (23.11.2018, his re-election as starosta 12-9); https://zgorzelec.naszemiasto.pl/artur-bielinski-ponownie-starosta-powiatu-zgorzeleckiego/ar/c8-4892678 (2024 re-election); https://powiatzgorzelecki.pl/wydzialy/starosta-zgorzelecki/ (fetched 2026-09-05, current officeholder); https://samorzad2024.pkw.gov.pl/samorzad2024/pl/rada_powiatu/kandydat/3275832 (PKW 2024 candidate row, Rada Powiatu Zgorzeleckiego, WYBRANY, KKW Koalicja Obywatelska); https://pzn.zgorzelec.pl/o-firmie/ (confirms PZN sp. z o.o. is 100%-owned by Gmina Miejska Zgorzelec)","Four posady rows across three KRS, none currently held (all ended between 2009 and 2019, latest end date 2019-02-22): Rada Nadzorcza, Miejskie Przedsiębiorstwo Gospodarki Komunalnej (KRS 0000186967, 2009-07-30-2011-07-11); Rada Nadzorcza, Karkonoska Agencja Rozwoju Regionalnego SA (KRS 0000073772, two terms, 2007-12-05-2009-07-07 and 2017-07-21-2019-02-22 - posady mislabels this 'prywatna/nieznana' but it is genuinely public via a hardcoded-bug flag); and Zarząd (executive, not supervisory), Przedsiębiorstwo Zarządu Nieruchomościami sp. z o.o. (KRS 0000141594, Zgorzelec's 100%-gmina-owned housing manager, 2017-02-20-2018-12-03). None of the three is rada społeczna.","verdict=ODRZUCONE || TEZA: Zgorzelec's PO starosta, in continuous elected office since 2010, simultaneously sat on the supervisory board of one public company and the management board of another while running the county. || UWAGA: VERIFIER REFUTED - Fetched https://bogatynia.info.pl/newsy/wiadomosci/8495-artur-bielinski-nowym-starosta-zgorzeleckim: confirms 23.11.2018, 12-9 council vote, describes Bieliński becoming the ""new"" (""nowym"") starosta by defeating the sitting starosta Urszula Ciupak — i.e. the source itself implies he was not the incumbent, contradicting ""continuously since 2010"". Fetched https://powiatzgorzelecki.pl/wydzialy/starosta-zgorzelecki/ (today): confirms Bieliński is the current officeholder — consistent with the second, ongoing term, not with unbroken tenure since 2010. Retrieved raw wikitext of https://pl.wikipedia.org/wiki/Powiat_zgorzelecki via `curl 'https://pl.wikipedia.org/w/index.php?title=Powiat_zgorzelecki&action=raw'`, section ""Starostowie zgorzeleccy"", cited to Rudka/Gryboś-Chechelska/Smaś, ""Słownik biograficzny współczesnych starostów"" t.I, Związek Powiatów Polskich, Warszawa 2022, s.40 (PDF at https://zpp.pl/storage/files/2022-03//755037f15c314ac4ace516eaaba39ee13943.pdf): lists Mariusz Tureniec (2010-02-02–2010-11-30) → Artur Bieliński (2010-11-30–2016-03-11) → Urszula Ciupak (2016-03-11–2018-11-23) → Artur Bieliński (from 2018-11-23). Cross-checked krs_lookup.json at /home/szymon/.cache/koryta/scratch-bridge-cse-01L1v/krs_lookup.json: KRS 0000186967 (MPGK), 0000073772 (KARR), 0000141594 (PZN) all show supervisory_organ='rada_nadzorcza' (not rada_spoleczna) and likely_public_via_hardcoded_bug=true, confirming the public-ownership and trap-1 claims in the dossier are correct — only the continuity-of-office narrative is refuted. Could not reach naszemiasto.pl (403), rejestr.io (403/redirect), or the PKW samorzad2024 candidate page (client-rendered SPA, no static content) to further corroborate identity/2024 details, but the refutation does not depend on those — it rests on the Wikipedia/ZPP-sourced starosta succession list plus the batch's own cited 2018 article."
94,Jarosław Jan Janaszewski,ODRZUCONE,"As drafted: radny powiatu bełchatowskiego (wiceprzewodniczący rady, elected 2024, WYBRANY, KW Stowarzyszenia Ziemia Bełchatowska, 580 votes) and a supervisory-board (Rada Nadzorcza) member of that same association, the local ruling group aligned with starosta Jacek Zatorski. | ZRODLO: https://ddbelchatow.pl/wydarzenia/zmiany-u-sterow-miejskiej-spolki-kto-zastapil-odwolanego-prezesa/CZJ3wivSmK1s6FmXrrAn; https://ddbelchatow.pl/wydarzenia/polityczna-zemsta-czy-ciecie-kosztow-emocje-wokol-odwolania-prezesa/IokAFLsV3HBNEAg3NO5D; https://www.ebelchatow.pl/2026/07/29/szef-miejskiej-spolki-odwolany-rada-wylonila-nowego-prezesa/; live KRS API https://api-krs.ms.gov.pl/api/krs/OdpisAktualny/0000113970 (fetched 2026-09-05, stanZDnia 30.06.2026)","Two posady rows, both real (non-rada-społeczna) seats: Prezes Zarządu, Miejski Zakład Komunikacji Bełchatów (KRS 0000113970), listed 'nadal' since 2025-07-22 in the koryta record but actually recalled 2026-07-28 per press coverage - the live KRS extract simply had not caught up with the court filing; and Rada Nadzorcza, Przedsiębiorstwo Gospodarki Mieszkaniowej (KRS 0000040399), 2013-04-04-2016-08-12, long ended.","verdict=ODRZUCONE || TEZA: A Bełchatów county councillor and board member of the ruling local political association was made president of the city bus company a year after his 2024 election win — then recalled in what his own political camp called 'political revenge'. || UWAGA: VERIFIER REFUTED - Refuted at check (a) — the cited source does not say what is claimed about the association seat.

Verified facts that DO hold:
- Both KRS posts are genuinely public (krs_lookup.json: 0000040399 PGM and 0000113970 MZK both show supervisory_organ=""rada_nadzorcza"" [not rada_spoleczna, trap 1 clear] and likely_public_via_hardcoded_bug=true, hardcoded_reasons=[""LODZKIE"",""PUBLIC_COMPANIES_KRS""]).
- Live KRS API (curl https://api-krs.ms.gov.pl/api/krs/OdpisAktualny/0000113970?rejestr=P&format=json, stanZDnia 30.06.2026, numerOstatniegoWpisu 93) still shows a single-person Zarząd with initials J./J.J./PESEL-prefix-7 as sole PREZES ZARZĄDU — consistent with the person and confirming trap 2 as described: the register has not caught up with the July 2026 recall.
- Press independently confirms the MZK recall: ddbelchatow.pl ""zmiany-u-sterow..."" and ebelchatow.pl both state the Rada Nadzorcza recalled ""Jarosława Janaszewskiego"" on 28 lipca 2026 and installed chief accountant Anna Antosiak the next day (29 lipca) — dates match posady exactly (started 2025-07-22, ended ~2026-07-28).
- ddbelchatow.pl ""polityczna-zemsta-czy-ciecie-kosztow..."" independently confirms he is ""radnego Rady Powiatu w Bełchatowie"" and quotes starosta Jacek Zatorski verbatim: ""Kolejna odsłona politycznej zemsty na ludziach, którzy ośmielą się mieć inne zdanie"" — this part of the claim is solid and well-sourced (category C/H connection, radny + a party-aligned recall dispute).

What fails: I fetched the raw HTML of both ddbelchatow.pl articles directly (not just the WebFetch summarizer) and searched every occurrence of ""Rada Nadzorcza""/""Zarząd"" near his name. The ONLY sentence describing his role in Stowarzyszenie Ziemia Bełchatowska reads: ""Wczorajsze odwołanie Jarosława Janaszewskiego, członka Zarządu Stowarzyszenia Ziemia Bełchatowska, z funkcji prezesa Miejskiego Zakładu Komunikacji..."" — i.e. member of the association's ZARZĄD (executive/management board), NOT its Rada Nadzorcza (supervisory board). Every other ""Rada Nadzorcza"" mention in that article refers to MZK's own supervisory board (the company organ that fired him), not the association's. Neither of the other two press sources (ddbelchatow ""zmiany u sterow"", ebelchatow.pl) mentions his political roles at all. So the CLAIMED CONNECTION's specific assertion ""a supervisory-board member of that same association"" and the REASON's claim that ""both [ddbelchatow.pl pieces] name him as ... Rada Nadzorcza member of Stowarzyszenie Ziemia Bełchatowska"" is factually wrong — the source says the opposite organ (Zarząd, not Rada Nadzorcza).

Additionally, ""wiceprzewodniczący rady"" and the ""580 votes"" figure appear in none of the three cited articles (I searched full text for ""wiceprzewod""/""przewodnicz"" — zero hits) and I could not corroborate them via BIP/PKW (WebSearch budget for this session was exhausted after two queries). These specific details are unsourced as drafted.

This is a real, checkable error a subject could point to (""I sit on the Zarząd, not the Rada Nadzorcza, of the association"") — exactly the kind of mischaracterization the review protocol exists to catch, even though the broader connection (county radny + Stowarzyszenie Ziemia Bełchatowska Zarząd member + politically-charged MZK recall) is otherwise well documented and would likely be publishable once corrected."
95,Norbert Mastalerz,skip,"Has a real elected-office record - WYBRANY (Samorząd) in 2010 for KWW Tarnobrzeska Lewica, and WYBRANY (Samorząd) in 2024 for KKW Koalicja Obywatelska (partia: PO) - plus a documented SLD-to-PO party switch (SLD candidacies 1998-2007, then PO from 2010). But no genuine public-company post exists to pair it with: all three referenced KRS entries read supervisory_organ 'rada_spoleczna', so koryta treats this, in effect, as 'none found'. | ZRODLO: krs_lookup.json entries for KRS 0000009574, 0000042515 and 0000003145 (all three checked, all read supervisory_organ: 'rada_spoleczna')","Four posady rows across three KRS, all excluded as rada społeczna: Samodzielny Publiczny Ośrodek Rehabilitacji Leczniczej (KRS 0000009574, two terms, 2001-2011 and 2015-2019), Przychodnia Specjalistyczna w Tarnobrzegu (KRS 0000042515, 2024-11-18-nadal, likely still current in reality but moot) and Wojewódzki Szpital im. Zofii z Zamoyskich Tarnowskiej w Tarnobrzegu (KRS 0000003145, 2003-2004). Zero genuine (non-rada-społeczna) posts.","verdict=skip || TEZA: All three hospitals Mastalerz has sat on the board of are unpaid rada społeczna, not real trough posts — despite a 28-year political career spanning SLD to PO and two election wins. || UWAGA: Identity not independently corroborated this session (WebSearch quota exhausted, rejestr.io 403 to WebFetch), but this is moot since trap 1 already rules out a publishable post; revisit immediately if a future data refresh surfaces a non-rada-społeczna seat, given how strong the underlying political record is."
96,Jacek Chmarzyński,skip,"None found beyond candidacy-only: four candidacies since 1998 for three different committees/parties, none won - KWW 'Obywatelskie Porozumienie Samorządowe' (1998), KWW Wspólnota Wsi (2002), KW PiS (2018), KKW Koalicja Obywatelska/PO (2024); no WYBRANY tag on any row. | ZRODLO: krs_lookup.json entry for KRS 0000063546 (his only referenced KRS), supervisory_organ: 'rada_spoleczna'","Single posady row: Rada Nadzorcza, Kujawsko-Pomorskie Centrum Pulmonologii w Bydgoszczy (KRS 0000063546), listed 'nadal' since 2019-12-03 in the koryta record - but this is a rada społeczna per krs_lookup.json, so it is excluded and does not count as a genuine trough post. Zero genuine posts, no other KRS numbers on record.","verdict=skip || TEZA: Chmarzyński's only board seat is an unpaid hospital rada społeczna, and none of his four candidacies since 1998 — for three different committees — ever won. || UWAGA: Clean skip; identity not independently corroborated this session (WebSearch quota exhausted, rejestr.io 403 to WebFetch), but moot since the only candidate post is already excluded by trap 1."
97,Magdalena Barbara Bartkowicz,publish,"Declared PiS member per her own 2019 Sejm candidacy record ('PKW-deklaracja: członek partii politycznej: Prawo i Sprawiedliwość'), and a four-time PiS candidate (2014, 2018, 2019 Sejm, 2024). | ZRODLO: koryta kandydatury field, 2019 Sejm row, Komitet Wyborczy Prawo i Sprawiedliwość, PKW-deklaracja tag; live KRS API https://api-krs.ms.gov.pl/api/krs/OdpisAktualny/0000081748 (fetched 2026-09-05, stanZDnia 22.05.2026); live KRS API https://api-krs.ms.gov.pl/api/krs/OdpisAktualny/0000324965 (fetched 2026-09-05, stanZDnia 24.06.2026); krs_lookup.json for all 3 referenced KRS","Three posady rows / three KRS, two genuine and current-or-recent: Rada Nadzorcza, Miejskie Przedsiębiorstwo Energetyki Cieplnej sp. z o.o. w Mielcu (KRS 0000081748), 2025-02-04-nadal, confirmed still current via a live-KRS masked-name letter-count match; and Rada Nadzorcza, Przedsiębiorstwo Gospodarowania Odpadami sp. z o.o. (KRS 0000324965), 2025-03-20-2025-06-27 (roughly 44 days after the MPEC seat began), confirmed ended via live KRS, reason for leaving unknown. A third seat, Rada Nadzorcza, Wojewódzki Szpital w Tarnobrzegu (KRS 0000003145, 'nadal' since 2020-01-23), is excluded as rada społeczna and not counted toward the two genuine posts.","verdict=publish || TEZA: A declared PiS member picked up seats on two public-company boards about six and a half weeks apart in early 2025 — one of which she left again after just over three months. || UWAGA: Identity join is strong-but-circumstantial (a masked-name letter-count match on live KRS, reinforced by all three companies sitting in the same Podkarpackie sub-region/Sejm okręg 23) rather than certain - no independent PESEL/birth-year cross-check was possible, and the original 2019 PKW candidate page could not be reopened (WebSearch quota exhausted, PKW site is an unscriptable SPA). A verifier independently re-checked this and did NOT find grounds to refute it, but corrected the gap between the two board seats from 'within six weeks' to ~44 days and struck an uncorroborated comparison of the PGO exit to the Janaszewski 'political recall' pattern."
98,Katarzyna Stachowicz,publish,"Active posłanka na Sejm RP (X kadencja, klub KO), sworn in 22 May 2024 and still serving (api.sejm.gov.pl marks her active:true); declared member of Platforma Obywatelska in her PKW candidacy filings for Sejm 2011 and Sejm 2023. She was also WYBRANY to samorząd in 2024 from the KKW Koalicja Obywatelska list - almost certainly the Silesian sejmik, a seat she gave up on taking her Sejm mandate. Before that she ran two real public-company posts in the same electoral district (32, Katowice/Sosnowiec) as her current Sejm seat: Prezes Zarządu of RPWiK Zawiercie (KRS 0000213560, publiczna) 2019-02-15 to 2023-10-16, and Przewodnicząca Rady Nadzorczej of Wojkowickie Wody (KRS 0000749031, publiczna, a genuine rada nadzorcza) 2019-03-06 to 2024-09-09 - roughly 3.5 months after her Sejm oath, consistent with (though not directly documented as complying with) the antykorupcyjna ustawa's ~3-month deadline for a deputy to shed such posts. She held both real posts simultaneously with her 2018-2024 Silesian sejmik mandate - a clean case of trough-and-mandate stacking, now closed. | ZRODLO: https://api.sejm.gov.pl/sejm/term10/MP (id=467, active:true, oathDate 2024-05-22, pulled 2026-09-05); live KRS OdpisAktualny KRS 0000003544, rejestr=S, pulled 2026-09-05; https://silesia24.pl/katarzyna-stachowicz-radna-sejmiku-slaskiego; https://pl.wikipedia.org/wiki/Katarzyna_Stachowicz","Three posts on file. The only one flagged 'nadal' - Rada Społeczna at Wojewódzki Szpital Specjalistyczny nr 5 w Sosnowcu (KRS 0000003544) - is confirmed live as a genuine, currently-sitting rada społeczna, so it is excluded as a trough post under house rules. The other two - Zarząd at RPWiK Zawiercie and the real Rada Nadzorcza at Wojkowickie Wody, both publiczna - are true trough posts but both have already ended (2023-10-16 and 2024-09-09 respectively). No currently-held qualifying post remains.","verdict=publish || TEZA: A sitting KO/PO Sejm deputy for the Katowice/Sosnowiec district previously stacked the paid CEO seat of Zawiercie's water utility and the chair of a neighbouring water company's rada nadzorcza simultaneously with an elected sejmik mandate, only winding both down within months of taking her Sejm oath. || UWAGA: Both real trough posts ended before today (10/2023 and 09/2024) - the only currently-'nadal' post is an excluded rada społeczna, so editors should decide whether recently-closed posts (under 3 years) still justify a page given she is now a high-profile active MP. The exact date she relinquished her sejmik mandate is inferred from timing, not directly documented. A verifier independently re-checked the primary sources (api.sejm.gov.pl, Wikipedia, live KRS on both companies) and found no grounds to refute the connection or the identity match; it flagged the same currency caveat but recommended publish."
99,Jarosław Artur Ciszewski,ODRZUCONE,"Radny Niezależnej Alternatywy Wyborczej in Zawiercie, kadencja 2002-2006 (per a 2003 press piece on radni's oświadczenia majątkowe); followed by 24 years of PO candidacies (Sejm 2007, Samorząd 2010/2014/2018, each tagged 'partia: PO') without another win. | ZRODLO: https://zawiercie.naszemiasto.pl/zagladamy-w-deklaracje-majatkowe-naszych-miejskich-radnych/ar/c3-5762719 (2003-07-04); live KRS OdpisAktualny KRS 0000213560 and 0000532342, rejestr=P, pulled 2026-09-05; https://www.rpwikzawiercie.pl/o-firmie/wladze-spolki/; https://czdir.pl/pl/czdir/rada-nadzorcza.html","Three posts on file, two currently 'nadal' and both confirmed live as genuinely ongoing: Prezes Zarządu at RPWiK Zawiercie (publiczna) since 2024-07-22, and Przewodniczący Rady Nadzorczej at Centrum Zdrowia Dziecka i Rodziny im. Jana Pawła II w Sosnowcu (publiczna, a real rada nadzorcza, not rada społeczna) since 2023-02-13. A third post, RN at OLK Poradnie Specjalistyczne (KRS 0000488542), ended in 2019 and the company is now inactive in the register.","verdict=ODRZUCONE || TEZA: The current CEO of Zawiercie's water utility and chair of a Sosnowiec pediatric-hospital company's rada nadzorcza is a 24-year PO campaigner who was once an elected city councilor. || UWAGA: VERIFIER REFUTED - Sources checked directly: (1) next_hundred.json record n=99 and krs_lookup.json entries for KRS 0000213560, 0000532342, 0000488542 (supervisory_organ=rada_nadzorcza for both load-bearing companies, both likely_public_via_hardcoded_bug=true). (2) Live KRS OdpisAktualny pulled via curl api-krs.ms.gov.pl for both 0000213560 (rejestr=P, stan 15.06.2026: single-member Zarząd, PREZES ZARZĄDU ""C********, J*******"" PESEL 5…) and 0000532342 (rejestr=P, stan 01.09.2026: RN member ""C********, J******* A****"" PESEL 5…, no funkcjaWOrganie field for RN in KRS data). (3) WebFetch of czdir.pl/pl/czdir/rada-nadzorcza.html (names Jarosław Ciszewski as ""Przewodniczący"") and rpwikzawiercie.pl/o-firmie/wladze-spolki/ (names him Prezes Zarządu, no bio). (4) Direct curl fetch (browser UA, since WebFetch got HTTP 403) of https://zawiercie.naszemiasto.pl/zagladamy-w-deklaracje-majatkowe-naszych-miejskich-radnych/ar/c3-5762719 (2003-07-04) — confirms text ""JarosŁaw Ciszewski, radny Niezależnej Alternatywy Wyborczej,"" but the surrounding article is explicitly about ""radni powiatu zawierciańskiego"" / ""diety radnego powiatowego,"" i.e. county not city council; his 2003 profile lists a private manufacturing business (PPUH Interdamm Bis) and a Jura Park sp. z o.o. supervisory seat, no birth year. (5) rejestr.io/osoby/1057128 (Jarosław Artur Ciszewski) — organizations_shortlist includes Stowarzyszenie Społeczno-Kulturalne Mieszkańców Gmin Powiatu Zawierciańskiego (KRS 0000048563) as a current relation; live KRS odpis for that KRS number (rejestr=S) confirms ""C******** J******* A****"" PESEL 5… as current Wiceprezes Zarządu, HQ in Zawiercie. WebSearch was unavailable (session budget exhausted); attempted DuckDuckGo/Bing scraping via curl returned no usable results (bot-challenge pages / query misparsed as the town ""Jarosław"" rather than the surname), so no further independent press corroborating the RPWiK-CEO/NAW-councilor identity link could be found."
100,Piotr Paweł Wieczorek,skip,"None beyond a bare, non-partisan candidacy: WYBRANY 2010 Samorząd on KWW 'Tu Jest Nasz Dom' in gmina Dąbrowa (woj. opolskie) - a local, party-free komitet wyborców, no PKW party declaration, and nothing else tying it to his current (and already-ended) post. | ZRODLO: live KRS OdpisAktualny KRS 0000014443, rejestr=S, pulled 2026-09-05 (he no longer appears in the current skład); https://radio.opole.pl/124,2116,prof-piotr-wieczorek (2014-04-25)","One post on file, already ended per the source data (2022-05-13 to 2026-01-05, i.e. before today) and independently confirmed by live KRS as genuinely over - he no longer appears in the current 11-person skład. It was in any case a rada społeczna (Uniwersytecki Szpital Kliniczny w Opolu, KRS 0000014443, publiczna) and so would have been excluded as a trough post even had it still been current.","verdict=skip || TEZA: A chemistry-faculty dean's seat on his own university's teaching hospital board has no political story, and it has already ended anyway. || UWAGA: The rare three-part name strongly matches prof. dr hab. inż. Piotr Paweł Wieczorek, dean of the Wydział Chemii at Uniwersytet Opolski - an academic appointment to a university hospital, not a political one - which explains the post without needing the 2010 candidacy at all. No source directly links the professor to the 2010 gmina Dąbrowa candidacy, but it does not matter: the post is both closed and a rada społeczna, so skip either way."
101,Lech Markiewicz,publish,"Burmistrz Strzegomia 2002-2010 (WYBRANY 2002, KWW Wspólnota Samorządowa, matching koryta's data), voted out in the first round in November 2010 - a result muddied by a decoy candidate of the identical name and surname ('Markiewicz bis') fielded to confuse voters, confirmed by two independent 2010 swidnica24.pl pieces. In his own words (quoted, swidnica24.pl, 03.2014): 'jestem przewodniczącym... Wspólnota Samorządowa Ziemi Świdnickiej koło lokalne w Strzegomiu'; he ran again for burmistrz Strzegomia on the Wspólnota ticket in 2014 and 2018 (2nd place, 1,722 votes) and separately won a Strzegom radny seat in 2018. Five months after losing the mayor's office he began landing supervisory-board seats across the same powiat świdnicki he had governed: RN at Miejskie Przedsiębiorstwo Komunikacyjne 'Świdnica' (KRS 0000217735, publiczna) from 2011-04-18 to 2015-03-10; RN then two separate Zarząd terms at Zakład Usług Mieszkaniowych i Komunalnych (KRS 0000128420, publiczna) from 2011-07-19 through 2016-03-29; RN at Zakład Wodociągów i Kanalizacji w Żarowie (KRS 0000011337, publiczna) from 2015-09-15 to 2025-02-05. He sits today as Z-ca Przewodniczącego of the Rada Nadzorcza at Wodociągi i Kanalizacja Strzegom sp. z o.o. (KRS 0000241233, publiczna, a genuine rada nadzorcza), since 2024-06-10 - confirmed live and by the company's own 'władze' page, which names him in full. Fifteen years of continuous soft-landing across four public companies in his old political base. | ZRODLO: live KRS OdpisAktualny KRS 0000241233, rejestr=P, pulled 2026-09-05; https://swidnica24.pl/2010/11/laskowski-i-markiewicz-protestuja/; https://swidnica24.pl/2014/03/ewakuacja-ze-wspolnoty-samorzadowej/ (quote, 2014-03-20); https://www.swidniczka.com/zbigniew-suchyta-burmistrzem-strzegomia-na-lata-20182023-30489 (2018-10-24); https://swidnica24.pl/2024/02/kiedys-byli-sila-wspolnota-samorzadowa-ziemi-swidnickiej-po-raz-pierwszy-nie-idzie-do-wyborow/ (2024-02-15); https://wik.strzegom.pl/wladze/205","Six posts on file, one currently 'nadal': Rada Nadzorcza at Wodociągi i Kanalizacja Strzegom, confirmed live in the current three-member skład. The other five have ended; all are genuine zarządy/rady nadzorcze per krs_lookup.json (none is a rada społeczna).","verdict=publish || TEZA: A former mayor of Strzegom who lost re-election in 2010 has cycled through public water and transport company board seats across his home powiat ever since, and still sits on one today. || UWAGA: A decoy candidate with the identical name ran against him in 2010 specifically to confuse voters - editors must keep the real burmistrz's facts separate from the impostor's, though the identity match to the current board member is strong (consistent locality, timing, and the company's own site naming him in full). A verifier independently re-checked all four KRS numbers, the quote, and the current post, and did not find grounds to refute the connection - it flagged two timeline errors in the original draft (soft landings actually came in 2011, then 2015, then 2024, not all within one year; ZUMiK was RN then two Zarząd terms, not RN-Zarząd-RN), already corrected above."
102,Tomasz Głowacki,skip,"Wójt gminy Drużbice since 2018 (WYBRANY, unseated the decade-incumbent Bożena Zielińska on Radosław Kamiński's committee, PKW declaration: PSL), re-elected WYBRANY 2024 on his own committee (KWW Tomasza Głowackiego, PKW declaration: PSL member) - still the sitting wójt per the gmina's own website. | ZRODLO: live KRS OdpisAktualny KRS 0000006103, rejestr=S, pulled 2026-09-05; https://belchatow.naszemiasto.pl/tomasz-glowacki-nowy-wojt-gminy-druzbice-traktuje-te/ar/c8-4913940 (2018-12-10); https://belchatow.naszemiasto.pl/oficjalne-wyniki-pkw-tomasz-glowacki-bedzie-wojtem-gminy/ar/c8-4869574 (2018-11-05); https://druzbice.pl/index.php/o-gminie/wojt-gminy","One post on file, currently 'nadal' since 2026-03-19 and confirmed live in the current skład, but it is a rada społeczna - Rada Społeczna at Szpital Wojewódzki im. Jana Pawła II w Bełchatowie (KRS 0000006103) - so it does not count as a trough post under house rules. An earlier term at the same rada społeczna (2016-09-21 to 2021-02-04) predates his taking office. No other public-company post is on file.","verdict=skip || TEZA: The twice-elected sitting wójt of Gmina Drużbice and declared PSL member has only an excluded hospital rada społeczna seat to his name - no valid trough post to publish against. || UWAGA: The political connection is unusually strong and undisputed (current, twice-elected wójt, declared PSL across three runs), but under house rules a rada społeczna does not count as a trough post, and it is his only post on file, so there is nothing to pair the connection with. Editors may want a separate policy for wójtowie/burmistrzowie sitting on regional hospital rady społeczne, since that is a different pattern from a rank-and-file employee-radny, but under current rules this is a skip."
105,Jarosław Zbigniew Wilczyński,publish,"Two-term Prezydent Miasta Ostrowca Świętokrzyskiego (2006-2014, elected on KWW ""Twój Ostrowiecki Samorząd"", re-elected 2010); earlier radny gminy Bodzechów on the SLD-UP list (2002-2003) and wiceprezydent of Ostrowiec (2003-2006); in 2014 ran for sejmik on the PO list (no mandate), in 2024 for rada powiatu on KOALICJA TAK! DLA SAMORZĄDU (no mandate). Since 30 October 2025 he sits on the Rada Nadzorcza of the city's own bus company, MZK Ostrowiec (KRS 0000813230, confirmed 100% owned by Gmina Ostrowiec Świętokrzyski from the live odpis), listed by an earlier BIP find as Sekretarz Rady Nadzorczej. | ZRODLO: pl.wikipedia.org/wiki/Jarosław_Wilczyński; mamprawowiedziec.pl/polityk/30839_jaroslaw_wilczynski; PKW candidate rows 2002/2006/2010/2014/2024 (koryta kandydatury field); live KRS api-krs.ms.gov.pl OdpisAktualny/0000813230 (queried 2026-09-05); BIP-sourced MZK board listing naming him Sekretarz Rady Nadzorczej alongside Grabowski and Wiśniewski.","One currently public post: member (per an earlier BIP find, Sekretarz) of the Rada Nadzorcza, Miejski Zakład Komunikacji Ostrowiec Św. (100% Gmina Ostrowiec Świętokrzyski), since 2025-10-30, confirmed live in KRS today. A second, older KRS entry (Zarząd @ Związek Miast Polskich, a stowarzyszenie) is a closed 2007-2015 term that overlaps exactly with his mayoral years - an ex-officio civic seat, not counted as a new post.","verdict=publish || TEZA: Jarosław Wilczyński, two-term mayor of Ostrowiec Świętokrzyski (2006-2014), returned 11 years later - after an unsuccessful 2024 county-council bid - to the supervisory board of his old city's bus company. || UWAGA: Verifier checked independently and did not find grounds to kill it: confirmed identity (masked KRS entry's letter counts fit Wilczyński/Jarosław/Zbigniew exactly), confirmed 100% gmina ownership directly from the live odpis, and confirmed the seat is still current (~10 months after start). One unreproduced detail: the specific 'Sekretarz' title (vs plain member) rests only on an earlier, not-refound BIP source - soften to 'member of the Rada Nadzorcza' if that source can't be re-surfaced. Timing is not tight (16 months since the 2024 loss, 11 years since leaving office) - frame as a former mayor's return, not a reward."
106,Łukasz Tadeusz Kot,publish,"Declared SLD party member (PKW-deklaracja on his 2019 Sejm candidacy) and repeat SLD/Lewica candidate 2010-2024; radny miasta Częstochowy since 2010 (VI-VIII kadencja), and now the sitting Zastępca Prezydenta Miasta Częstochowy (confirmed on czestochowa.pl/zastepcy). He concurrently sits on the Rada Nadzorcza of Park Śląski (since 2025-06-09) and in the Zarząd of the Związek Gmin i Powiatów Subregionu Północnego Woj. Śląskiego (since 2026-06-02 - the association's own site names him there as ""Łukasz Kot - Zastępca Prezydenta Miasta Częstochowy""), on top of a 2022-2024 seat on the Siemianowice Śląskie city hospital's board and a 2024-2026 seat at Fabryka Kotłów SEFAKO. | ZRODLO: koryta kandydatury field, PKW 2019 Sejm KW SLD PKW-deklaracja SLD (and 2010/2014/2018/2024 rows); live KRS api-krs.ms.gov.pl OdpisAktualny/0000169777 and /0000821458 (queried 2026-09-05); czestochowa.pl/zastepcy; subregion-polnocny.pl/stowarzyszenie/zarzad-zwiazku/; 7dni.com.pl ""JAK KUPIĆ RADNEGO (22)? Łukasz Kot (SLD) pod lupą"" (2013-04-10); 7dni.com.pl ""Partnerka wiceprezydenta Kota zatrzymana przez CBA"" (2026-07-08).","2 currently public posts, both confirmed live via KRS today: Rada Nadzorcza @ Park Śląski im. gen. J. Ziętka (since 2025-06-09) and Zarząd @ Związek Gmin i Powiatów Subregionu Północnego (since 2026-06-02). Two earlier, now-ended posts: Rada Nadzorcza @ Szpital Miejski w Siemianowicach Śląskich (2022-2024, genuinely public, supervisory_organ=rada_nadzorcza not rada_spoleczna - trap 1 checked, does not apply) and Rada Nadzorcza @ Fabryka Kotłów SEFAKO (2024-2026), the latter excluded from the public-post count since is_public_raw=false with no hardcoded-bug override.","verdict=publish || TEZA: A declared SLD activist and long-serving Częstochowa councillor, now the city's sitting deputy mayor, simultaneously holds two current public-company/association board seats. || UWAGA: Verifier checked independently and strengthened rather than killed the thesis - found, on the association's own site and czestochowa.pl, that the board member and the sitting deputy mayor are the same Łukasz Kot, resolving the original 'moderate' identity caveat. One residual gap: the Park Śląski seat lacks an equally direct named-source confirmation (no reachable governance page for that company), and rests on the masked-initial/PESEL-decade match instead."
107,Wojciech Wilk,publish,"Three-term Sejm deputy (V, VI, VIII kadencja: 2005-2011, 2015-2018), Wojewoda Lubelski (03.2014-11.2015), Burmistrz Kraśnika (2018-2024, lost the 2024 reelection to Krzysztof Staruch, who took office 7 May 2024 per pl.wikipedia.org/wiki/Kraśnik), declared PO member (PKW-deklaracja on both his 2018 and 2024 WYBRANY candidacies). About six months after leaving the mayor's office - not 'within days', per a date check the verifier ran (191 days from Staruch's 7 May 2024 inauguration, 207 from the 21 April 2024 second round) - he took a paid Zastępca Prezesa Zarządu seat at the city-owned TBS 'Nowy Dom', 2024-11-14 to 2026-06-17. | ZRODLO: pl.wikipedia.org/wiki/Wojciech_Wilk; pl.wikipedia.org/wiki/Kraśnik; pl.wikipedia.org/wiki/Wybory_samorządowe_w_Polsce_w_2024_roku; koryta kandydatury field, PKW rows 2024 KWW WOJCIECH WILK PRZYJAZNY KRAŚNIK WYBRANY PKW-deklaracja PO, 2018 KW POROZUMIENIE I ROZWÓJ WYBRANY PKW-deklaracja PO; live KRS api-krs.ms.gov.pl OdpisPelny and OdpisAktualny /0000025601 (queried 2026-09-05).","One post in the export, already ended: Zarząd (Zastępca Prezesa Zarządu) @ TBS 'Nowy Dom' (KRS 0000025601, sp. z o.o., genuinely public - is_public_raw=true, hardcoded_reasons=['LUBELSKIE'], no bug involved), 2024-11-14 to 2026-06-17 - confirmed live that the seat has genuinely ended (a different, unrelated person now holds it). Present as a past post, dated, not current.","verdict=publish || TEZA: A three-term MP and outgoing mayor of Kraśnik took a paid deputy-chairman seat at the city's own housing company roughly six months after losing his 2024 reelection bid. || UWAGA: Verifier checked independently and confirmed identity, currency (post genuinely ended) and public ownership, but REJECTED the original headline/reason framing of 'within days'/'immediately' - the actual gap is ~191-207 days. The write-up above has been corrected to that timeline; do not present this as an instant reward."
108,Piotr Paris Dasios,publish,"Declared PSL member on his 2014 local candidacy ('partia: PSL') and declared Polska 2050 member on his 2023 Senate run and 2024 local candidacy (both PKW-deklaracja: członek partii politycznej: Polska 2050 Szymona Hołowni). Never won an election across six candidacy years shown (2002, 2010, 2014, 2018, 2023, 2024 - seven rows counting a double 2024 entry; none marked WYBRANY, a verifier correction from the researcher's original count of five), but has continuously held public-company board seats since 2007 in the Ostrowiec/Sandomierz cluster, moving between the two parties over that span. Currently: Rada Nadzorcza @ 'Miejska Energetyka Cieplna' sp. z o.o. Ostrowiec, since 2024-06-13, confirmed live. | ZRODLO: koryta kandydatury field, PKW rows 2014 KW PSL partia: PSL, 2023 Senat KKW Trzecia Droga Polska 2050 Szymona Hołowni - PSL PKW-deklaracja Polska 2050, 2024 KW PERSPEKTYWA PKW-deklaracja Polska 2050; live KRS api-krs.ms.gov.pl OdpisAktualny/0000010670 (queried 2026-09-05).","Five separate posady in the export, all in the Ostrowiec/Sandomierz cluster, all genuinely public: Rada Nadzorcza @ OTBS (KRS 0000000880), three non-contiguous stints 2007-2008, 2008-2015, 2022-2023, interleaved with a Zarząd stint at the same company 2015-2018; Rada Nadzorcza @ Miejskie Wodociągi i Kanalizacja (KRS 0000003191) 2018-2019; Rada Nadzorcza @ Przedsiębiorstwo Gospodarki Komunalnej i Mieszkaniowej w Sandomierzu (KRS 0000145515) 2015-2018; and currently Rada Nadzorcza @ 'Miejska Energetyka Cieplna' Ostrowiec (KRS 0000010670) since 2024-06-13, confirmed live today. Supervisory_organ for all four companies is rada_nadzorcza, none rada_spoleczna - trap 1 checked, does not apply.","verdict=publish || TEZA: A 17-year fixture on Ostrowiec Świętokrzyski's public-company boards has run for office six times (not five, per a verifier correction) under two different declared party memberships - PSL, then Polska 2050 - without ever winning. || UWAGA: Verifier checked independently and did not refute, but corrected the candidacy count from five to six election years (2002, 2010, 2014, 2018, 2023, 2024). Identity rests on a rare Greek-derived surname plus a distinctive double given name matching the live KRS masked entry exactly - strong but not confirmed by a named document. The older posts (2007-2019) rest solely on the koryta export and krs_lookup, not on any source opened directly - search engines and rejestr.io were blocked throughout the check."
109,Jerzy Maciej Obstarczyk,publish,"Ran in 2024 on the PiS list for Samorząd ('KW Prawo i Sprawiedliwość', partia: PiS) and won a council seat in 2010 on a local KWW ticket (WYBRANY), part of a 22-year run of local candidacies (2002, 2006, 2010 WYBRANY, 2014, 2018, 2024). Currently holds two concurrent public posts: Prezes Zarządu of the Wadowice municipal water utility since 2019, and a seat on the Rada Nadzorcza of Koleje Małopolskie (the Małopolska voivodeship's regional rail company) since 2023 - both confirmed live today, and the Koleje Małopolskie seat also confirmed by name (not just masked KRS initials) on the company's own leadership page. | ZRODLO: koryta kandydatury field, PKW rows 2024 Samorząd KW PiS partia: PiS, 2010 KWW Osób Społecznie Pracujących WYBRANY (plus 2002/2006/2014/2018); live KRS api-krs.ms.gov.pl OdpisAktualny/0000095396 and /0000500799 (queried 2026-09-05); kolejemalopolskie.com.pl/pl/o-spolce/wladze-spolki (names the Rada Nadzorcza in full: Marzena Dragan, Jerzy Gwiżdż, Barbara Porzuczek, Jerzy Obstarczyk, Olga Kwaśniak-Cieślik).","2 currently public posts, both confirmed live via KRS: Zarząd (Prezes) @ Wadowickie Przedsiębiorstwo Wodociągów i Kanalizacji (KRS 0000095396) since 2019-07-15 - the sole listed Prezes Zarządu today - and Rada Nadzorcza @ Koleje Małopolskie (KRS 0000500799) since 2023-03-31, the latter also confirmed by name on the company's own site. Past, ended posts: Zarząd, Rada Nadzorcza and Prokurent at Miejski Zakład Gospodarki Komunalnej w Chełmku (2008-2020) and Rada Nadzorcza @ Administracja Domów Mieszkalnych sp. z o.o. (2010-2019). Supervisory_organ for all five companies is rada_nadzorcza, none rada_spoleczna - trap 1 checked, does not apply.","verdict=publish || TEZA: A 2024 PiS-list candidate is simultaneously the sitting CEO (since 2019) of Wadowice's water utility and, since 2023, a supervisory-board member of the Małopolska region's rail company - two public posts at once. || UWAGA: Verifier checked independently and strengthened the case, finding Koleje Małopolskie's own leadership page names him in full alongside the matching KRS composition - stronger than the masked-initial match alone. One gap neither the researcher nor the verifier could close: the primary PKW page for the 2024 PiS-list candidacy and the 2010 WYBRANY win could not be opened directly (search engines and PKW's site were unreachable in this session) - it rests on koryta's own parsed kandydatury field."
