nr,osoba,werdykt,connection,post,comment
1,Liwia Małczak,publish,"Elected radna Rady Miasta Skierniewice, April 2024, KW Razem dla Skierniewic — the committee of prezydent Krzysztof Jażdżyk, which won 11 of 21 council seats; she took 502 votes (2.73%), the best result for her committee in okręg 3. She chairs the Komisja Samorządu, Zdrowia, Pomocy Społecznej i Porządku Publicznego (skierniewice.eu). No earlier candidacies in PKW. | ŹRÓDŁO: Company's own BIP lists her by name: https://bip.ttbs.com.pl/bip/organy-spolki/ ('Członek Rady Nadzorczej – Liwia Małczak'; Zarząd: Marek Olkiewicz prezes; Przewodnicząca RN: Zofia Szymańska). Council membership and committee chair: https://www.skierniewice.eu/urzad-miata/urzad-miasta/rada-miasta/radni/ . 2024 result and the Razem dla Skierniewic majority: https://skierniewice.naszemiasto.pl/beda-decydowac-o-losach-skierniewic-znamy-sklad-nowej-rady/ar/c9-9669337 and https://eglos.pl/aktualnosci/item/43388-razem-dla-skierniewic-z-wiekszoscia-w-radzie-miasta . TTBS patronage context: https://www.nasztomaszow.pl/artykul/49444,zmiany-w-miejskich-spolkach-glimasinski-w-mzk-olkiewicz-w-ttbs . KRS API confirms a RN member surnamed M-6-letters, first name L-5-letters, PESEL starting 9 (born in the 1990s).","One, current: członek Rady Nadzorczej, Tomaszowskie TBS sp. z o.o. (100% Gmina Miasto Tomaszów Mazowiecki), since 2026-08-11. Plus the elective post of Skierniewice councillor.","verdict=publish || TEZA: Liwia Małczak, a sitting Skierniewice city councillor elected in 2024 on the mayor's list, was entered on 11 August 2026 into the supervisory board of Tomaszowskie TBS — the housing company of a different city, Tomaszów Mazowiecki, whose board is otherwise staffed by that city's mayor's own election committee. || UWAGA: No single source states both facts about the same person; the identity join is mine. It is strong but not certain: 'Liwia Małczak' occurs exactly once in the whole PKW candidate file (birth year 1992) and exactly once in the KRS person set (rejestr.io 3478426, born 1992-05-16), 'Liwia' appears in only 10 PKW rows nationally, the KRS PESEL prefix 9 matches a 1990s birth, and Polish web search returns only one Liwia Małczak, in Skierniewice. Still, the cross-city placement is unexplained and should be put to her before publication: Razem dla Skierniewic ran against PiS in Skierniewice in 2024 (PiS's Piotr Paradowski took 5 seats), so the route from Jażdżyk's committee to Witko's company is not obvious. Also unverified whether any TTBS supervisory seat is an employee-elected one — she lives in Skierniewice so it cannot be hers, but say so rather than assume."
2,Agnieszka Maksymiuk,maybe,"None found. Zero PKW candidacies, no party in the export, no wiki entry. | ŹRÓDŁO: Both current seats confirmed directly against the live KRS register (api-krs.ms.gov.pl OdpisAktualny for 0000132241 and 0000016065 — names are masked but surname/first-name lengths and PESEL decade match). KRS 0000068125 identified as the former LOTOS Infrastruktura SA, Jasło, via northdata (https://www.northdata.com/Lotos+Infrastruktura+SA,+Jas%C5%82o/KRS0000068125). CH Wschód's state shareholding and MAP oversight: https://www.imsig.pl/krs/0000016065 . I could not find her by name in any press, ministry list or professional register — that gap is itself the problem.","Seven supervisory-board seats since 2008, two of them current and simultaneous: Centrum Handlowe Wschód SA (since 2025-10-10) and Zakłady Chemiczne 'Rudniki' SA (since 2026-08-05). Notable earlier ones: Radio Wrocław SA and ZNTK Oleśnica SA.","verdict=maybe || TEZA: Agnieszka Maksymiuk has sat on the supervisory boards of seven state-owned companies without a break since 2008 — currently two at once, Centrum Handlowe Wschód and Zakłady Chemiczne Rudniki — but has never stood for office and cannot be identified in any public source. || UWAGA: Do not publish until you know who she is professionally. If she is an MSP/MAP/KOWR/ARP official delegated as the state shareholder's representative — which is what 18 unbroken years across three governments suggests — this is a job, the site's own 'career professional' exclusion applies, and the page would assert a political route that does not exist. The MAP 'Składy rad nadzorczych' list on gov.pl is the place to settle it. Also note her Zielonogórski Rynek seat ended 2026-07-24 and CH Wschód/Rudniki are open-ended in KRS, which only means nobody has filed a removal."
3,WIOLETTA KACPERSKA,skip,"None found — 0 candidacy rows in PKW for this name, no party. | ŹRÓDŁO: https://www.zozsanok.pl/?page_id=488 lists 'p.o. Dyrektor – Wioletta Kacperska'. The director competition run by Zarząd Powiatu Sanockiego (uchwała XXXI/262/2026, deadline 1 June 2026) is at https://korsosanockie.pl/wiadomosci/zarzad-powiatu-sanockiego-szuka-nowych-dyrektorow-ruszyly-konkursy-na-kluczowe-stanowiska-w-szpitalu-i-pogotowiu/qklqkWjkS6EhjMg6ntrw ; the hospital's finances and the 70% salary decision are reported on esanok.pl.","One, current: p.o. Dyrektor / 'Zarząd' of SPZOZ w Sanoku since 2026-08-04. No prior public post in KRS.","verdict=skip || TEZA: No story: Wioletta Kacperska is the acting director of the Sanok county hospital, stepped up on 4 August 2026 after the director went on sick leave, with no electoral or party record of any kind. || UWAGA: The export contained a duplicate page for her (x5FuEfasK53ybxmtgdRG, 'Wioletta Kacperska') already merged into PrHJ6GkBOF6p6XZCBULO — nothing to act on, but do not resurrect it. If she wins the open konkurs and becomes substantive director that is still a hospital manager, not a koryto post, unless a political route appears."
4,Leszek Kalinowski,skip,"None that can be safely attributed to him. The four Dźwierzuty candidacies (1994, 1998, 2002, 2010-lost) belong to a Leszek Kalinowski born 1962 in powiat szczycieński; there is no evidence that is the same man as the Polfa appointee, and good reason to think it is not. | ŹRÓDŁO: Company's own site lists the board: https://tzfpolfa.pl/o-nas/wladze-spolki/ (Marta Maciążek przewodnicząca, Małgorzata Olszewska, Wojciech Świstak sekretarz, Tomasz Gregorczyk, Witold Pahl, Leszek Kalinowski). Ministry of Health as shareholder: https://www.gov.pl/web/zdrowie/prezes-zarzadu-spolka-tarchominskich-zakladow-farmaceutycznych-polfa . Registered form of the name 'Leszek Marian Kalinowski' surfaced via rejestr.io's indexed page for KRS 27471. The GUMed professor: https://ppm.gumed.edu.pl/info/author/GUMf35ff64923d3474e81e1077f738af3c6/ (prof. dr hab., doktorat 1993, habilitacja 2004, profesura 2019) and https://pg.edu.pl/en/p/leszek-kalinowski-1294552 ; the OPI reviewer database indexes him as 'prof. dr hab. Leszek Marian Kalinowski'. I could NOT independently read a document giving the professor's date of birth, so treat that last step as unverified.","One, current: member of the Rada Nadzorcza of Polfa Tarchomin SA (100% Skarb Państwa, Ministry of Health) since 2026-08-03. No other KRS role ever recorded.","verdict=skip || TEZA: Do not publish: the record joins a Warsaw state-pharma supervisory seat to four local candidacies in a Mazurian village, on the strength of a common surname and a birth year — the man in the register is almost certainly prof. Leszek Marian Kalinowski of the Medical University of Gdańsk. || UWAGA: This is the libel case in this batch. Publishing as-is would tell readers that the sołtys of a village in gmina Dźwierzuty sits on the board of a Warsaw state pharmaceutical company, and would attach a rural political record to a named medical professor. Flag the record for a person-merge/split fix: the koryta join here is name+birth-year against one of the commonest surnames in Poland. If somebody wants to rescue it, the discriminator is the middle name — the register says Marian; establish whether the Dźwierzuty candidate has it."
5,Ewa Nieścierenko,maybe,"None found. No PKW candidacy, no party. The only political fact is circumstantial: her entire municipal career runs inside Andrzej Nowakowski's (PO/KO) administration, beginning three months after he took office in December 2010. | ŹRÓDŁO: ARS's own BIP names her and the appointing resolution: https://agencja.plock.eu/1k6mnbEf/rada-nadzorcza — 'Ewa Grażyna Nieścierenko – Wiceprzewodnicząca, powołana 1 czerwca 2021, uchwała nr 5/ZW/2021 Zgromadzenia Wspólników', and states the RN is appointed by the Zgromadzenie Wspólników (i.e. the City). Płock's list of its companies, including PGO and ARS: https://nowybip.plock.eu/T6CbVOJ5/spolki-prawa-handlowego-z-udzialem-miasta . Her profession: https://www.znanylekarz.pl/ewa-grazyna-niescierenko/internista-lekarz-medycyny-pracy/plock . Nowakowski's fourth term: https://www.rdc.pl/aktualnosci/plock/wybory-samorzadowe-2024-wyniki-plock-kto-jest-prezydentem-plocka-nowakowski_NiWCKbfVRWk1F4SNJfOV . Current PGO board verified against api-krs.ms.gov.pl for KRS 0000158021.","Three Płock city companies over fifteen unbroken years; one current. Current: Rada Nadzorcza, Przedsiębiorstwo Gospodarowania Odpadami w Płocku sp. z o.o., since 2026-08-03. Past: Prezes Zarządu, Płocki ZOZ sp. z o.o. (Szpital Świętej Trójcy), 2011-2021; Wiceprzewodnicząca Rady Nadzorczej, ARS Płock, 2021-2026.","verdict=maybe || TEZA: Ewa Nieścierenko has held a post in a City of Płock company without a break for fifteen years under one mayor — ten as president of the city's health company, five on the supervisory board of its revitalisation agency, and since 3 August 2026 on the supervisory board of its waste company — but she is a doctor and has never stood for anything. || UWAGA: Two things to check before publishing. (1) There is no political trace to name, so as it stands the page says 'a doctor has had municipal company posts for fifteen years', which reads as a career, not a koryto; find a party or committee link to Nowakowski's camp, or drop it. (2) PGO is a jednoosobowa spółka gminy, so under art. 10a ust. 6 ustawy o gospodarce komunalnej two-fifths of its five-member supervisory board are elected by employees — she is not a PGO employee so hers is almost certainly an owner seat, but that is unverified and a workers' seat would be out of scope. Separately: local press carries an ordynator's public accusation against her from her ZOZ presidency (petronews.pl). That is an internal management dispute, not a public-post fact — do not build the page on it."
6,Jacek Tyniec,publish,"Nine recorded candidacies 1994-2018. PiS lists five times: 2006 samorząd, 2010 samorząd (kłodzki, lost), 2011 Sejm (lost), 2014 europarlament, 2014 sejmik dolnośląski. Ran for burmistrz of Polanica-Zdrój in 2018 under his own KWW Polanica na Plus (lost). Registered a committee for the 2024 burmistrz race and withdrew in March 2024 — ""Chyba zbyt pochopnie zarejestrowałem własny komitet z zamiarem startowania w wyborach na burmistrza"" (klodzko24.eu, 9 March 2024). | ŹRÓDŁO: 24klodzko.pl on the July 2024 recall (https://24klodzko.pl/marcin-moskal-zastapil-jacka-tynca-na-stanowisku-prezesa-miejskiego-zakladu-komunalnego-w-polanicy-zdroju/); nowaruda24.pl interview on taking over RUK Radków, 31 Jan 2025 (https://nowaruda24.pl/wiadomosci/gmina-radkow-nowy-prezes-u-bednarczyka-wywiad-z-jackiem-tyncem/jfnu9hxdIjO13VlxiM9A) — it states 23 years at MZK, 8 as director and 18 as prezes, and that burmistrz Mateusz Jellin went back on a promise to keep him to retirement in June 2027; Radków BIP oświadczenie majątkowe on his RUK resignation (https://radkowklodzki.biuletyn.net/?bip=2&cid=1301&id=5665); klodzko24.eu on the withdrawn 2024 mayoral run; api-krs.ms.gov.pl odpis aktualny KRS 0000450624 confirming PREZES ZARZĄDU as of 31.07.2026.","Three, all gmina-owned utility companies in the Kłodzko region, held in sequence, never simultaneously. Current: prezes zarządu DZK Duszniki-Zdrój (from 2026-07-31). Past: prezes MZK Polanica-Zdrój 2006-2024 (the notable one — 18 years); prezes Radkowskie Usługi Komunalne c. Jan 2025 to 2026. The RUK post is MISSING from the koryta record — its KRS (0000506984) is absent from company_krs.jsonl entirely, so the page as generated would show a two-year gap that was not a gap.","verdict=publish || TEZA: Jacek Tyniec, five-time PiS candidate and one-time candidate for burmistrz of Polanica-Zdrój, ran that town's water and waste company for 23 years until the mayor's supervisory board sacked him in July 2024 — and has since run the utility companies of two neighbouring gminas, taking over Dusznicki Zakład Komunalny as prezes on 31 July 2026. || UWAGA: Add the Radkowskie Usługi Komunalne post before publishing — the record is incomplete without it. He is also a genuine 23-year utility professional, not a parachute, and the mayor who hired him in Duszniki (Urszula Karpowicz) leads a non-party KWW, so the story is ""recycled municipal utility boss with a long PiS ballot record"", not clean party spoils; write it that way. Do not describe him as removed ""for political reasons"" — no source states a reason for the July 2024 recall."
7,Łukasz Bielak,skip,"None found. The single candidacy in the data (2024, KWW Małgorzaty Smaga-Becla, gmina Dobra, powiat limanowski) belongs to a different Łukasz Bielak — different middle name, different birth year, 500 km away. No party in the koryta record either (parties = []). | ŹRÓDŁO: northdata KRS0000110826 gives the officer's full name as Łukasz Tomasz Bielak with exactly the koryta dates (https://www.northdata.com/Przedsi%C4%99biorstwo%20Budowy%20Kopal%C5%84%20Pebeka%20SA,%20Lubin/KRS0000110826); the same full name appears for the ARP TFI removal of 2018-02-08. The candidate is documented separately at farmer.pl (https://www.farmer.pl/wybory/osoba/lukasz-bielak,207042.html) as a gmina Dobra candidate on KWW Małgorzaty Smaga-Becla, 153 votes, no mandate. api-krs.ms.gov.pl confirms a Bielak (PESEL beginning 8) on the PEBEKA rada nadzorcza, stan z 29.07.2026.","Six seats, all rada nadzorcza, all in state-controlled companies. Current: PEBEKA S.A. (KGHM subsidiary, KRS 0000110826) from 2026-07-29. Past: PEBEKA 2020-2022, Future 1 sp. z o.o. (KGHM) 2019-2020, Miedziowe Centrum Zdrowia S.A. (KGHM) Aug-Oct 2018, ARP TFI S.A. 2017-2018; press also places him on the RN of TUW Cuprum (KGHM group). Notable that the first appointment (ARP TFI, June 2017) and the pattern that followed sit squarely in one political era, but nothing links him to it by name.","verdict=skip || TEZA: No story: the one candidacy attached to this record belongs to a different man, and without it he is a supervisory-board professional in the KGHM group with no political trace at all. || UWAGA: This is the namesake trap in the brief. Publishing it would put a Małopolska local-committee candidate's political record on a Lower Silesian KGHM board member's page — a libel risk with no upside. Worth fixing upstream: the enrichment matched despite its own kp_same_birth_year = 0 flag, so whatever rule allowed that is producing more of these."
8,Dominik Jackiewicz,skip,"None found. No candidacy in the PKW data and none in press; no party. Białogard's burmistrz Emilia Bury (KWW Emilii Bury) was re-elected in April 2024 in a runoff (4,788 votes, 56.42%), so there was not even a change of local government to hang the 2026 appointment on. | ŹRÓDŁO: gk24.pl ""Prawie wszyscy prezesi miejskich spółek w Białogardzie są nowi"" (https://gk24.pl/prawie-wszyscy-prezesi-miejskich-spolek-w-bialogardzie-sa-nowi/ar/c1-14117115) — appointed prezes of ZKM in 2019, aged 36, previously DHL and PKS Koszalin; gk24.pl on the later resignations of the ZKM and BOSiR presidents. Age 36 in 2019 matches the register birth date of 1983-03-31, so this is the same man — no namesake problem, just no story.","Two, both companies of gmina miejska Białogard, five years apart. Current: rada nadzorcza BOSiR sp. z o.o. from 2026-07-29 — a small municipal sports and recreation company. Past: prezes zarządu ZKM Białogard 2019-2021. No accumulation (never simultaneous), no scale, no prominence.","verdict=skip || TEZA: No story on the man himself: a logistics manager who ran Białogard's bus company and is now on another Białogard company's supervisory board, with no candidacy, no party and no political trace anywhere in the record. || UWAGA: Namesake risk is low (birth year confirmed by press), so the risk here is the opposite one: publishing a page that implies a political appointment where the evidence is a career in bus and logistics management. If the Białogard July-2026 board refresh is written up, it belongs on Strząbała's page or on the companies', with Jackiewicz named only as a fellow appointee."
9,Tomasz Strząbała,publish,"Radny Rady Miejskiej Białogardu 2014-2024 (audit committee 2014-2018), przewodniczący Rady Miejskiej 2018-2024. Candidacies: 2014 and 2018 samorząd on KWW Forum Obywatelskie; 2019 Sejm, KKW Koalicja Obywatelska PO .N iPL Zieloni, okręg 40 Koszalin, lost; 2024 samorząd, KKW Koalicja Obywatelska — ELECTED to Rada Powiatu Białogardzkiego, 975 votes (11.23%). Currently one of 17 sitting county councillors. | ŹRÓDŁO: portalsamorzadowy.pl profile confirming the 2024 county mandate, the 975 votes and the 2018-2024 council chairmanship (https://www.portalsamorzadowy.pl/osoba/tomasz-strzabala,76660.html); the Rada Powiatu Białogardzkiego 2024-2029 roster on the powiat's site and BIP; the company's own BIP lists the rada nadzorcza as Hyży, Piętniewicz, Strząbała, Sztark, Zawodniak (https://bip.uzdrowisko-polczyn.pl/rada-nadzorcza/idm); press confirms Emilia Mazur's appointment as prezes on 17 October 2024 after KGHM's positive opinion (gk24.pl); api-krs.ms.gov.pl odpis aktualny KRS 0000088229 confirming him on the ZKM board as of 27.07.2026.","Two, both current, both supervisory boards, held simultaneously alongside an elected county mandate. Notable: Uzdrowisko Połczyn Grupa PGU S.A. (from 2024-10-21) — a KGHM Polska Miedź group company, i.e. the state-controlled corporate sector, not just a municipal one. Second: ZKM Białogard sp. z o.o. (from 2026-07-27), his own town's bus operator.","verdict=publish || TEZA: Tomasz Strząbała, a lawyer who chaired Białogard's city council for six years and was elected to the county council for the Civic Coalition in April 2024, joined the supervisory board of a KGHM-owned spa company six months later — on the day its entire PiS-era board was swept out — and added the seat on the town's bus company in July 2026. || UWAGA: Do not imply illegality. He is a POWIAT councillor sitting on the supervisory board of a GMINA company (ZKM) and a KGHM-group company — art. 25b ustawy o samorządzie powiatowym bars powiat councillors from boards of companies with powiatowe osoby prawne, which is not the case here, so there is no evident breach and none should be suggested. Also be precise about ""state-owned"": KGHM is state-CONTROLLED (Skarb Państwa is the largest shareholder, not the sole one), so Uzdrowisko Połczyn is a state-controlled group company. The four other Połczyn board members (Sztark, Piętniewicz, Hyży, Mazur) already exist as unpublished nodes — publishing them together is the stronger piece."
10,Krystian Ulbin,publish,"Four candidacies, all PO or Koalicja Obywatelska: 2014 sejmik dolnośląski, 2015 Sejm, 2018 rada powiatu świdnickiego (lost), 2024 rada powiatu świdnickiego — elected, okręg 5. Member of the zarząd powiatu świdnickiego June-September 2024. Prezes of LGD ""Szlakiem Granitu"". Facebook page runs as ""Krystian Ulbin — radny"". | ŹRÓDŁO: Starostwo Powiatowe w Świdnicy BIP holds ""Krystian Ulbin — oświadczenie majątkowe złożone w związku z objęciem funkcji członka zarządu"" (filed 7 June 2024, published 17 June 2024) and a matching declaration on ending that function on 18 September 2024 (https://spswidnica.bip.e-zeto.eu/index.php?type=4&name=bt5&func=selectsite&value%5B0%5D=mnu8&value%5B1%5D=201); he is listed as a sitting member of Rada Powiatu Świdnickiego 2024-2029 (https://www.powiat.swidnica.pl/p,71,sklad-rady-powiatu); the Ministry of Agriculture publishes WRH's Zarząd and Rada Nadzorcza documents under its ownership-supervision pages (https://www.gov.pl/web/rolnictwo/walbrzyski-rynek-hurtowy-sa-z-siedziba-w-walbrzychu); api-krs.ms.gov.pl odpis aktualny KRS 0000108417 confirms him as PREZES ZARZĄDU, stan z 27.07.2026.","One real koryto post, and it is the top job: prezes zarządu Wałbrzyski Rynek Hurtowy S.A., a State Treasury company, from 2026-07-27, current, sole board member. The record's second entry — ""Rada Nadzorcza"" of SPZOZ Powiatowe Pogotowie Ratunkowe w Świdnicy (KRS 0000098817), 2019-12-04 to 2022-02-21 — is NOT a supervisory board: company_krs gives supervisory_organ = rada_spoleczna for that KRS, so it is an unpaid rada społeczna seat at a public health service, which the site deliberately excludes. It still belongs in the narrative (appointed to the powiat's ambulance-service rada społeczna a year after his failed 2018 county run), but it must be labelled as a rada społeczna, not counted as a post.","verdict=publish || TEZA: Krystian Ulbin, 32, a Civic Coalition county councillor in Świdnica who stood for PO or KO four times and sat briefly on the county executive in 2024, became sole president of the board of Wałbrzyski Rynek Hurtowy S.A. — a State Treasury company — on 27 July 2026. || UWAGA: Two things. First, the SPZOZ pogotowie seat is a rada społeczna — unpaid, excluded by the site's own rule — so the page must not present it as a second koryto post or the whole piece is attackable. Second, do not assert a legal conflict: the ustawa antykorupcyjna bars members of a zarząd powiatu from company management boards, but he left the zarząd powiatu on 18 September 2024, nearly two years before the WRH appointment, so on the evidence there is no breach — say only that he holds a county mandate while running a state company. Namesake risk is negligible (mistake_odds 120,485; the surname Ulbin appears 22 times; PKW ""ULBIN Krystian Rafał"" matches the register name exactly)."
11,Adrian Futryn,skip,"none found - no PKW candidacy in any year, no party, no committee | ŹRÓDŁO: https://api-krs.ms.gov.pl/api/krs/OdpisAktualny/0000079452?rejestr=P (KTBS: sole owner GMINA BIAŁYSTOK; zarząd = 'A***** F*****' PREZES ZARZĄDU, PESEL 7x) and https://api-krs.ms.gov.pl/api/krs/OdpisPelny/0000452595?rejestr=P (Stadion Miejski: 'A***** F*****' WICEPREZES, wpis 85 -> wykreslony wpis 95). Press: poranny.pl reported him and Łukasz Bugowski as two new vice-presidents of Białystok municipal companies (headline only, article not fetched). bip.bialystok.pl timed out.","3 posts at 2 companies, both owned 100% by Gmina Białystok. Current: prezes zarządu of Komunalne TBS (from 2026-07-27). Ended: prokurent of the same TBS (2021-2025) and wiceprezes zarządu of Stadion Miejski (2025-08-29 to the 2026-08-19 filing).","verdict=skip || TEZA: Białystok municipal-company manager: five years as prokurent of the city's Komunalne TBS, a year as deputy head of the city stadium company, now prezes of the TBS - with no political record of any kind. || UWAGA: The export is wrong on one fact: it shows the Stadion Miejski zarząd post as still open (end: null). The live register says he was struck off in the 2026-08-19 filing. Publishing the record as-is would assert a post he no longer holds."
12,Irena Krzyszkiewicz,publish,"Burmistrz Góry 2008-2024 (won 2010, 2018; lost 2024 runoff); local candidacies 1998, 2002, 2006, 2014 (x2), 2018, 2024; Sejm candidate for KW Platforma Obywatelska RP in 2015, okręg 3 Wrocław. Export party tag: PO. | ŹRÓDŁO: Company's own site lists her: https://dchrs.com.pl/o-nas/zarzad-i-rada-nadzorcza/ (Patryk Wroński - Prezes Zarządu, Irena Krzyszkiewicz - Członek Zarządu). Live KRS: https://api-krs.ms.gov.pl/api/krs/OdpisAktualny/0000099256?rejestr=P ('I**** T***** K************', PESEL 6x, CZŁONEK ZARZĄDU). Local press, 20 July 2026: https://elka.pl/content/view/130954/77/ - 'została powołana do zarządu dużej wrocławskiej spółki z większościowym udziałem Skarbu Państwa'. Election defeat: https://elka.pl/content/view/119500/77/ (Juska 3,707 / 53.17%, Krzyszkiewicz 3,266 / 46.83%; '16 lat (2008-2024)'). MAP oversight: gov.pl announcement of a qualification procedure for the company's prezes.","One, and it is current: członek zarządu of Dolnośląskie Centrum Hurtu Rolno-Spożywczego S.A. (Wrocław) from 2026-07-24. No other company post in the register. Her sixteen years as burmistrz are an elected office, not a company seat.","verdict=publish || TEZA: Burmistrz of Góra for sixteen years and a 2015 PO Sejm candidate; twenty-seven months after losing the 2024 runoff she was appointed to the management board of a Wrocław company majority-owned by the State Treasury. || UWAGA: The gap is 27 months, not weeks - the page must say 'two years after losing' rather than imply a direct swap. She is also listed as a member of KW Stowarzyszenie 'Bezpartyjni Samorządowcy' (bezpartyjnisamorzadowcy.pl was unreachable, so unverified); the PO tag rests on the 2015 Sejm list, not on proven party membership. Say 'stood on the PO list in 2015', not 'PO politician'."
13,Adrian Salej,maybe,"none found - zero PKW rows for the surname Salej; no party, no committee, no council seat | ŹRÓDŁO: Live KRS: https://api-krs.ms.gov.pl/api/krs/OdpisAktualny/0000107288?rejestr=P - sole owner JASTRZĘBSKA SPÓŁKA WĘGLOWA S.A. (KRS 0000072093); zarząd entry for 'A***** S****' (PESEL 7x) reads as the RN delegation quoted above; RN = 'E** D*****', 'S******** G*****', 'A***** S****'. rejestr.io's JSU page (via search snippet) gives his age as 55 and names the other two supervisors as Ewa Dziwok and Sylwester Garbas, matching birth date 1971-07-01. No press coverage of him found.","6 posts at 5 companies over 18 years, 5 of them public. Current: rada nadzorcza of JSU sp. z o.o. plus the delegation to act on its zarząd until 2026-10-08. Ended: RN of JSW Szkolenie i Górnictwo (2024-2026), RN of MTBS Tarnowskie Góry (2008-2009), RN of PEC Jastrzębie-Zdrój (2009-2012), zarząd of Huta 'Kościuszko' S.A. (2012). EC Budownictwo (2013-2020) is genuinely private - it carries no hardcoded public source, so the is_public bug does not apply.","verdict=maybe || TEZA: Sits on the supervisory board of JSU, a wholly owned JSW subsidiary, and since July 2026 has been delegated from that board to act as a management-board member - stepping into seats two published PiS appointees lost in 2024, but with no political record of his own. || UWAGA: Two things to check first. (1) The export calls the July 2026 role 'Zarząd' with no end date; the register says it is a three-month RN delegation expiring 8 October 2026 - publishing 'joined the management board' would be wrong. (2) Whether his JSU supervisory seat is an employee-elected one is unverified; if it is, it is a workers' seat and the page should not run. PEC Jastrzębie-Zdrój (KRS 0000338294) now returns 404 from the register, so its ownership at the time of his 2009-2012 seat is unverified."
14,Grzegorz Kielar,maybe,"KWW W TROSCE O ŁAŃCUT (Rafał Kumek's committee) in 2018 and 2024, Łańcut city council; not elected in 2024, 2018 result unknown. No party membership shown in the March 2024 obwieszczenie. | ŹRÓDŁO: Live KRS: https://api-krs.ms.gov.pl/api/krs/OdpisAktualny/0000109761?rejestr=P - sole shareholder POWIAT JAROSŁAWSKI; RN includes 'G******* K*****', PESEL 7x, alongside the four members named in the county's own October 2025 announcement (https://powiat.jaroslawski.pl/aktualnosci/item/10315). Identity: the Miejska Komisja Wyborcza obwieszczenie of 14 March 2024 (https://lancut.biuletyn.net/fls/bip_pliki/2024_03/BIPF613FE3D65ACA5Z/1403_Obwieszczenie_o_zarejestrowanych_listach_kandydatow_radni.pdf) lists 'KIELAR Grzegorz, lat 50, zam. Łańcut, zgłoszony przez KWW W TROSCE O ŁAŃCUT - Lista nr 13' in okręg 11, and the register person is born 1973-05-25 - age and town both match. Łańcut 2024 outcome: https://www.portalsamorzadowy.pl/miasto/lancut,799.html (burmistrz Damian Szubart, KWW ŁAŃCUT ŁĄCZY; W Trosce o Łańcut holds 4 seats).","2 posts, both supervisory, both at genuinely public companies. Current: rada nadzorcza of PKS Jarosław S.A. (100% Powiat Jarosławski) from 2026-07-17. Ended: rada nadzorcza of Łańcucki Zakład Komunalny sp. z o.o. (Gmina Miasto Łańcut), 2019-04-03 to 2024-12-12.","verdict=maybe || TEZA: Łańcut accountant who stood twice for the mayor's electoral committee: he joined the town utility's supervisory board five months into that mayor's term and was removed seven months after the committee lost power - and in July 2026 turned up on the board of the neighbouring county's bus company. || UWAGA: The name-match confidence is the weakest of the five (unique_chance 0.78, mistake_odds 4.5 versus 455-667 for Krzyszkiewicz and Kail), and Kielar is a common Podkarpacie surname - the register alone holds Robert, Bogusław (two), Damian, Daniel, Janusz, Katarzyna, Mieczysław and Stanisława Kielar, plus an Olaf Grzegorz Kielar in Łańcut. The age-and-town match from the obwieszczenie is what rescues it; do not publish on the database join alone. Also unresolved: whether he won a seat in 2018, and why a PiS-run county gave him the PKS seat - neither the ŁZK appointment nor the removal could be corroborated outside the register."
15,Andrzej Kail,publish,"Candidate in powiat gorzowski in 1998, 2002, 2010 (PO list), 2014, 2018 and 2024; elected in 2024 on KWW SAMORZĄDOWY POWIAT and now Przewodniczący Rady Powiatu Gorzowskiego (2024-2029), member of the budget committee, and the committee's campaign chief. Export party tag: PO (from the 2010 list). | ŹRÓDŁO: Council role: https://powiatgorzowski.pl/rada-powiatu/ ('Andrzej Kail - Przewodniczący Rady Powiatu Gorzowskiego'), and Gazeta Lubuska's report of his election as chairman. KSSSE board and current job: https://zachod.pl/1359438/andrzej-kail-dyrektor-dzialu-marketingu-i-promocji-k-s-sse-s-a/ and his LinkedIn (Członek Zarządu, KSSSE S.A.), alongside prezes Krzysztof Kielec and wiceprezes Magdalena Hilszer. Live KRS: https://api-krs.ms.gov.pl/api/krs/OdpisAktualny/0000446103?rejestr=P - sole owner MIASTO I GMINA MYŚLIBÓRZ (27,826 udziałów, 15,304,300 zł); RN = 'R****** Ś********', 'B******* B*******', 'A****** K***' (PESEL 7x); zarząd = 'E***** D***********', PREZES. The prezes competition run in March 2026 by RN chair Bogusław Bukowski: https://www.pwik.mysliborz.pl/aktualnosc-171-informacja.html.","4 posts at 4 public companies. Current: rada nadzorcza of PWiK sp. z o.o. Myślibórz (from 2026-07-17), while chairing the Gorzów county council and working as a KSSSE department director. Ended: zarząd of Kostrzyńsko-Słubicka SSE S.A. (2021-07-07 to 2024-07-24), rada nadzorcza of PAIH S.A. (2021-07-07 to 2021-11-17), rada nadzorcza of MZK Kostrzyn nad Odrą (2011-06-10 to 2021-07-06).","verdict=publish || TEZA: Chairman of the Gorzów county council, elected in 2024 on the committee whose campaign he ran, spent ten years on his home city's utility board, moved to the management board of a state special economic zone and the supervisory board of PAIH on the same day in 2021, and in July 2026 took a supervisory seat at a water company in another województwo. || UWAGA: Two qualifications the page should carry. The KSSSE board seat is partly an internal promotion - he was already the zone's marketing director and still is, so it is not a parachute. The PAIH supervisory seat (2021-07-07 to 2021-11-17) rests on the register alone; no press coverage found, so present it as a register entry. Do not imply the Myślibórz seat is unlawful: a powiat councillor is barred only from companies with his own powiat's participation (usp art. 25b), and PWiK belongs to a gmina in another województwo - the point is that a sitting council chairman holds a paid supervisory seat at another authority's company, not that he broke a rule. Namesake risk is negligible: rare surname, unique_chance 0.9985, and every candidacy sits in powiat gorzowski, where his ten-year MZK Kostrzyn board seat also sits."
16,Konrad Miterski,skip,"none found - no candidacies in PKW data, no party in the export, no political mention in any press hit | ŹRÓDŁO: https://www.rynekinfrastruktury.pl/wiadomosci/biznes-i-przemysl/konrad-miterski-bedzie-pelnil-obowiazki-prezesa-torpolu-99369.html and https://www.stockwatch.pl/wiadomosci/konrad-miterski-p-o-prezesa-torpolu-od-kwietnia-do-czerwca-2026-roku,akcje,369086 (delegation as acting president, extended to 30 Sept 2026); https://www.wnp.pl/kto-jest-kim/konrad-miterski,2465.html (CV); api-krs.ms.gov.pl OdpisAktualny 0000407013 and 0001138626 (both current posts confirmed); https://defence24.pl/przemysl/panstwowy-weglokoks-i-agencja-mienia-wojskowego-wlascicielami-huty-czestochowa (ownership)","Five register posts across 22 years, three of them public: Walcownia Rur Jednosc RN (2004-05, TF Silesia-owned), WRJ Inwestycje RN (2006-07), Torpol RN (2024- ) plus acting CEO (2026- ), Huta Czestochowa RN (2026- ). Two are current. The Huta Czestochowa seat is the notable one - Poland's only mill making armour-grade heavy plate.","verdict=skip || TEZA: Restructuring banker turned state-industry manager: supervisory board of Torpol since June 2024, delegated as its acting CEO from April 2026, and on the board of the newly state-owned Huta Czestochowa from July 2026 - with no electoral record at all. || UWAGA: No political trace whatsoever, so a page would be 'sits on a supervisory board' and nothing more. The 2008 PGE entry is a same-day start/end artifact and must not be reported as a job without an odpis pelny. Torpol's public status is not supported by the site's own data model even though it is true in fact. Would become a 'maybe' only if someone documented who nominated him to the Torpol RN in June 2024 (TF Silesia / MAP) and found a political route behind it."
17,Kamil Glazer,publish,"Rada Powiatu Lubanskiego 2024-2029, elected on KWW Walerego Czarneckiego (374 votes, 5.54%, okreg 3); przewodniczacy Rady Miasta Luban 2018-2024; council candidacies 2010 (lost), 2014, 2018 on Luban civic committees. Four candidacies in four consecutive local elections. | ŹRÓDŁO: https://www.eluban.pl/artykul/37159,nowy-prezes-puk-w-olszynie-kamil-glazer-zaczyna-od-ciecia-kosztow (28.05.2026 - appointment, 'W latach 2018-2024 byl Przewodniczacym Rady Miasta Luban, a obecnie zasiada w Radzie Powiatu', his own claim that his pay is 40% below his predecessor's and the RN gave up half its diety); https://www.portalsamorzadowy.pl/osoba/kamil-glazer,26455.html (Rada Powiatu Lubanskiego 2024-2029); https://webiko.pl/luban/wiadomosci/wybory-2024-wyniki-glosowania-radni-do-rady-powiatu (374 votes); api-krs.ms.gov.pl OdpisAktualny 0000098800 (prezes zarzadu, Gmina Olszyna 100%); https://www.eluban.pl/artykul/34700,nowy-prezes-puk-w-olszynie (Sept 2025 konkurs, the intervening prezes)","One, current: prezes zarzadu PUK Olszyna sp. z o.o. (gmina-owned, wodociagi/odpady) from May 2026, KRS-registered 2026-07-16. No other register posts - which is why the timing, not accumulation, is the story.","verdict=publish || TEZA: Kamil Glazer chaired Luban's city council from 2018 to 2024, was elected that April to the powiat council on the sitting starosta's own committee, and in May 2026 became sole chief executive of the neighbouring gmina's water and waste company - the second person from that committee to run it in eighteen months. || UWAGA: Do not assert that Czarnecki placed him: Olszyna's burmistrz is Leszek Lesko (KWW Nasza Gmina Olszyna, re-elected 2024 in a run-off) and it is his gmina that owns the company and appoints the rada nadzorcza that hires the prezes. The committee link runs through the powiat council, not through the appointing owner - say what the record shows and stop there. Namesake risk is low (mistake_odds 181, unique_chance 0.994, b. 1984-07-12, and the press biography matches the PKW candidate). Do not repeat the hostile eluban comment-thread allegations of 'kolesiostwo' - they are anonymous comments."
18,Wojciech Jankowiak,publish,"PSL throughout: sejmik wielkopolski 1998, 2006, 2010 (elected), 2014, 2018 and 2024 (elected, KKW Trzecia Droga); wicemarszalek wojewodztwa wielkopolskiego since 2006/2007 and still in office; Sejm candidate for PSL in 1993; zarzad of Towarzystwo im. Stanislawa Mikolajczyka (PSL-linked) since 2004; PSL Rada Naczelna, wiceprezes ZW, prezes ZM Poznan. | ŹRÓDŁO: https://www.umww.pl/wicemarszalkowie (still wicemarszalek, PSL); https://pl.wikipedia.org/wiki/Wojciech_Jankowiak_(polityk) (b. 1956-04-17, offices); api-krs.ms.gov.pl OdpisAktualny 0001138626 (RN member, PESEL prefix 5 matching 1956) and 0000067030 (MPK Poznan RN, stan 13.07.2026) and 0000109815 (PAIH RN as at 11.08.2026 - he is no longer on it); https://www.paih.gov.pl/news/zmiany-w-zarzadzie-i-radzie-nadzorczej-paih/ (RN changed 29.04.2026, zarzad recalled 30.04.2026); https://milmag.pl/huta-czestochowa-z-wlascicielami-i-planem-rozwoju-weglokoks-i-amw-finalizuja-proces-przejecia-zakladu/ (Weglokoks 50.1%/AMW 49.9%, closed 18.05.2026)","Six public-company supervisory seats over 24 years, two current: MPK Poznan RN (2021- , city-owned) and Huta Czestochowa RN (2026- , state-owned). Ended: PAIH RN (2025-2026), H. Cegielski-Poznan RN (Mar-Jul 2025), Port Lotniczy Poznan-Lawica RN (2002-2007). Plus a rada spoleczna seat at the Dziekanka hospital since 2021 which does not count. His own site also claims two terms on the supervisory board of Telewizja Polska SA - undated and unverified.","verdict=publish || TEZA: Wojciech Jankowiak has been PSL's deputy marshal of Wielkopolska since 2006, was re-elected to the sejmik in 2024, and has held a rolling series of state and city company supervisory seats - Cegielski, then PAIH, now Huta Czestochowa, joining its board two months after the state bought the mill - alongside a seat on Poznan's MPK he has held since 2021. || UWAGA: Two data corrections are mandatory before this goes live. (1) The Dziekanka post is a RADA SPOLECZNA, not a rada nadzorcza - the KRS organ nadzoru for KRS 0000002726 is literally 'RADA SPOLECZNA' and the node itself carries supervisoryOrgan=rada_spoleczna - so under site policy it is unpaid and must not be shown as a koryto post, even though the export labels the edge 'Rada Nadzorcza'. (2) The PAIH seat is shown twice, once closed 2026-05-19 and once open; the open one is the known duplicate-writing artifact and is false - the current KRS odpis does not list him, so the page must show PAIH as ended. Namesake risk is negligible (Wikipedia biogram, b. 1956, PESEL prefix 5 in KRS, all posts inside the Poznan/Wielkopolska orbit). Present the two-seat pattern as an observation, not as a legal finding."
19,Dariusz Bielski,maybe,"PO/KO council candidate in Swinoujscie three times - 2014, 2018 and 2024 (lost in 2024). No mandate found, no party office found. | ŹRÓDŁO: api-krs.ms.gov.pl OdpisAktualny 0000490038, stan 15.07.2026 (Gmina Miasto Swinoujscie 100%; prezes W. Wlodarski; Bielski sole prokurent); https://www.iswinoujscie.pl/drukuj/33980/ (2014 KW Platforma Obywatelska RP list, okreg 2, poz. 12); https://www.rynekzdrowia.pl/Polska-i-swiat/Swinoujscie-awaria-sprzetu-na-OIOM-ie-Oddzial-zawieszony,283625,15.html (April 2026, quoted as dyrektor ds. administracyjno-technicznych); https://szpital-swinoujscie.pl/artykul/konkurs-na-stanowisko-prezesa-zarzadu-szpitala-miejskiego-w-swinoujsciu (konkurs closing 15.01.2026); https://www.portalsamorzadowy.pl/polityka-i-spoleczenstwo/swinoujscie-pkw-joanna-agatowska-nowym-prezydentem-miasta,535763.html","One employer, three register roles, all at the city-owned hospital: zarzad 2025-12-09 to 2026-03-09 (three months), prokurent samoistny from 2026-07-15 (current), alongside an unregistered staff post as dyrektor ds. administracyjno-technicznych.","verdict=maybe || TEZA: A three-time Platforma/KO council candidate in Swinoujscie who joined the city hospital's management board in December 2025, left it after three months, and now holds sole prokura there - but he is also the hospital's own administrative director, which may make all of it internal promotion. || UWAGA: Check first: when he joined the hospital staff. If he has been its administrative-technical director for years, the December 2025 board seat is an internal promotion and there is no page - that single fact decides the verdict. Second, why the board seat lasted three months and ended on the day Wlodarski was entered as prezes. Also fix the data before publishing: the open zarzad edge is a duplicate and he is currently prokurent, not a board member - 'sits on the board of the city hospital' would be false today. Namesake: the export joined the right man (rejestr.io 1347521, b. 1967-06-14, unique_chance 0.99, KRS PESEL prefix 6), but a second Dariusz Bielski (b. 1964-08-17, rejestr.io 2227163, no candidacies) exists in the same dataset - keep them apart."
20,Elzbieta Sadowska,skip,none found for this person (b. 1976). The PiS-affiliated Elzbieta Sadowska in the dataset is a different woman. | ŹRÓDŁO: https://www.tauron.pl/tauron/bioeko-grupa-tauron/o-spolce/wladze-spolki (listed as czlonek rady nadzorczej of Bioeko); https://rejestr.io/krs/578211/lagisza-grupa-tauron (RN member since 19.09.2024); company_krs.jsonl parent chains confirm Tauron Wytwarzanie / Tauron Polska Energia ownership. No press coverage of her found at all.,"Three, all Tauron group supervisory boards: Lagisza (2024- ), Tauron Ubezpieczenia (2025-2026), Bioeko (2026- ). Two current. None outside the group.","verdict=skip || TEZA: Three supervisory board seats inside the Tauron group in under two years - and not one candidacy, party or press mention to connect them to politics. || UWAGA: The namesake trap is explicit and dangerous here: a different Elzbieta Sadowska (b. 1965-03-28, rejestr.io 1651050, Sokolow Podlaski, PiS, elected in 2024, PiS Sejm candidate in 2023) sits in the same enriched dataset. Attaching those candidacies to the Tauron board member would invent a political career for a private individual. Also unresolved: whether any of the three seats is an employee-elected seat - the Bioeko page marks no one as a workers' representative, but subsidiary boards of energy groups often carry one, and that would be a second reason not to publish."
21,Monika Sienicz,skip,"none found - no candidacies in the export or in people_enriched, no party, nothing in PKW-derived data, no press hits for the name in connection with Jelenia Gora | ŹRÓDŁO: KRS odpis aktualny 0000186967 via api-krs.ms.gov.pl confirms her on the RN (masked as S****** M*****); MPGK's own BIP page https://bip.mpgk.jgora.pl/rada-nadzorcza-spolki is stale, last published 2025-06-13, and still lists Granowski and Topczewska-Gorna whom she and Olechno replaced. No other source found.","One, current: rada nadzorcza of MPGK Jelenia Gora (100% gmina miejska Jelenia Gora) since 2026-07-14. Nothing before it.","verdict=skip || TEZA: Monika Sienicz joined the supervisory board of MPGK Jelenia Góra, the city's waste company, on 14 July 2026 - and that single line is her entire record. || UWAGA: Two reasons beyond the empty political record. First, MPGK's RN has five seats and I could not establish whether one or two of them are employee-elected (pracownik wybrany do rady nadzorczej), which the site excludes - if hers is such a seat the page would be actively wrong. Second, the only corroboration is the register itself; nothing independent identifies which Monika Sienicz this is."
22,Beata Chłodzińska,maybe,"none found - zero candidacies in the export and in people_enriched (pkw_name is null, so the matcher never even found her in PKW data), no party. Her only documented affiliation is institutional: MSP since 2001. | ŹRÓDŁO: https://energetyka.wnp.pl/beata-chlodzinska-przewodniczaca-rn-taurona,256170_1_0_0.html and https://www.pulshr.pl/zmiany-kadrowe/beata-chlodzinska-przewodniczaca-rn-tauronu-jaroslaw-zagorowski-wiceprzewodniczacym,28153.html (MSP since 2001, deputy director of the legal department, prior boards at PAP, CTO, Chemia Polska, MKG); https://www.money.pl/gielda/tauron-bez-przewodniczacej-rady-nadzorczej-beata-chlodzinska-zrezygnowala-6504396030240385a.html (resignation 27 Apr 2020); KRS odpis aktualny 0000374001 confirms C********** B**** J***** on PSG's seven-member RN today.","Eight supervisory-board seats, seven of them corrected-public; one current (PSG Tarnow, Orlen group, since 2026-07-13). Notable: chair of TAURON Polska Energia's RN Aug 2015 - Apr 2020, and PAP's RN for six years 2011-2017.","verdict=maybe || TEZA: Beata Chłodzińska, a Ministry of State Treasury lawyer, has held eight state-company supervisory board seats since 2006 - she chaired TAURON's board from 2015 to 2020 and returned to the trough at Polska Spółka Gazownictwa on 13 July 2026. || UWAGA: The record has no political route in it, which is the thing the site exists to document - published as-is it would read as an attack on a civil servant for doing her job. Two things to settle first: what she does now in 2026 (MSP was wound up in 2017; if she left the service and got the PSG seat anyway, the story changes), and who nominated her to PSG's board, since PSG's RN is filled by its owner in the Orlen group rather than directly by a minister. Also note TFI Energia's public status is unverified - do not assert it."
23,Marek Regel,publish,"Five samorzad candidacies 2002, 2010, 2014, 2018, 2024, all in powiat zywiecki on local non-party committees (Nasza Zywiecczyzna, Obywatele dla Ziemi Zywieckiej, Wspolnota Samorzadowa Powiatu Zywieckiego x2, Dla Ziemi Zywieckiej). Radny Rady Powiatu Zywieckiego from 26 Aug 2019 to 2024; 2010 and 2024 recorded as lost. | ŹRÓDŁO: http://www.tbs.zywiec.pl/organy-spolki/ lists Marek Regel as Prezes; KRS odpis aktualny 0000143665 confirms him as sole board member; https://zywiecsupernowa.pl/wiadomosci-cat/art-personalna-rewolucja-w-zywcu-burmistrz-oglosil-wazne-zmiany,16234 and https://tuzywiec.pl/artykul/zmiany-na-kluczowych-n2389470 report the 1 July 2026 move from MCK to ZTBS in burmistrz Antoni Szlagor's reshuffle; https://beskidzka24.pl/zywiec-dyrektor-mck-radnym-powiatowym/ dates the powiat mandate to 26 Aug 2019 and names the committee; https://www.portalsamorzadowy.pl/powiat/zywiecki,61.html shows he is not a 2024-2029 councillor.","One in KRS and current: prezes zarzadu of Zywieckie TBS (100% miasto Zywiec) since 1 July 2026. Not in KRS but equally public and load-bearing: dyrektor Miejskiego Centrum Kultury w Zywcu, 10 Aug 2004 to 30 June 2026 (bip.zywiec.pl, mck.zywiec.pl).","verdict=publish || TEZA: Marek Regel ran Żywiec's municipal culture centre for 22 years and sat on the powiat council for a local committee; he lost his seat in April 2024, and on 1 July 2026 the burmistrz made him sole president of the city's housing company. || UWAGA: Do not write it as 'lost and landed' - 27 months separate the April 2024 defeat from the July 2026 appointment, and he already held a city post throughout, so this is a move inside the same patronage rather than a rescue. All five committees are local KWWs with no national party behind them, and I could not verify that any of them is the burmistrz's own vehicle (Szlagor ran in 2024 as KWW Burmistrza Antoniego Szlagora, a different name) - so do not imply Regel stood on Szlagor's list."
24,Piotr Midziak,publish,"Three sejmik dolnoslaski candidacies, all unsuccessful: 2010 KWW Rafala Dutkiewicza (recorded FALSE), 2014 KWW Bezpartyjni Samorzadowcy, 2018 KWW Bezpartyjni Samorzadowcy (okreg 5, no. 8 on the list, aged 43). Never elected to anything. Sits on the rada nadzorcza of the Stowarzyszenie 'Bezpartyjni Samorzadowcy' itself since 2018-10-26. | ŹRÓDŁO: KRS odpisy aktualne 0000033961, 0001001552, 0000065204 and 0000141601 via api-krs.ms.gov.pl confirm all the current roles including Myrda and Przybylski at MPWiK; https://www.e-legnickie.pl/wiadomosci-z-regionu/lubin/55252-kamil-polak-salomon-prezesem-aquaparku-w-lubinie (22 June 2026) reports the DCRiR supervisory board replacing him as prezes with Kamil Polak-Salomon, a Lubin powiat councillor and member of the zarzad powiatu, and says Midziak 'prezesowanie Aquaparkowi w budowie laczyl z prezesowaniem Regionalnego Centrum Sportu'; https://pcpr.powiat-lubin.pl/2026/07/podziekowania-dla-pana-piotra-midziaka-prezesa-regionalnego-centrum-sportowego-w-lubinie/ (July 2026) still calls him prezes of RCS; https://gazetawroclawska.pl/wybory-2018-bezpartyjni-samorzadowcy-lista-do-sejmiku-wojewodztwa-dolnoslaskiego-nazwiska/ar/13508051 for the 2018 list; https://lubin.naszemiasto.pl/wybory-2024-robert-raczynski-pozostaje-prezydentem-lubina/ar/c1-9669321 for Raczynski's 2024 first-round win.","Nine posts across six public companies, two current: prezes of Regionalne Centrum Sportowe Lubin since 2011-05-16 and prokurent of DCRiR Lubin since 2026-07-10 - he holds both at once. Notable: prezes of the Lubin aquapark (DCRiR) 2022-2026, seven years on MPWiK Lubin's supervisory board, nine years on MPO Lubin's, and a supervisory seat at PWiK 'Nysa' in Zgorzelec, another powiat.","verdict=publish || TEZA: Piotr Midziak has held posts in companies owned by the city of Lubin without a break since 2009, sits on the supervisory body of the Bezpartyjni Samorządowcy association itself, and stood three times for the movement's sejmik lists without ever being elected. || UWAGA: Two things to keep straight. The 2026-07-10 change is a demotion in title only - he moved from prezes of DCRiR to prokurent samoistny of DCRiR while remaining prezes of RCS, and DCRiR shares a second prokurent with RCS, so the sensible reading is the two companies being run together, not a fall from grace. And two of his listed employers are not public and should not be counted as posts: STOWARZYSZENIE 'BEZPARTYJNI SAMORZADOWCY' and STOWARZYSZENIE LUBIN 2006 are associations (his seat in the first is evidence of the political tie, not a trough), and TVL Lubin's parent in company_krs is MKS Zaglebie Lubin, not the city. OSiR w Lubinie (0000389833) carries is_public false with only a rejestr-io source, so I cannot correct it either way - leave it out or hedge it. Namesake risk is negligible: PKW 'MIDZIAK Piotr Tomasz', the KRS person born 1974-12-23, and the 2018 candidate aged 43 from Lubin are plainly one man (unique_chance 0.9999); the PKW birth year of 1975 is the usual off-by-one from a December birthday against a November election."
25,Anna Niemyjska,maybe,"Two samorzad candidacies, 2014 and 2018, both from her own eponymous KWW Anny Niemyjskiej in powiat wysokomazowiecki; elected radna gminy Nowe Piekuty in 2018 on 69 votes (3.23%), one mandate; term ended 2024 and she did not return for 2024-2029. No party, no national committee. | ŹRÓDŁO: KRS odpis aktualny 0000373827 via api-krs.ms.gov.pl gives her the wiceprezes title; https://wysokiemazowieckie.pl/en/struktura-urzedu/ names her as kierownik of the property/investments/tenders referat; https://www.portalsamorzadowy.pl/osoba/anna-niemyjska,133222.html records an Anna Niemyjska as radna of gmina Nowe Piekuty 2018-2023 and https://www.wpwww.wysokomazowiecki24.pl/news/nowe-piekuty/5094.html gives the 69 votes / 3.23% / one mandate for KWW Anny Niemyjskiej; https://nowepiekuty.pl/index.php/aktualnosci/i-inauguracyjna-sesja-rady-gminy-nowe-piekuty lists the 2024-2029 council without her; https://en.wikipedia.org/wiki/Bohdan_Paszkowski and rejestr.io for Paszkowski's 2024-02-21 arrival on the same RN.","One in KRS and current: wiceprezes zarzadu of ZWKiEC sp. z o.o. (100% miasto Wysokie Mazowieckie) since 2026-07-10. Outside KRS, and the more interesting one: kierownik Referatu Mienia Komunalnego, Inwestycji i Remontow oraz Rolnictwa in the Urzad Miasta Wysokie Mazowieckie, the referat that organises the town's tenders.","verdict=maybe || TEZA: Anna Niemyjska runs the Wysokie Mazowieckie town hall department that handles municipal property, investments and tenders, and on 10 July 2026 she became vice-president of the town's water and heating company - the same board on which PiS's former wojewoda podlaski has sat since weeks after he lost that office. || UWAGA: The identity join is the blocker and it is exactly the kind that would make the page libellous. Niemyjska is one of the commonest surnames in powiat wysokomazowieckie - there are villages named Niemyje - and the matcher's own unique_chance for her is 0.77 with mistake_odds of only 4.4, far below Regel's 936 or Midziak's 9,762. Nothing I found independently ties the Nowe Piekuty councillor to the Wysokie Mazowieckie town-hall official and board member; they are in different gminas, and the only supporting detail is a 2022 declared employment income of 84,041.92 zl, which merely fits a kierownik's salary. Verify the councillor's employer from her oswiadczenie majatkowe on the Nowe Piekuty BIP before publishing. Two smaller cautions: even if the join holds, the appointment reads as an internal promotion of the department head, and 26 months separate the end of her mandate from it; and the genuinely publishable person on this board is Paszkowski, not her."
26,Grzegorz Sobieralski,skip,"None found. The only Grzegorz Sobieralski in PKW is Grzegorz Paweł Sobieralski, born 1967, who stood in gmina Chełmno (teryt 040402) for KWW Samorządowa Gmina Chełmno in 2010 (elected) and 2014 - a different man in a different voivodeship, and the pipeline correctly did not join him. | ŹRÓDŁO: tcz.pl 'Zmiany w składzie nadzorczej ZUOS' (Odya replaces Sobieralski, 1 Oct 2024) https://tcz.pl/index.php?item=02c268c4cf5870f6&p=1%2C47%2C0%2Cwiadomosci&title=Zmiany-w-skladzie-nadzorczej-ZUOS ; tcz.pl 'Nowe składy rad nadzorczych miejskich spółek' (18 June 2024 reshuffle by prezydent Brządkowski, names Sobieralski, 77) https://tcz.pl/index.php?item=0261f2c4eedcecd5&p=1%2C47%2C0%2Cwiadomosci&title=Nowe-sklady-rad-nadzorczych-miejskich-spolek ; ownership from KRS/company_krs (parent teryt 2214011).","Two employers, three posts, both genuinely public (gmina miejska Tczew owns both outright). Current: ZUOS Tczew rada nadzorcza since 2026-07-09. Notable only for length - roughly 12 years on Tczew municipal boards across 20 years.","verdict=skip || TEZA: A 79-year-old Tczew municipal-board fixture who has sat on the city waste company's supervisory board on and off since 2015 - with no party, no candidacy and no documentable political route. || UWAGA: Unverified whether his ZUOS seat is an employee-elected one - spółki komunalne do reserve rada nadzorcza places for staff, though at 79 that is unlikely. He has a bip.tczew.pl person page but it renders empty, so I could not read an oświadczenie majątkowe. Do not confuse with Grzegorz Paweł Sobieralski (b. 1967) of gmina Chełmno."
27,Monika Niewczas,skip,"None found. person_pkw returns no candidacies for 'Monika Niewczas' in any election year; node parties field is empty. | ŹRÓDŁO: phh.pl / horecatrends.pl: 'Polski Holding Hotelowy ma nowy zarząd. Rafał Szmytke prezesem od 1 czerwca 2026' - Monika Niewczas appointed członek zarządu, previously Dyrektor Biura Realizacji Inwestycji at PHH, ex-PKP PLK board, ex-PPL manager (https://www.horecatrends.pl/hotele/118/polski_holding_hotelowy_ma_nowy_zarzad_rafal_szmytke_prezesem_od_1_czerwca_2026,94850.html). KRS odpis aktualny 0000047774 confirms a two-person zarząd, second member surname 8 letters starting N, first name 6 letters starting M, PESEL prefix 7 (matches b. 1977).","15 posts across 12 companies, all in state groups. Current: członek zarządu of PHH (since 2026-07-08). Notable: PHH zarząd, PPL zarząd (2023-2025), PKP PLK zarząd (per PHH's own bio, not in the KRS data we hold). Data-bug note: PPL (0001025154), Polish Airports Academy (0000451479), Parzniew Logistics Center Infrastructure (0000538540) and Wrocław Industrial Park (0000416495) are all flagged is_public=false and none carries a hardcoded PUBLIC_COMPANIES_KRS source - PPL at least is plainly a state company, so these are genuine coverage gaps in the public-company lists rather than the known allow-list bug.","verdict=skip || TEZA: A career state-sector investment manager - PHN, PPL, PKP PLK, now the two-person management board of Polski Holding Hotelowy - with no party, no candidacy and nothing political to write about. || UWAGA: No data doubt and no namesake problem - she is the only Monika Niewczas in the register and has no PKW record to mis-join. The problem is that there is no story: a page would say 'senior manager holds senior state-company jobs', which is not what koryta.pl publishes. Worth keeping as a top example if the project ever wants a 'state-sector career' track."
28,Piotr Kraczkowski,publish,"PO/KO throughout: 2010 PO powiat wałbrzyski (lost), 2014 PO Wałbrzych, 2018 KWW Romana Szełemeja (radny Rady Miejskiej Wałbrzycha 2018-2024), 2024 KKW Koalicja Obywatelska for the sejmik dolnośląski (PKW: not elected; currently seated, so mandate taken mid-term). Described in local coverage as a member of the Zarząd Regionu Dolnośląskiego PO. | ŹRÓDŁO: DOZAMEL's own site lists the zarząd as Jakub Sobieszek (prezes) and Piotr Kraczkowski (członek zarządu): https://dozamel.pl/o-firmie/wladze-spolki/ . The KRS odpis aktualny for 0000085139 shows a second board member, surname 11 letters starting K, first name 5 letters starting P, PESEL prefix 6 - consistent with b. 1967-05-11. His sejmik seat: https://umwd.dolnyslask.pl/sejmik/radni-wojewodztwa/ (profile uid 212). PKW 2024 sejmik candidate page: https://samorzad2024.pkw.gov.pl/samorzad2024/pl/sejmik_wojewodztwa/kandydat/3261395?area=20205 . Wałbrzych council record: https://bip.um.walbrzych.pl/artykul/1202/34744/piotr-kraczkowski-radny-rmw-osw-roczne . Campaign coverage: https://dziennik.walbrzych.pl/piotr-kraczkowski-kandydat-koalicji-obywatelskiej-do-sejmiku-dolnoslaskiego-w-studio-dziennik/","One, and it is current and senior: członek zarządu of DOZAMEL sp. z o.o. since 2026-07-08. No accumulation - this is his first register entry, which is itself notable for a man of 59.","verdict=publish || TEZA: A sitting Koalicja Obywatelska councillor in the Dolnośląskie regional assembly and member of PO's regional board joined the management board of DOZAMEL, a 94%-state-owned Wrocław company, on 8 July 2026. || UWAGA: No single source states both facts - the register/company site gives the DOZAMEL seat, the marshal's office gives the sejmik seat, and the link between them is name + birth year 1967 + Lower Silesia. Note there is a second, unrelated Piotr Kraczkowski (b. 1970) who stood in powiat wałecki in 2002; the pipeline correctly kept him out. Also do not conflate with Maks Kraczkowski (PiS), who already has a published page. Before going live it is worth pinning down the exact date he took the sejmik mandate, since PKW records the 2024 candidacy as unsuccessful, and stating plainly that DOZAMEL is a Skarb Państwa/ARP company rather than a wojewódzka one - the incompatibility rules for radni sejmiku bite on wojewódzkie entities, so this is a political point, not a legal one, and the page should say so."
29,Łukasz Podkalicki,maybe,"PiS in 2014 (gmina Lesko) and 2018; KWW Leskie Stowarzyszenie Samorządowe in 2024, elected to Rada Miejska w Lesku with 92 votes (38.82%), serving 2024-2029. | ŹRÓDŁO: korsosanockie.pl, 22 July 2026, on the Sanok crisis and Podkalicki taking the helm as p.o. dyrektora: https://korsosanockie.pl/wiadomosci/ponad-200-mln-zl-dlugu-zbyt-wysokie-pensje-i-wniosek-do-prokuratury-kryzys-w-szpitalu-specjalistycznym-w-sanoku/vqIKVZcjjJrOMHYUJYwQ . wbieszczady.pl, 7 Nov 2024, Małgorzata Bryndza replacing Podkalicki at Lesko: https://wbieszczady.pl/powiat-leski/jeden-z-bieszczadzkich-szpitali-bez-dyrektora-kim-jest-osoba-pelniaca-obowiazki-szefa-placowki/A85KG6rFm5ylvWhKZNcA . Council seat: https://www.portalsamorzadowy.pl/osoba/lukasz-podkalicki,144753.html and https://bip.lesko.pl/podkalicki-lukasz . Current Sanok directorate (Kacperska): https://www.zozsanok.pl/?page_id=488","Two register entries, one of which the site should discard. Dyrektor SPZOZ Sanok 2026-07-08 to 2026-08-04 is a genuine paid koryto post. The other - 'Rada Nadzorcza' of SPZOZ w Lesku (KRS 0000020828) 2015-03-04 to 2016-02-15, entered a few months after his 2014 PiS candidacy - is a RADA SPOŁECZNA seat: both Lesko and Sanok have supervisory_organ = rada_spoleczna in company_krs, and the KRS odpis for 0000059726 confirms the organ nadzoru is literally 'RADA SPOŁECZNA'. That is unpaid and explicitly excluded by the site. Not in the register at all: his 2024 p.o. dyrektor stint at SPZOZ Lesko.","verdict=maybe || TEZA: A Lesko town councillor and two-time PiS candidate who has twice been handed the acting directorship of a Podkarpackie county hospital - most recently the debt-crippled Sanok hospital, for four weeks in July 2026. || UWAGA: Three things to settle before publishing. (1) What his substantive job at SPZOZ Lesko is - if he is the hospital's own administrative deputy, the professional reading wins and the page collapses. (2) The 2015-2016 Lesko entry is a rada społeczna seat and must not be presented as a supervisory-board post; the same applies to the whole PiS-heavy 'Rada Nadzorcza' list the export shows for SPZOZ Sanok (Betlej, Hałas, Biskup, Chęć, Zuba, Bańkowski, Miklicz) - that is a rada społeczna, not a koryto cluster, and a page that leaned on it would be wrong. (3) Who actually appointed him in Sanok, and why he lasted four weeks. No namesake problem - the identification is near-certain and the PKW and KRS birth dates agree."
30,Robert Mikołajczak,publish,"PSL, then Trzecia Droga. 2002 KWW Nasza Wieś Nasza Gmina (gmina Czermin), 2006 PSL, 2010 PSL (elected), 2014 PSL, 2018 PSL, 2024 KKW Trzecia Droga PSL-PL2050. Local reporting from June 2016 describes Robert Mikołajczak as przewodniczący Rady Gminy Czermin and a PSL member who had lost the post of deputy head of the ARiMR county office in Pleszew that March and become director of the Centrum Wystawowo-Edukacyjne in Marszew. | ŹRÓDŁO: KRS odpis aktualny 0000309190 confirms a seven-member rada nadzorcza including a surname of 11 letters starting M with a 6-letter first name starting R and PESEL prefix 7 (consistent with b. 1972), and confirms the sole shareholder is WSSE 'INVEST-PARK' with 6,589 udziałów worth 65.89 mln zł. Identity chain within KRS: person_krs shows all four roles under the single id 375668 with the identical PESEL-derived birth date 1972-11-21. rc.fm, 9 June 2016, on the ARiMR dismissal, the Czermin council chairmanship and PSL membership: https://m.rc.fm/polityczne/pleszew-nowy-kierownik.html . Dobrzyca supervisory-board role: https://pleszew.naszemiasto.pl/dobrzycka-komunalka-przeksztalcona-w-spolke-co-to-zmieni-w/ar/c8-4307702 . Board composition and party record of Sobczak, Kulupa and Kułakowska from people_enriched.","Four, all genuinely public. Three gmina companies in powiat pleszewski (Sport Pleszew, Pleszewskie TBS, GSK Dobrzyca) between 2015 and 2021, plus - per press - a public-administration post at ARiMR Pleszew until March 2016. Current: rada nadzorcza of INVEST-PARK DEVELOPMENT (Wałbrzych) since 2026-07-07. That is a state-company seat on top of a decade of municipal supervisory seats across three different gminas.","verdict=publish || TEZA: A PSL local politician from powiat pleszewski took a supervisory-board seat at a Wałbrzych state company 400 km from home on 7 July 2026 - the same day it was vacated by another Wielkopolska Trzecia Droga candidate. || UWAGA: Two things to state on the page rather than hide. (1) The PKW-to-register join is the weakest of the five - unique_chance 0.65, and 'Robert Mikołajczak' is a common Wielkopolska name; what holds it together is that the PKW candidacies are in gmina Czermin/powiat pleszewski and three of his four register roles are in the same powiat, and the 2016 press independently places a PSL Robert Mikołajczak in exactly that gmina. It is not proof. (2) The data says he was elected in 2024, and I could not verify that: he is not on the 2024-2029 roster of the Rada Miejska Gminy Dobrzyca or the Rada Powiatu Pleszewskiego, and local reporting shows Robert Sebastian Mikołajczak taking 67 votes for the Rada Miejska w Pleszewie - so treat the 2024 candidacy as unsuccessful unless someone checks PKW directly, and describe him as a 2024 Trzecia Droga candidate rather than a sitting councillor. Invest-Park Development does not publish its supervisory board, so the KRS odpis is the only appointment source."
31,Lidia Nieścioruk,skip,"none found - no PKW candidacy under this name in the parsed election data, no party in the export, not named in zero.pl's analysis of party activists on Warsaw hospital boards | ŹRÓDŁO: http://szpitalgrochowski.bip.gov.pl/dyrekcja/dyrekcja.html (BIP lists her as Dyrektor ds. Pielęgniarstwa, MBA); https://zero.pl/news/warszawskie-szpitale-pelne-politykow-w-tych-placowkach-znalezlismy-dzialaczy-partyjnych (names Wójcik and Pużuk at Szpital Grochowski, not her)","1, current: Prokurent, Szpital Grochowski sp. z o.o. (Warsaw city-owned), since 2026-07-06. Nothing else, ever.","verdict=skip || TEZA: Nursing director of a Warsaw city hospital who was given commercial power of attorney (prokura) in July 2026 - a job, not a koryto. || UWAGA: No data doubt and no namesake problem (Nieścioruk is a rare surname and the BIP role matches the register). The reason to skip is that there is no story: she is the career health professional the site explicitly excludes."
32,Andrzej Kulesza,skip,"none found for rejestr.io 3524391 (b. 1977). A namesake, rejestr.io 1240742 (b. 1958), stood in Brusy in 2024 (KWW Dla Miasta i Gminy Brusy, not elected) and in 2006 - and held the same ZUK Czersk RN seat in 2003-2004. Third namesake, rejestr.io 419360 (b. 1956, PSL, 1998 samorząd, zachodniopomorskie), unrelated. | ŹRÓDŁO: https://www.zuk-czersk.pl/p/rada-nadzorcza-1 (company's own site lists Andrzej Kulesza as a member of the rada nadzorcza, alongside Tomasz Peplinski, Tomasz Klemann, Weronika Jarząbek, Małgorzata Wojciechowska); https://www.portalsamorzadowy.pl/osoba/andrzej-kulesza,179182.html (the 2024 Brusy candidate - the namesake)","1, current: Rada Nadzorcza, ZUK sp. z o.o. Czersk (gmina-owned water/communal utility), since 2026-07-06. No other post.","verdict=skip || TEZA: Supervisory board member of gmina Czersk's municipal utility since July 2026, with no political record of his own - the candidate of the same name is a different man. || UWAGA: Namesake mixup is the whole risk here, and it is live: two Andrzej Kuleszas from powiat chojnicki have held seats on this exact board. Also note the export's other ZUK Czersk row, Małgorzata Wojciechowska, carries a 2024 candidacy in powiat wołomiński (near Warsaw, ~350 km away) which looks like a bad name-join too - the company's board data in this database is not clean. Separately, I could not establish whether the seat is an employee-elected one."
33,Przemysław Baszak,publish,"none found - no PKW candidacy under this name, no party in the export. The political route here is nomination rather than election: Orlen's supervisory board seat was filled ""na wniosek Skarbu Państwa"" in November 2025, and the ABW/MSWiA career is a state one throughout. | ŹRÓDŁO: https://ir.enea.pl/lad-korporacyjny/24444/przemyslaw-baszak - Enea's own IR page gives the 29 May 2026 appointment date, the ABW/MSWiA career and, verbatim, ""Zasiada w radach nadzorczych Spółek z udziałem Skarbu Państwa: Polska Grupa Zbrojeniowa S.A. oraz CENTROZŁOM Wrocław S.A.""; https://www.orlen.pl/pl/relacje-inwestorskie/raporty-i-publikacje/raporty-biezace/2026/02/Raport-biezacy-nr-21-2026 (his resignation from Orlen's RN); https://www.bankier.pl/wiadomosc/Orlen-ma-2-nowych-czlonkow-rady-nadzorczej-To-Przemyslaw-Baszak-i-Aleksander-Kappes-9038890.html and https://www.wnp.pl/rynki/rada-nadzorcza-orlenu-ma-nowych-czlonkow-na-wniosek-skarbu-panstwa-powolano-dwie-osoby,1003565.html (appointment on the State Treasury's motion)","4, all at state-owned companies; 3 current. Current: Zarząd (wiceprezes ds. bezpieczeństwa) Enea S.A. since 29 May 2026 (KRS entry 2026-07-06); RN Polska Grupa Zbrojeniowa S.A. since 2025-09-15; RN Centrozłom Wrocław S.A. (KGHM group) since 2024-10-01. Ended: RN ORLEN S.A., Nov 2025 - 28 May 2026.","verdict=publish || TEZA: A former ABW officer, adviser to the head of the agency, who since October 2024 has collected supervisory-board seats at Centrozłom Wrocław, PGZ and - on a State Treasury motion - Orlen, and in May 2026 became Enea's vice-president for security. || UWAGA: Data doubt: the export still shows the Orlen RN seat as current (end null) - it ended on 28 May 2026 and the KRS deregistration only caught up in August. The page must not show him on Orlen's board today. There is no party and no candidacy, so the page has to be written as accumulation of state nominations, not as a partisan appointment - do not attribute a party to him. No namesake problem: Enea's published bio lists exactly the PGZ and Centrozłom seats the register records for rejestr.io 210578 (b. 1971-11-18)."
34,Marek Karabuła,publish,"none found - no PKW candidacy under this name, no party in the export. The trace is appointment-side and well documented: he replaced a 2016 PiS appointee at ZM Tarnów in Aug 2024, his PGZ appointment was signed off by the ministers of state assets and national defence, and his 2015 Tauron seats ended in January 2016 with the change of government. | ŹRÓDŁO: https://www.money.pl/gospodarka/nowy-prezes-panstwowej-fabryki-uzbrojenia-zastapi-nominata-z-czasow-pis-7059369959951168a.html (ZM Tarnów from 19 Aug 2024, replacing Henryk Łabędź, prezes since 2016); https://www.wnp.pl/bezpieczenstwo/pgz-ma-nowego-wiceprezesa-wczesniej-pracowal-w-orlenie-czy-tauronie,1077554.html (PGZ vice-president from 1 July 2026, ministerial sign-off); https://defence24.pl/przemysl/marek-karabula-nowym-prezesem-huty-stalowa-wola-sa (HSW from 1 Sep 2025); https://forsal.pl/artykuly/606439,karabula-i-wielowieyski-odchodza-z-rady-nadzorczej-pkn-orlen.html (28 March 2012, resignation from Orlen's RN, deputy chairman from Feb 2008)","Roughly ten at state-owned companies out of 27 register rows. Current: Zarząd (wiceprezes ds. finansów) PGZ S.A. since 1 July 2026. Ended: Zarząd HSW S.A. 2025-09-01 to 2026-07-27; Zarząd ZM Tarnów S.A. 2024-08-19 to 2025-09-11; RN Grupa Azoty Polyolefins 2024-05-29 to 2024-11-13; RN Bioeko Grupa Tauron 2015-2016 and Biomasa Grupa Tauron 2015-2016; Zarząd ARP 2010; RN PKN Orlen 2008-2012 (deputy chairman); Zarząd Orlen Południe and Orlen Oil 2005-2006 plus ~14 Orlen-group RN seats in 2006; Zarząd Autosan 2003-2004. Press adds Nafta Polska (prezes) and PGNiG (wiceprezes from July 2010), which the register does not carry.","verdict=publish || TEZA: In August 2024 he replaced a PiS-era appointee at the arms plant in Tarnów, a year later took over Huta Stalowa Wola, and from 1 July 2026 is vice-president of Polska Grupa Zbrojeniowa - the latest step in a twenty-year career that has tracked changes of government. || UWAGA: No party and no candidacy - the page must be framed as a state-appointment career, not a partisan one, and it should say plainly that he is a professional manager with a real CV (Cracow University of Economics, Nafta Polska, PGNiG, Tauron). Namesake risk is low: the published bios match the register row for rejestr.io 342422 (b. 1967-08-18) point for point - Rafineria Trzebinia = Orlen Południe, ZM Tarnów, HSW, Orlen RN. Two stale rows in the data to drop from the page: the Towarzystwo Przyjaciół Sztuk Pięknych w Krakowie board seat, open-ended since 2020 and private anyway, and the private Kraków entities (Simplyfund, Sterling Angels), which are not koryto posts."
35,Magdalena Banach,skip,"none found - no PKW candidacy under this name in the parsed election data, no party in the export, not named in zero.pl's census of party activists on Warsaw hospital boards | ŹRÓDŁO: https://www.wolski.med.pl/szpital/wladze-spolki/ (Magdalena Banach as Prezes Zarządu, Elżbieta Lanc as Członek Zarządu); https://zero.pl/news/kacprzyk-mial-trafic-do-szpitala-wolskiego-wczesniej-przedstawiono-go-zalodze-sor-u (Robert Mazur's dismissal by the city); https://zero.pl/news/warszawskie-szpitale-pelne-politykow-w-tych-placowkach-znalezlismy-dzialaczy-partyjnych (names Lanc, Hać and Ciupak at Szpital Wolski, not her); https://dzienniklodzki.pl/magdalena-banach-nie-jest-juz-dyrektorem-sieradzkiego-szpitala/ar/c1-14192133 (the Sieradz director, identity link unverified)","1, current: Prezes Zarządu, Szpital Wolski sp. z o.o. (Warsaw city-owned), since 2026-06-30. Press suggests an earlier public post - director of the Szpital Wojewódzki in Sieradz, March 2016 to June 2019 - but I could not tie that person to this register entry.","verdict=skip || TEZA: Became president of the board of Warsaw's Szpital Wolski on 30 June 2026, after the city dismissed her predecessor - but the politicians on that board are other people. || UWAGA: Possible namesake mixup: ""Magdalena Banach"" is a common name and the link between the Warsaw prezes (rejestr.io 2672782, b. 1971-07-13) and the Sieradz hospital director is unverified - do not put the Sieradz history on her page without a second source. She runs the hospital rather than sitting on its board, which is a real job with real responsibility; publishing her on the strength of her colleagues' politics would be guilt by association. The page worth writing at this hospital is about Lanc, Hać and Ciupak."
36,Andrzej Staszak,publish,"Four gmina-level candidacies in powiat kołobrzeski: 2010 KW Platforma Obywatelska RP (lost), 2014 KWW Czysta Idea, 2018 KWW Bernadety Borkowskiej, 2024 KWW ANDRZEJ STASZAK - elected radny of Gmina Ustronie Morskie, 37 votes in okręg 5, and now Wiceprzewodniczący Rady Gminy for the 2024-2029 term. No party membership recorded. | ŹRÓDŁO: https://ustroniemorskie.esesja.pl/radny/149155/andrzej-staszak.htm (wiceprzewodniczący, 2024-2029); https://www.farmer.pl/wybory/osoba/andrzej-staszak,174449.html and https://samorzad2024.pkw.gov.pl/samorzad2024/pl/rada_gminy/kandydat/3275389 (2024 mandate, KWW Andrzej Staszak); https://rejestr.io/osoby/3518174 (single KRS post, KTBS from 24.06.2026); live KRS API OdpisAktualny for KRS 0000181531 (3-person RN incl. 'S****** A****** M****'; sole shareholder Gmina Miasto Kołobrzeg).","One, current: member of the Rada Nadzorcza of Kołobrzeskie TBS sp. z o.o. (KRS 0000181531, 100% Gmina Miasto Kołobrzeg) since 2026-06-24. It is his only KRS entry ever. The board has only three members, so it is not a token seat.","verdict=publish || TEZA: Andrzej Staszak, sitting vice-chairman of the Ustronie Morskie gmina council elected in 2024 on his own KWW, joined the three-person supervisory board of Kołobrzeskie TBS - a company 100% owned by the neighbouring Gmina Miasto Kołobrzeg - on 24 June 2026. || UWAGA: The site export has NO candidacies for him at all - the page must not go live implying he has no electoral record; the PKW rows exist only in people_enriched and need ingesting first. Whether the KTBS supervisory seat is paid is unverified (municipal TBS RN seats normally are, but I have no figure). There is an open legal question I could not settle with a source: art. 24f ust. 2 ustawy o samorządzie gminnym bars radni from the governing or supervisory bodies of companies with participation of 'gminne osoby prawne', and the case law is split on whether that means only their own gmina's; Ustronie Morskie is not a KTBS shareholder, so the usual reading permits it - do NOT assert illegality, but it is worth putting to the Kołobrzeg city hall before publishing. Namesake risk is low: same first AND middle name (Andrzej Marek), KRS birth date 1968-10-14 against PKW birth year 1968, same powiat."
37,Marta Currit,maybe,"None found. No PKW candidacy in any year, no party, no public-administration post I could identify. The only political fact is the identity of her nominator: Skarb Państwa, PZU's largest shareholder at 34.19%. | ŹRÓDŁO: https://gu.com.pl/marta-currit-kandydatka-skarbu-panstwa-do-rady-nadzorczej-pzu-sa/ (Treasury nomination, 17.06.2026, full biography); https://www.wnp.pl/rynki/rada-nadzorcza-pzu-powiekszyla-sie-o-kandydatke-zgloszona-przez-skarb-panstwa,1073271.html (appointed 18.06.2026, board now 10, SP holds 34.19%); https://www.pzu.pl/_fileserver/item/1571660 (PZU's own nota biograficzna - PDF, I could only extract fragments locally); https://rejestr.io/osoby/418343 (7 current, 15 total register ties).","One, current: member of the PZU S.A. supervisory board since 2026-06-24 (appointed at the WZ of 2026-06-18). No other public-sector post in the register, past or present.","verdict=maybe || TEZA: Dr Marta Currit, a restructuring lawyer with no electoral record, was put on the supervisory board of PZU by the State Treasury at the general meeting of 18 June 2026. || UWAGA: Three things to settle before this becomes a page. (1) rejestr.io shows 8 further HISTORICAL register ties behind its paywall - if any is a state company or a ministry-adjacent body, the story changes completely and it becomes a publish. (2) Fundacja imienia Pawła Włodkowica, which she has chaired since 2017, is unidentified - I could not establish what it does or who funds it, and there are at least three differently-named 'Włodkowic' foundations, so do not guess. (3) Her PZU bio says she has held 'supervisory functions in entities on the financial market and the new technologies market' but only Everest Investment Management shows in KRS - worth reconciling. As it stands the page would carry one fact, and 'sits on a supervisory board' is not a reason. Namesake risk: negligible - 'Currit' is a rare surname and there is exactly one such person in the 107k-row KRS person set."
38,Małgorzata Kaczyńska Kacprzak,skip,"None found. No PKW candidacy, no party, no elected or appointed public office. The only public identity I could verify is her entry on the OIRP Łódź roll of radcowie prawni (ŁD-2514). | ŹRÓDŁO: http://bip.tomaszow.miasta.pl/public/?id=223824 (Tomaszów Mazowiecki BIP wykaz spółek, updated 2026-07-15, names her in the RN and lists all ten gmina shareholders + KZN); https://www.oirplodz.pl/radca_prawny/malgorzata-kaczynska-kacprzak/ (radca prawny ŁD-2514); live KRS API OdpisAktualny for KRS 0000995845; https://rejestr.io/osoby/3517798 (one connection only).","One, current: member of the Rada Nadzorcza of SIM KZN Łódzkie Centrum sp. z o.o. since 2026-06-23. Her only KRS entry ever.","verdict=skip || TEZA: A Łódź legal adviser took one of twelve seats on the supervisory board of a ten-gmina housing company in June 2026 - and that is the whole record. || UWAGA: Do not publish on the strength of the company being interesting - that is the SIM's story and Kukliński's, not hers. I could not establish which shareholder nominated her, and my web-search budget ran out before I could check whether she is on retainer to any of the ten gminas; even if she is, a lawyer taking a board seat is not a koryto story without a political trace. Whether SIM RN seats are paid is unverified. Namesake risk is not an issue - the double-barrelled surname is rare and there is one such person in the KRS set."
39,Łukasz Madej,publish,"None found - no PKW candidacy in any year, no party. His political connection is institutional, not electoral: he was made prezes of MWiK by prezydent Jarosław Górczyński in 2023, in the vacancy left when his predecessor became wiceprezydent, and both of his gmina supervisory seats are in companies owned by that same city hall. | ŹRÓDŁO: https://naostro.info/prezes-ostrowieckiego-mwik-u-zarobil-ponad-376-tys-zl-to-jednak-nie-wszystkie-jego-dochody/ (2025 declaration: 376,532.28 + 25,451.24 OTBS + 17,216.00 ZUO Janik + 19,200, total 438,399.52 zł); https://bip.um.ostrowiec.pl/artykul/2990/103/miejskie-wodociagi-i-kanalizacja-sp-z-o-o (prezes zarządu, 100% gmina); http://bip.tomaszow.miasta.pl/public/?id=223824 (Przewodniczący Rady Nadzorczej Łukasz Madej, page updated 2026-07-15); https://ostrowiecka.pl/pl/11_wiadomosci/758_ostrowiec-swietokrzyski/128495_nowy-prezes-mwik-kim-jest.html (appointed by Górczyński after Łakomiec became wiceprezydent; dr nauk ekonomicznych, in the company since 2006); https://rejestr.io/osoby/507446; live KRS API for 0000003191, 0000031802, 0000995845.","Four, three of them current. Current: prezes zarządu MWiK Ostrowiec Św. (100% Gmina Ostrowiec) since 2023-03-08, on the board since 2018-08-01, prokurent from 2012-10-31; RN of ZUO 'Janik' (Gmina Ostrowiec + Gmina Kunów) since 2025-10-10; przewodniczący RN of SIM KZN Łódzkie Centrum (ten gminas + Krajowy Zasób Nieruchomości) since 2026-06-23. Ended: RN of Ostrowieckie TBS 2023-03-01 to 2025-10-07. None of the four is stale - all three current ones are confirmed against the live KRS and two municipal BIPs.","verdict=publish || TEZA: Łukasz Madej runs Ostrowiec Świętokrzyski's municipal water company on 376,000 zł a year and has collected supervisory board seats in three other public companies alongside it - including, since June 2026, the chair of a ten-gmina housing company 200 km away in łódzkie. || UWAGA: The story is accumulation, NOT a political appointment - he has never stood for anything, and the page must say so plainly rather than implying a party route. The one join worth a second look before publishing is the SIM KZN chairmanship: it rests on rejestr.io merging all three current posts onto one person id (507446, one PESEL, born 1978-10-31), which is strong, plus the fact that the pipeline finds exactly one Łukasz Madej in 107,726 KRS people - but Ostrowiec is 200 km from Tomaszów and it would be worth one confirmation from the SIM itself (a bio, or asking which shareholder nominated him) before printing 'the Ostrowiec water CEO chairs it'. My working hypothesis, unverified, is that he is the Krajowy Zasób Nieruchomości nominee - KZN holds a symbolic 100 zł stake precisely to place a board member. Also correct the site's own data: the export shows his MWiK role as 'Zarząd' from 2018-08-01, which understates it - he is prezes, and has been since March 2023."
40,Wojciech Płażalski,maybe,"None of his own. No PKW candidacy, no party. The circumstantial trace is the pattern of the appointments themselves: a KRRiT-era public radio board seat in 2002-2006, then two posts in Skarb Państwa companies since the 2023 change of government (Chemobudowa RN July 2024, PHO zarząd June 2026), alongside a day job at Polski Holding Nieruchomości, itself state-controlled. | ŹRÓDŁO: https://pho.pl/o-nas/wladze-spolki/ (Zarząd: Grzegorz Kiejnich prezes, Wojciech Płażalski członek zarządu); https://rejestr.io/osoby/1803439 (2 current, 4 total ties; PHO from 19.06.2026, Bumar-Mikulczyce as UBO); live KRS API for 0000027151 (Skarb Państwa + ARP + Tauron Dystrybucja as wspólnicy) and 0000035770 (current six-member RN without him); https://chemobudowa.pl/en/company-members/ and https://www.gov.pl/web/aktywa-panstwowe/ogloszenie-zarzadu-przedsiebiorstwa-budownictwa-przemyslowego-chemobudowa---krakow-sa (Chemobudowa is a MAP/Treasury company).","Three, one current. Current: członek zarządu of Polski Holding Obronny sp. z o.o. since 2026-06-19 (northdata dates the appointment itself to 2026-05-14). Ended: RN of Chemobudowa-Kraków S.A. 2024-07-26 to 2026 (he is off the current board); RN of Radio Opole S.A. 2002-07-22 to 2006-09-15. Plus his non-board employment as a director at PHN, which is not a board post.","verdict=maybe || TEZA: Wojciech Płażalski joined the management board of Polski Holding Obronny, the state defence holding, in June 2026 - his third supervisory or management post in a state-owned company, after Radio Opole in 2002 and Chemobudowa-Kraków in 2024. || UWAGA: Three gaps keep this off 'publish'. (1) A search result asserted he was PRZEWODNICZĄCY of Chemobudowa's supervisory board from 2024 - I could not verify that from any primary source (KRS does not record RN functions, the company's board page has moved on, and there is no Wayback capture), so treat it as unverified and do not print it. (2) His PHN directorship ('Dyrektor Biura Rozwoju', or per another aggregator 'Biuro Nowych Inicjatyw Biznesowych i Energetyki') rests on a LinkedIn headline alone - unverified. (3) The Radio Opole 2002-2006 seat exists only in the register; before printing 'appointed by KRRiT at 31' someone should find the KRRiT resolution or its 2002/2003 sprawozdanie. The two end dates for Chemobudowa disagree between the site export (2026-04-06) and the pipeline (2026-07-17) - do not publish it as a current post either way. Namesake risk is low: 'Płażalski' is rare, there is one such person in the KRS set, and rejestr.io ties the 2002 Opole seat and the 2026 PHO seat to the same person id and birth date - but the 18-year gap between them deserves a sentence acknowledging it rather than silence."
41,Rafał Dyjur,publish,"PSL. Candidate in the 2010 samorząd elections on the KW Polskie Stronnictwo Ludowe list in powiat lwówecki (dolnośląskie); not elected. No later candidacy in the PKW join. Press describes him as a PSL działacz and a former Dolnośląska Izba Rolnicza official. | ŹRÓDŁO: https://www.jelonka.com/rafal-dyjur-po-dyrektora-jeleniogorskiego-szpitala-177742/ (fetched: quotes the zarząd województwa resolution, the p.o. status, the Janowice Wielkie background); https://jg24.pl/?title=rafal_dyjur_nowym_dyrektorem_szpitala_w_jeleniej_gorze_priorytetem_walka_z_dlugiem&txt=59247 (fetched: six-month term pending a konkurs, the debt); http://www.radiowroclaw.pl/articles/view/161483/... ; https://jeleniagora.naszemiasto.pl/szpital-janowice-wielkie-rafal-dyjur-zostal-nowym/ar/c1-3466211 (the PSL-activist and Izba Rolnicza description — page 403s to direct fetch, read via the search index, so attribute it to the outlet rather than quoting it as verified); https://pl.wikipedia.org/wiki/Pawe%C5%82_Gancarz and rp.pl for Gancarz (PSL) as marszałek since 2024.","Two, in sequence, both public and both in the gift of the zarząd województwa dolnośląskiego: dyrektor of the Wojewódzki Szpital Rehabilitacyjny w Janowicach Wielkich (press only; not in the KRS employment data), then p.o. dyrektora of the Wojewódzkie Centrum Szpitalne Kotliny Jeleniogórskiej from 19 June 2026 — current, and the notable one: it is the largest hospital in the Jelenia Góra basin and is carrying about PLN 50m of debt.","verdict=publish || TEZA: Rafał Dyjur, a PSL activist who stood on the party's list in powiat lwówecki in 2010, was handed the directorship of the Wojewódzkie Centrum Szpitalne Kotliny Jeleniogórskiej by the PSL-led zarząd województwa dolnośląskiego in June 2026 — his second wojewódzki hospital directorship from the same body. || UWAGA: The only candidacy is 16 years old and lost, so the page must not imply a recent campaign. The PSL-activist line comes from a page I could not fetch directly (403) — cite the outlet, do not present it as first-hand. Do not build a board cluster from WCSKJ's co-listed members: its supervisory organ is a rada społeczna (the company_krs supervisory_organ field says rada_spoleczna), which is unpaid and explicitly outside the site's scope, even though the export labels those rows 'Rada Nadzorcza'. His post is p.o. pending a competition, so it may end within months — say 'p.o.', not 'dyrektor'."
42,Michał Olszewski,publish,"None electoral — bezpartyjny, and neither Wikipedia nor the PKW join shows him ever standing for anything. His political trace is the office itself: deputy mayor of Warsaw 2011-2024, an appointed post held under two PO mayors, and the city supervisory-board seats (Metro Warszawskie, TBS Warszawa Południe) that came with it. | ŹRÓDŁO: https://pl.wikipedia.org/wiki/Micha%C5%82_Andrzej_Olszewski (fetched: birth 14 July 1977, bezpartyjny, wiceprezydent 13.10.2011-V.2024, Pałac Saski RN 2021-2024, TBS Warszawa Południe, PGNiG/ORLEN Termika from 25.06.2024, PEJ wiceprezes from 2.06.2026); https://pej.pl/en/o-nas/wladze-spolki/czlonek-zarzadu/michal-olszewski/ (fetched: ORLEN Termika 2024-2026, Metro Warszawskie RN chair 2012-2017, TBS chair 2017-2024, Gdańsk agency RN chair since 2024); https://termika.orlen.pl/komunikat-prasowy/zmiany-w-zarzadzie/ ; https://tvn24.pl/tvnwarszawa/srodmiescie/warszawa-byly-wiceprezydent-odpowie-za-budowe-pierwszej-elektrowni-jadrowej-st9035947.","Seven in the export plus one more from PEJ's own bio; all public. Current: member of the zarząd of Polskie Elektrownie Jądrowe (from 17 June 2026, wiceprezes ds. inwestycji) and chair of the RN of the Gdańsk regional development agency. Notable: PEJ (100% Skarb Państwa, the nuclear programme), ORLEN Termika (Poland's second-largest district-heating company), Pałac Saski sp. z o.o., Metro Warszawskie.","verdict=publish || TEZA: Michał Olszewski was deputy mayor of Warsaw for 13 years until May 2024, joined the management board of state-owned ORLEN Termika six weeks later, and in June 2026 moved up to the management board of Polskie Elektrownie Jądrowe, the Skarb Państwa company building Poland's first nuclear plant. || UWAGA: No candidacy at all — the page cannot say he 'stood for office' and must rest on the appointed office plus the timing. Namesake risk is real for this name (the export holds eight Olszewskis) but is resolved here: the KRS/enriched birth date 1977-07-14 matches Wikipedia's exactly, and four of the seven jobs are Warsaw city companies that go with the deputy-mayor role. He is also a genuine investment manager with 25 years in EU-funds and infrastructure, so the page should document the route, not imply he is unqualified."
43,Mariusz Szymkowicz,publish,"PiS. Four samorząd candidacies in powiat pyrzycki (2010 and 2014 on Jerzy Marek Olech's local committee, 2018 and 2024 on the PiS list), elected in 2024 to the Rada Powiatu Pyrzyckiego, where he still sits. Former radny of Pyrzyce and zastępca wójta gminy Bielice. Described in 2022 as PiS pełnomocnik for powiat pyrzycki. | ŹRÓDŁO: https://www.portalsamorzadowy.pl/powiat/pyrzycki,367.html (fetched: Mariusz Szymkowicz among the 2024-2029 radni powiatu pyrzyckiego, KW PRAWO I SPRAWIEDLIWOŚĆ); https://stargard.news/kobieta-zastapila-mezczyzne-na-dyrektorskim-stanowisku-w-stargardzkim-batalionie-61005/ (fetched: dated quote of the Stargard-to-Dębno move); https://pyrzyce.glos-miasta.pl/nowy-prezes-szpitala-mariusz-szymkowicz-obejmuje-stanowisko/ (fetched: konkurs decided by the wspólnicy on 10 March 2026, contract signed 25 March by the starosta myśliborski, took office 1 April 2026); https://pulspowiatu.pl/rodzina-na-swoim/ (fetched: PiS pełnomocnik na powiat pyrzycki, ex-radny Pyrzyc, ex-wicewójt Bielic, dyrektor WSPL Stargard).","Three known, consecutive: zastępca wójta gminy Bielice, dyrektor of the Wojskowa Specjalistyczna Przychodnia Lekarska SPZOZ w Stargardzie (to end of March 2026), and prezes zarządu of Szpital w Dębnie from 1 April 2026 (KRS 12 June 2026) — current. Only the last is in the KRS data; the others come from press. The powiat council seat runs alongside.","verdict=publish || TEZA: Mariusz Szymkowicz, a sitting PiS councillor of powiat pyrzycki and the party's former plenipotentiary for the district, moved on 1 April 2026 straight from directing a military public clinic in Stargard to the presidency of the gmina- and powiat-owned hospital company in Dębno. || UWAGA: Two things the page must state rather than skate over. First, the appointment came through an announced konkurs in which, per the hospital's own account, he scored highest and met the formal requirements — so the honest claim is a pattern of PiS-ticket public appointments, not a rigged competition. Second, his entire electoral record is in powiat pyrzycki (teryt 3212) while the hospital is in powiat myśliborski (3210); the starosta who signed his contract, Robert Dudek, was elected from KWW NASZ POWIAT, not PiS, so this is a cross-powiat move and the appointing authority is not his own party. Namesake risk is low: birth year, powiat and the Pyrzyce-to-Dębno move are all corroborated by name in the press. Fix the export's elected flag before publishing — it shows null where PKW shows he won in 2024."
44,Sławomir Sokołowski,maybe,"None found for this man. Born 1967-07-14, second name Jerzy, rejestr.io 852331, no party in the export and no candidacy. Important: the enriched file holds a second Sławomir Sokołowski, born 1958, rejestr.io 1964309, with seven samorząd candidacies from 1998 to 2024 in powiat łódzki wschodni (KWW Mała Ojczyzna, KW Stowarzyszenie Razem dla Gminy), who is a sitting councillor there. That is a different human and the export correctly does not merge them. The only 'political' element in our man's record is who he was appointed alongside, not anything he did. | ŹRÓDŁO: Partial. A KRS-derived source reachable through search confirms the June 2016 Energetyka Lubin appointment for ""Sławomir Jerzy Sokołowski (ur. 1967)"" alongside Piotr Karwan, replacing Edward Biały and Krzysztof Gergelewicz — which pins the identity for the KGHM seats. Beyond that: nothing. No press names him anywhere, https://rejestr.io/osoby/852331 returns 403 to direct fetch, and the infoveriti person page for him 404s. The party badges on Karwan, Litwiński and Kądzielawski come from the koryta export's own candidacy data, which for Karwan lists four PiS candidacies.","Eight, all publicly owned once the Braniewo flag is corrected: one current (RN Uzdrowisko Cieplice, from 11 June 2026). Notable: Energetyka sp. z o.o. Lubin (KGHM's utility, roughly eight years across two spells), ARP e-Vehicles, WPEC Legnica, and the Kołobrzeg hotel company now inside Polski Holding Hotelowy. Five different state groups plus one municipal company, spanning 2006 to 2026 and six voivodeships.","verdict=maybe || TEZA: Sławomir Sokołowski has held eight supervisory-board seats in publicly owned companies since 2006 — PKP Cargo's Braniewo terminal, Polski Holding Hotelowy's Kołobrzeg subsidiary, MZK Piła, WPEC Legnica, KGHM's Energetyka and ARP e-Vehicles — and returned to the KGHM group in June 2026 at Uzdrowisko Cieplice, without ever standing for anything. || UWAGA: Three things to settle before this goes live. First, check whether any of the Energetyka Lubin seats were employee-elected — that board carries members with 2001-2024 tenures who look like pracownicy wybrani do rady nadzorczej, and a workers' seat is out of scope; his other seats are scattered across the country, which argues against it, but it is not proven. Second, only the 2016 KGHM appointment is confirmed by an outside source; the Kołobrzeg 2006, Braniewo 2013 and Piła 2014 seats rest on one rejestr.io identity and name matching, and Sokołowski is a common surname. Third, the political read is indirect: he was appointed next to PiS people and left when they did, but he also held seats under PO-era governments (Braniewo 2013, Piła 2014) and has just been given one under the current coalition — so the honest framing is a professional board-seat career across every administration, not a PiS placeman. Also flag the stale-post risk: the Cieplice seat is open-ended, which only means nobody has filed a removal."
45,Marcin Bania,skip,"None found. No candidacy in the export or the PKW-derived enriched file, no party, and no press mention of him under any political heading. The only 'political' fact available is that the state owner appointed him, which is true of every supervisory-board member of a Skarb Państwa company. | ŹRÓDŁO: https://nettg.pl/bartlomiej-babuska-zostal-p-o-prezesa-towarzystwa-finansowego-silesia (fetched: names ""Aleksandrę Machowicz-Jaworską, Bartłomieja Babuśkę, Marcina Banię i Rafała Kondrackiego"" as the mid-May 2026 appointees, and the removal of Chełstowski); https://radiopiekary.pl/jakub-chelstowski-odwolany-z-tf-silesia-znane-sa-kulisy-zmian (fetched: NWZ 15 May 2026, board decision 26 May 2026, Balczun's 9 March suspension, the JSW loan, and the quote from TF Silesia RN secretary Joanna Bojczuk, wicemarszałek of Śląskie); http://www.infoveriti.pl/osoba-krs/Bania-Marcin-Andrzej/... (fetched: Marcin Andrzej Bania, born 1978, Piekary Śląskie/Zabrze, one current KRS role). No source anywhere describes who he is.","Four, all public, one current: RN of TF Silesia from 9 June 2026 (appointed 15 May). The three earlier ones are municipal supervisory boards in three different Silesian cities — Zabrze's hospital company 2011-2014, Ruda Śląska's business incubator 2013-2017, Piekary Śląskie's waste company 2020-2024. Notable only for the accumulation across unrelated city halls; TF Silesia is the first state-level post.","verdict=skip || TEZA: Marcin Bania was one of four people appointed on 15 May 2026 to the supervisory board of the state-owned Towarzystwo Finansowe Silesia, the board that eleven days later sacked its president, the former PiS marszałek of Śląskie Jakub Chełstowski. || UWAGA: This is a skip on the evidence available, not a judgement that he is uninteresting — one fact would flip it. Check MAP's published 'Składy rad nadzorczych' listing on gov.pl and TF Silesia's own site for his profession and which shareholder nominated him; if he turns out to be a party or ministerial nominee rather than a jurist or accountant, the accumulation across Zabrze, Ruda Śląska, Piekary Śląskie and now a Skarb Państwa company becomes publishable. As it stands the page would say only 'a man who has sat on four public boards', and the interesting material belongs to Chełstowski's and Babuśka's pages, not his. Namesake risk is low (birth year 1978 and the Piekary/Zabrze location match across the register and the enriched file) but that only confirms which anonymous person it is."
46,Sandra Kusior,skip,"none found - no PKW row for any 'Sandra Kusior' in any year (checked person_pkw.jsonl, 1991-2024) | ŹRÓDŁO: KRS OdpisPelny 0000919312 via https://api-krs.ms.gov.pl/api/krs/OdpisPelny/0000919312?rejestr=P (confirms prokura from 09.06.2026); otherwise database only","1, current: prokurent of Radłowskie Przedsiębiorstwo Komunalne sp. z o.o. (gmina Radłów water/utilities), from 2026-06-09. Not a board post.","verdict=skip || TEZA: Commercial proxy (prokurent) of the Radłów gmina utility company since 9 June 2026, with no political record of any kind. || UWAGA: The same KRS entry has a 'Kusior Urszula Joanna' on the rada nadzorcza 16.11.2024-25.06.2026, so two Kusiors pass through one small gmina company - but Kusior is a common surname in gmina Radłów (several unrelated Kusiors stood in the 2002 and 2014 local elections there per PKW), no Urszula Kusior appears in PKW at all, and I have no evidence of a family link. Do not build a page on that coincidence."
47,Janusz Przetacznik,publish,"PKW: samorząd 1994; 1998 KW 'Jasielskie Porozumienie Mieszkaniowe' (Jasło); 2002 KWW Samorządowy; 2010 KWW Forum Jasielskie - won a council seat, lost the burmistrz race; 2011 Sejm for KW SLD (lost); 2014 and 2018 KWW Porozumienie Samorządowe Ponad Podziałami; 2024 KWW Porozumienie Samorządowe - ELECTED to Rada Powiatu Jasielskiego (candidacy_success TRUE, teryt 180500). parties_simplified = SLD. Press extraction in the export: 'Janusz Przetacznik Przewodniczący Klubu PSPP' and 'Janusz Przetacznik, radny RPJ' (twojejaslo.pl). | ŹRÓDŁO: https://bip.radio.rzeszow.pl/organy-i-ich-kompetencje/ (current RN: Roland Jakubowski, Janusz Przetacznik, Malgorzata Skawinska; likwidator Jakub Osika; RN appointed by Rada Mediow Narodowych); https://www.wnp.pl/rynki/przewodniczacy-rmn-odwolalismy-rady-nadzorcze-w-11-spolkach-regionalnych-rozglosni-radiowych,1024837.html (21.01.2026, RMN chair Wojciech Krol, KO, dismissed the boards of 11 regional radio companies); https://www.jaslo4u.pl/janusz-przetacznik-przewodniczacym-rady-nadzorczej-radia-rze-newsy-jaslo-7423 and https://nowiny24.pl/janusz-przetacznik-przewodniczacym-rady-nadzorczej-radia-rzeszow/ar/c3-6068531 (RN secretary 2000-2003, then chairman; prezes Radia Kielce; 16 years running the Jaslo housing co-op); samorzad.gov.pl attachment listing 'Janusz Przetacznik Radny Powiatu w Jasle Klub radnych PSPP'; KRS OdpisPelny 0000144370.","6 KRS records at 3 public bodies, 1 current: RN Polskie Radio Rzeszów S.A. 2002-2006, 2009-2011 and again from 09.06.2026 (CURRENT); zarząd (prezes) Radio Kielce S.A. 2004-2006 and its RN 2011-2014; plus a 2015-2017 seat at Szpital Specjalistyczny w Jaśle that is an SPZOZ rada społeczna, not a koryto post. Also prezes of Jasielska Spółdzielnia Mieszkaniowa (private, a co-op, not public sector).","verdict=publish || TEZA: A sitting Jasło county councillor and former SLD Sejm candidate who has sat on the boards of two state radio stations under every non-PiS government since 2002, and was put back on the Polskie Radio Rzeszów supervisory board on 9 June 2026 as the new Rada Mediów Narodowych majority swept out the boards of 11 regional stations. || UWAGA: Three fixes before the page goes live. (1) fifty.json shows 'Zarząd Radio Kielce 2004-06-08 to 2014-03-26' - that merges two different things; people_enriched and the press both give zarząd 2004-2006 and a separate RN seat 2011-2014, with a gap. (2) Same for Radio Rzeszów: '2002-2011' is really 2002-2006 plus 2009-2011. (3) The Szpital Specjalistyczny w Jaśle seat 07.04.2015-14.03.2017 is labelled 'Rada Nadzorcza' but the company node's supervisoryOrgan is rada_spoleczna and its legal form is SPZOZ - that is the unpaid rada społeczna the site deliberately excludes, so drop it. Also, the node carries only the 1998 candidacy; the other eight, including the 2024 win, are missing from the graph and must be attached or the page will show almost no political trace. Namesake risk is low: PKW has 'Przetacznik Janusz Bronisław' in Jasło with the same middle name and birth year as the KRS entry, and the masked KRS record for Radio Rzeszów reads P(11)/JANUSZ/BRONISŁAW."
48,Piotr Skaskiewicz,publish,"PKW: 2014 samorząd, KWW Forum Obywatelskie, powiat białogardzki; 2018 samorząd, KOMITET WYBORCZY PRAWO I SPRAWIEDLIWOŚĆ, teryt 320101 (Białogard); 2024 samorząd, KW PRAWO I SPRAWIEDLIWOŚĆ, teryt 320101, candidacy_success TRUE. Currently wiceprzewodniczący Rady Miejskiej Białogardu, IX kadencja 2024-2029. koryta node already carries parties=['PiS']. | ŹRÓDŁO: https://szpitalmiedzyrzecz.pl/szpital/zarzad/ - the hospital's own site names 'PIOTR SKASKIEWICZ' as Prezes Zarządu and gives a bio (economics at Politechnika Koszalińska, law at UG, president of regional medical centres, 15+ years a manager in the Energa group) that matches the KRS trail exactly; https://bip.bialogard.info/artykul/13832/34308/sklad-rady-miejskiej-bialogardu-ix-kadencji-2024-2029 (wiceprzewodniczący); https://www.portalsamorzadowy.pl/osoba/piotr-skaskiewicz,48249.html (KW PiS, okręg 2, 184 głosy, 8.03%, uzyskał mandat); https://prk24.pl/90478022/zmiana-na-stanowisku-prezesa-regionalnego-centrum-medycznego-w-bialogardzie (10.12.2025: left RCM Białogard after three years, 'personal reasons', replaced by Krystyna Janowska; starosta Paweł Wiśniewski surprised).","8 KRS rows across 7 public employers, 1 current: prezes zarządu Szpital Międzyrzecki sp. z o.o. from 09.06.2026. Former: prezes RCM Białogard (2022-2026), zarząd HOLTUR/Polski Holding Hotelowy (2020-2021), zarząd EKOPROHUT and RN VENUS (both Huta Łabędy, 2022-2023), RN Wodociągi Rewal (2010-2019), prokurent Energa-Operator TOO (2007-2015).","verdict=publish || TEZA: PiS deputy chairman of Białogard city council who has been on the board of six publicly owned companies since 2010 - the state hotel group, two Huta Łabędy subsidiaries, his own county's hospital - and who in June 2026 took over a county hospital company 300 km away in Międzyrzecz. || UWAGA: Two data points to correct, neither fatal. The Energa-Operator TOO rows (KRS 0000007426) are flagged is_public=false and this is NOT the hardcoded-list bug - the company has no PUBLIC_COMPANIES_KRS source, it is simply an Energa-group subsidiary the lists never picked up; describe it as a state-group employer rather than relying on the flag. The duplicated Energa row (one with role=null) is one post, not two. Namesake risk is low but not zero: Skaskiewicz is rare and concentrated in Białogard, the KRS birth date is 1973-03-13 and the 2018 PKW row says 1973, but the 2024 PKW row says 1972 (a one-year PKW age artefact); a second, distinct Skaskiewicz - Sebastian Sławomir, b. 1983, KWW Forum Obywatelskie - also stood in Białogard in 2024 and has his own node, so do not conflate them. Also note the 2026-01-26 RCM end date is the KRS filing; the press puts his departure in early December 2025."
49,Sylwia Jaskulska,maybe,"PSL, later PSL/Polska 2050 lists. PKW: 2010 samorząd PSL powiat szczycieński - ELECTED (became wicestarosta); 2011, 2015, 2019 Sejm PSL - lost; 2014 EP PSL; 2014 and 2018 sejmik PSL; 2023 Sejm Trzecia Droga - lost; 2024 sejmik KKW Trzecia Droga PSL-PL2050 - ELECTED. Wikipedia biogram exists (pl.wikipedia.org/wiki/Sylwia_Jaskulska). | ŹRÓDŁO: https://warmia.mazury.pl/wladze-wojewodztwa/zarzad-wojewodztwa-warminsko-mazurskiego (currently wicemarszałkini, from 07.11.2023 and 14.05.2024); https://pl.wikipedia.org/wiki/Sylwia_Jaskulska; KRS OdpisAktualny/OdpisPelny 0000064518 via api-krs.ms.gov.pl (RN change dated 03.06.2026: Jaskulska Sylwia Monika and Adamczyk Marcin Krzysztof in, Wróblewski Witold Marek out); https://www.portel.pl/wiadomosci/gielda-elblaska-s-a-prawdziwe-centrum and rejestr.io/krs/64518 for the 23.08% Skarb Państwa stake (reported, not verified against a share register).","1 verifiable, current: rada nadzorcza of Giełda Elbląska S.A. from 03.06.2026. Plus her elected offices (sejmik, zarząd województwa, wicemarszałek) which are not koryto posts. The export's second 'job', WARMIA I MAZURY (Szymany) - the province-owned Olsztyn-Mazury airport - is not real; see caution.","verdict=maybe || TEZA: The serving PSL deputy marshal of warmińsko-mazurskie, in the provincial government since 2014, took a supervisory-board seat at the state-shareholding Giełda Elbląska on 3 June 2026, replacing the ex-mayor of Elbląg. || UWAGA: Blocking data error: the edge to WARMIA I MAZURY sp. z o.o. (Szymany airport, KRS 0000399439) is false. It has no role, no start date and no end date, and I searched the company's entire KRS OdpisPelny - every rada nadzorcza, zarząd and prokurent entry ever made since 2011 - and there is no Jaskulska in it; people_enriched also gives her only one employment row. Delete edge aNtwVR0t6JaJwRcAV9vY before publishing or the page asserts a job she never held. Second gap: the node carries zero candidacies, so the page would show her whole political career as blank - the ten PKW rows must be attached first. Third, unverified: I have not established who nominated her to the RN. If the Minister Aktywów Państwowych designated her, art. 6 of the 1997 ustawa antykorupcyjna makes it lawful and that designation is itself the story; do not imply a breach of the law without checking the nomination. With those three things done this is a publish."
50,Łukasz Mastalerz,maybe,"none found - no PKW candidacy in any year, no party in the node, no wiki. The politics around him is circumstantial: the KGS supervisory board that appointed him in May 2024 and the man who replaced him are PSL-linked. | ŹRÓDŁO: https://zyciestolicy.com.pl/czlonek-zarzadu-khbc-bez-znajomosci-rynku/ (11.05.2026 - KHBC appointment, pro-forma competition, his marketing background, AMW REWITA); https://zyciestolicy.com.pl/kgs-po-i-przed-konkursem-na-prezesa/ (25.03.2025 - Mastalerz among the KGS board not retained; Świętochowski, PSL-linked, made acting president; KGS heading for ~600m PLN of losses); https://polskarola.pl/rolnictwo/elewarr-bedzie-mial-nowego-prezesa-a-kgs-zarzad/ (16.04.2024, lists 'Łukasz Mastalerz - Członek Zarządu'); https://bip.kgssa.pl/1368,zarzad (he is not on the current board).","2 in KRS, 1 current: członek zarządu of Kutnowska Hodowla Buraka Cukrowego sp. z o.o. (KGS subsidiary) from 02.06.2026; formerly członek zarządu of Krajowa Grupa Spożywcza S.A. 08.05.2024-23.04.2025. Press also puts him at AMW REWITA (state-owned) as development and strategy director from January 2026, which is not in KRS.","verdict=maybe || TEZA: A car-dealership marketing manager who appeared on the management board of the state food giant Krajowa Grupa Spożywcza five months after the change of government, was dropped a year later, and in June 2026 turned up on the board of its sugar-beet breeding subsidiary after a competition the trade press called a formality. || UWAGA: There is no political trace on the man himself - no candidacy, no party, no elected office - so the page would rest entirely on 'unqualified appointee at a state company', which is adjacent to the site's remit rather than in it. Before publishing, establish who actually nominated him in May 2024 (KGS supervisory board resolution, and whether the Ministry of Agriculture or MAP drove it); with a named sponsor this becomes a publish, without one a reader will ask where the politics is. Also note the koryta KGS board data is incomplete - the press names Marek Zagórski, Wojciech Pomajda, Witold Choiński and Marek Dereziński on the same 2024-25 board and none of them appear in the export, so do not present the export's board list as complete. Namesake check: Mastalerz is a common surname (156 PKW rows) but none of them is a Łukasz matching this birth year, and the two KRS rows are internally consistent (a KGS director moving to a KGS subsidiary), so the register entry is one person; the risk is not a wrong join but an empty political story."
51,Agata Ślęzak,maybe,"[candidacy-only] Czterokrotna kandydatka z list Platformy Obywatelskiej: Sejm 2001 (KWW Platforma Obywatelska, woj. śląskie) i 2005 (KW Platforma Obywatelska RP), sejmik śląski 2014 (KW Platforma Obywatelska RP) oraz 2018 (KKW Platforma.Nowoczesna Koalicja Obywatelska, okręg nr 1, mieszkanka Bytomia, 5 242 głosy, bez mandatu). Brak funkcji partyjnej, brak zadeklarowanego w PKW członkostwa, brak potwierdzonego powiązania rodzinnego. | ŹRÓDŁO: https://wybory2018.pkw.gov.pl/pl/delegatury/panstwowa-komisja-wyborcza/koalicyjny-komitet-wyborczy-platformanowoczesna-koalicja-obywatelska-3223/240000/63774/220617 (ŚLĘZAK Agata, wiek 53, Bytom, okręg 1, 5242 głosy, mandat: nie) + person_pkw (2001 KWW PO teryt 24; 2005 KW PO; 2014 KW PO, sejmik śląski 240000, ur. 1965)","Trzy etaty w bazie, z tego dwa w spółkach publicznych. Genuinie aktualny jest JEDEN: prezes zarządu ZSPG (KRS, stan z 12.08.2026). TRAP 2 potwierdzony: krawędź 'Rada Nadzorcza ZSPG od 2026-02-25, end=null' jest nieaktualna – żywy rejestr pokazuje w RN wyłącznie Barszcz, Krupę i Heryszka, ona z RN wyszła wchodząc do zarządu. Obie krawędzie NAT są już zamknięte i zgodne z rejestrem. SEFAKO odpada po korekcie is_public (prywatna). Żadna z posad nie jest radą społeczną (trap 1 nie dotyczy).","verdict=maybe || TEZA: Weszła do rady nadzorczej szpitala powiatowego, trzy tygodnie później kierowała spółką, po czterech miesiącach była prezesem – drugi raz w ciągu 18 miesięcy || UWAGA: Nie publikować dopóki nie ma dokumentu wiążącego kandydatkę PO z Bytomia z prezeską szpitala (oświadczenie majątkowe, biogram prasowy, LinkedIn). Do sprawdzenia: (1) uchwała zarządu powiatu gliwickiego powołująca ją do RN ZSPG z ok. 25.02.2026 (bip.powiatgliwicki.finn.pl) – kto ją zgłosił; (2) kto rekomendował ją do RN Nadwiślańskiej Agencji Turystycznej w październiku 2024 (Holding KW / MAP) – to jest właściwa ścieżka państwowa i mocniejsza historia niż powiatowa; (3) pamiętać, że powołał ją zarząd powiatu SGL+PiS, więc kandydatury z list PO NIE tłumaczą tej nominacji – nie sugerować patronatu KO. SEFAKO nie jest spółką publiczną – nie wpisywać. || TOŻSAMOŚĆ: Średnio-mocna, nie rozstrzygająca. Rejestr KRS maskuje nazwiska: zarząd ZSPG to 'Ś***** A****', PESEL zaczyna się od 6 (rocznik 196x); rejestr.io/osoby/2148209 podaje 'ur. 11 lutego'. PKW: Agata Ślęzak ur. 1965 kandydowała do sejmiku śląskiego w 2014, a w 2018 miała 53 lata i mieszkała w Bytomiu – z"
52,Marek Zdzisław Szponar,publish,"[elected-office] Starosta oławski – kadencja 2024-2029, wybrany 7 maja 2024 (10 głosów za, 4 przeciw, 5 wstrzymujących się); wcześniej starosta oławski 2006-2010. Działacz Koalicji Obywatelskiej: szef koła KO w Jelczu-Laskowicach i członek rady regionu. W wyborach samorządowych 2010 zadeklarował w PKW: 'członek Platformy Obywatelskiej Rzeczypospolitej Polskiej'. | ŹRÓDŁO: https://www.tuolawa.pl/artykul/45048,starosta-olawski-zostal-czlonkiem-rady-nadzorczej-miejskiej-spolki (22.05.2026) + https://olawa24.pl/artykul/marek-szponar-nowym-starosta-jozef-holynski-przewodniczacym-rady/1287629 (sesja 7.05.2024) + https://starostwo.olawa.pl/strona-3314-starosta_powiatu_olawskiego.html + PKW 2010, deklaracja członkostwa w PO (pkw_membership.json, namesake_risk low)","Jedna posada w bazie i jest AKTUALNA: rada nadzorcza ZWiK Oława od 10.04.2026. Zweryfikowane w żywym KRS 3.09.2026 – OdpisAktualny 0000136724, stan z dnia i data ostatniego wpisu 13.04.2026, w organie nadzoru maska 'S****** M**** Z*******', PESEL od 6. Nie jest to rada społeczna. Brak akumulacji posad w spółkach, ale jest kumulacja mandat + rada nadzorcza obcej JST.","verdict=publish || TEZA: Urzędujący starosta oławski wszedł do rady nadzorczej wodociągów należących w 100% do miasta – przewodniczący rady powiatu żąda rezygnacji, zarząd powiatu stracił wotum zaufania || UWAGA: Do 26.08.2026 zarząd powiatu mógł zostać odwołany – przed publikacją sprawdzić wynik tamtego głosowania i czy nadal jest starostą (starostwo.olawa.pl wciąż go wskazuje). Nie twierdzić, że posada jest nielegalna: art. 6 ustawy antykorupcyjnej dopuszcza zasiadanie w RN osoby zgłoszonej przez JST, a gmina Stare Babice... przepraszam, gmina miejska Oława ma 100% udziałów – spór jest polityczny, nie karny. Trop rodzinny z family_leads (Jakub Szponar, ur. 1984, KW Wspólnota Samorządowa Powiatu Oławskiego 2024) pozostaje NIEZWERYFIKOWANY – nie znalazłem publikacji potwierdzającej pokrewieństwo, nie używać. || TOŻSAMOŚĆ: Pewna. W PKW istnieje tylko JEDNA osoba o tym imieniu i nazwisku (pkw_membership.json: distinct_birth_years=1, namesake_risk low), ur. 1962, powiat oławski, kandydat na burmistrza gminy 021503 i radnego powiatu w 2010. rejestr.io/osoby/1803760 podaje 'ur. 12 czerwca'; maska KRS 'S****** [7] M**** Z*"
53,Krzysztof Dzierwa,publish,"[working-relationship] Sekretarz Województwa Śląskiego (VI kadencja, tj. od 2024 r.) – oświadczenie majątkowe za 2024 r. złożone 28.04.2025 jako 'Sekretarz Województwa'. Wcześniej dyrektor Urzędu Marszałkowskiego i sekretarz województwa śląskiego, z tego stanowiska oddelegowany do Przewozów Regionalnych jako członek zarządu i dyrektor handlowy; od października 2015 prezes Enea Centrum. Kandydat z list Platformy Obywatelskiej w Jaworznie w 2006 i 2010 (w 2010 PKW odnotowuje uzyskanie mandatu), wcześniej KW Koalicji dla Jaworzna 1998 i KW Jaworzno Moje Miasto 2002. | ŹRÓDŁO: https://bip.slaskie.pl/samorzad_wojewodztwa/sekretarz-wojewodztwa.html (Sekretarz Województwa VI Kadencja: Krzysztof Dzierwa, ur. 1 maja 1970 w Jaworznie) + https://bip.slaskie.pl/urzad_marszalkowski/oswiadczenia_majatkowe/oswiadczenia_majatkowe_pracownikow_urzedu/oswiadczenia-majatkowe-dzierwa-krzysztof-5.html + https://www.solidarnosc.gorzow.enea.pl/wiadomosc/1286/krzysztof_dzierwa_nowym_prezesem_enei_centrum.html","Cztery krawędzie zatrudnienia, wszystkie w podmiotach publicznych po korekcie is_public. Aktualne dwie: RN RCGW od 9.04.2026 (potwierdzone w żywym KRS, OdpisAktualny 0000046396 stan z 28.07.2026, maska 'D****** [7] K******** [9]' PESEL od 7, oraz na rejestr.io) i miejsce w radzie społecznej WSS nr 5 od 22.05.2024. TRAP 1: seat w WSS nr 5 to rada_spoleczna – nieodpłatna, celowo wykluczona z serwisu; NIE liczyć jej jako posady i NIE drukować jako 'Rada Nadzorcza', mimo że KRS_RELATION_ROLES tak ją etykietuje. Zamknięte: obie krawędzie w POLREGIO. Faktycznie do publikacji jako trough post: jedna – RCGW.","verdict=publish || TEZA: Sekretarz Województwa Śląskiego w radzie nadzorczej tyskich wodociągów wartych ćwierć miliarda – i w radzie społecznej wojewódzkiego szpitala, do której wszedł dokładnie w dniu zmiany zarządu województwa || UWAGA: Nie pisać, że zasiada w 'radzie nadzorczej' szpitala w Sosnowcu – to rada społeczna SPZOZ, organ opiniodawczy powoływany przez sejmik/zarząd województwa. Kandydatura z 2010 r. ma w PKW candidacy_success=TRUE, ale trap 3 każe traktować tę flagę ostrożnie – bezpieczniej napisać 'kandydował z listy PO w 2010 r.' i osobno powołać się na biogram mówiący o mandacie radnego. Nie udało się dziś odpytać rejestru dla POLREGIO (api-krs zwraca 204 dla rejestru P, 404 dla S) – daty z eksportu, oznaczyć jako historyczne. Data początku kadencji sekretarza województwa nie jest podana na stronie BIP (tylko 'VI Kadencja') – nie podawać dokładnego dnia. || TOŻSAMOŚĆ: Rozstrzygnięta dokumentem urzędowym. BIP Województwa Śląskiego podaje przy nazwisku Sekretarza Województwa: 'Data urodzenia: 1 maja 1970, Miejsce urodzenia: Jaworzno'. rejestr.io/osoby/613996 podaje 'ur. 1 maja'. PKW: jedyny Krzysztof Dzierwa w bazie, ur. 1970, teryt 246801 = Jaworzno, cztery kandyd"
54,Maciej Smolarz,publish,"[association] Prezes stowarzyszenia Obywatelski Blok Samorządowy (KRS 0000162350, Dzierżoniów) – sekretarz od 7.12.2021, prezes od 3.08.2023, potwierdzone przez sam OBS na stronie 'Władze OBS'. Od 10.06.2026 wiceprezes zarządu stowarzyszenia Nowoczesny Obywatelski Samorząd (KRS 0001247182), powstałego z połączenia OBS z 'Nowoczesnym Dzierżoniowem' Dariusza Kucharskiego. Wcześniej kandydat z list KW Platforma Obywatelska RP do rady powiatu dzierżoniowskiego w 2010 i 2014; w 2018 i 2024 z list OBS. Dodatkowo: współzałożycielem OBS, wymienionym imiennie w historii stowarzyszenia jako sygnatariusz 'Zobowiązania' za Miasto Dzierżoniów, jest Tomasz Smolarz – poseł PO VI i VII kadencji, przewodniczący koła PO w Dzierżoniowie, jeden z czterech wiceprzewodniczących PO na Dolnym Śląsku, wojewoda dolnośląski 12.03.2014-8.12.2015. | ŹRÓDŁO: http://obsdzierzoniow.pl/wladze-obs/ (Zarząd OBS: Maciej Smolarz – Prezes OBS) + rejestr.io/osoby/498501 (OBS: SEKRETARZ od 7.12.2021, PREZES od 3.08.2023; NOWOCZESNY OBYWATELSKI SAMORZĄD: WICEPREZES ZARZĄDU od 10.06.2026) + http://obsdzierzoniow.pl/historia/ (sygnatariusze Zobowiązania, Miasto Dzierżoniów: Tomasz Smolarz, Marek Piorun) + https://pl.wikipedia.org/wiki/Tomasz_Smolarz","Dwie posady, OBIE aktualne i obie w spółkach komunalnych. Zweryfikowane w żywym KRS 3.09.2026: OdpisAktualny 0000300119 (stan z 14.07.2026) – ZARZĄD SPÓŁKI jednoosobowy, 'S****** [7] M***** [6]', PESEL od 7, PREZES ZARZĄDU; OdpisAktualny 0000177365 (stan z 19.06.2026) – w radzie nadzorczej ta sama maska. Żadna nie jest radą społeczną (obie spółki to sp. z o.o., organ nadzoru = rada nadzorcza). Akumulacja realna: prezes szpitala powiatowego + RN spółki gminnej w tym samym powiecie, plus dwie funkcje w stowarzyszeniach politycznych.","verdict=publish || TEZA: Prezes lokalnego stowarzyszenia, które obsadziło radę miejską Piławy Górnej, dostał w niej miejsce w radzie nadzorczej gminnej spółki – kierując już powiatowym szpitalem || UWAGA: POKREWIEŃSTWO Z TOMASZEM SMOLARZEM JEST NIEPOTWIERDZONE – nie pisać 'brat', 'krewny' ani nie sugerować. Mam tylko: to samo nazwisko (48 osób w PKW w skali kraju), to samo miasto i to samo stowarzyszenie, w którym jeden jest współzałożycielem, a drugi dziś prezesem. To wystarcza na powiązanie organizacyjne, nie na rodzinne. Druga korekta: OBS nie jest przybudówką PO – jego historia mówi wprost, że porozumienie założycielskie z 2002 r. podpisały RAZEM Platforma Obywatelska (Zbigniew Chlebowski) i Prawo i Sprawiedliwość (Adam Lipiński), a stowarzyszenie samo określa się jako apolityczne; opisać je jako lokalne ugrupowanie samorządowe, nie jako partię. Elwira Smolarz (ur. 1966, KW OBS 2024) z family_leads – niesprawdzona, nie używać. || TOŻSAMOŚĆ: Pewna. rejestr.io/osoby/498501 'Maciej Smolarz, ur. 2 lipca', z jednym profilem obejmującym: NZOZ Szpital Powiatowy (zarząd od 23.01.2014, prezes od 14.08.2015), ZBM Piława Górna (organ nadzoru od 24.03.2026), OBS (sekretarz/prezes) i NOS (wiceprezes). Maski KRS w obu spółkach identyczne, PESEL od 7"
55,Magdalena Biernacka,publish,"[elected-office] Starosta nowodworski – kadencja 2014-2018 i ponownie od 7 maja 2024 (BIP Starostwa Powiatowego w Nowym Dworze Mazowieckim wskazuje ją jako Starostę Nowodworskiego). Członkini PSL: PKW odnotowuje przy jej kandydaturach wprost 'członek partii politycznej: Polskie Stronnictwo Ludowe' w wyborach 2019 (Sejm), 2023 (Sejm) i 2024 (Parlament Europejski). Kandydatka PSL do rady powiatu nowodworskiego 2010, KWW Nowy Samorząd 2014, do sejmiku mazowieckiego z KW PSL 2018 i z KKW Trzecia Droga PSL-PL2050 Szymona Hołowni 2024. Między kadencjami zastępczyni dyrektora Departamentu Kultury, Promocji i Turystyki w Urzędzie Marszałkowskim Województwa Mazowieckiego, czyli urzędniczka marszałka Adama Struzika (PSL). | ŹRÓDŁO: https://www.bip.nowodworski.pl/134,starosta-nowodworski (Magdalena Biernacka, Starosta Nowodworski) + https://bip.mazovia.pl/pl/bip/oswiadczenia-majatkowe/oswiadczenie-majatkowe-magdalena-biernacka.html (Urząd Marszałkowski Województwa Mazowieckiego, Departament Kultury, Promocji i Turystyki, Zastępca Dyrektora Departamentu, oświadczenie za 2020, złożone 27.04.2021) + https://www.radioplonsk.pl/artykul/8241,nasielszczanie-pokieruja-powiatem-nowodworskim (wybór na starostę 7.05.2024) + pkw_membership.json (deklaracja członkostwa w PSL, wybory 2019/2023/2024)","Dwie krawędzie zatrudnienia w eksporcie, ale tylko JEDNA to posada w rozumieniu serwisu. Rada nadzorcza EKO-BABICE od 17.03.2026 – AKTUALNA, potwierdzone w żywym KRS 3.09.2026 (OdpisAktualny 0000127401, stan z 19.06.2026, w organie nadzoru maska 'B******** [9] M******** [9]' z PESEL-em od 6) oraz na rejestr.io. TRAP 1: miejsce w SZPZOZ Dziekanów Leśny od 14.01.2022 to RADA SPOŁECZNA (company_krs: supervisory_organ=rada_spoleczna), nieodpłatna, celowo wykluczona – nie liczyć jej i nie drukować jako rady nadzorczej, mimo etykiety 'Rada Nadzorcza' w eksporcie.","verdict=publish || TEZA: Urzędująca starosta nowodworska zasiada w radzie nadzorczej wodociągowej spółki gminy Stare Babice – z sąsiedniego powiatu, w którym nie ma mandatu || UWAGA: Nie napisać, że jest to nielegalne. Art. 4 ustawy antykorupcyjnej zakazuje członkom zarządu powiatu zasiadania w radach nadzorczych spółek prawa handlowego, ale art. 6 dopuszcza osoby zgłoszone do takich funkcji przez jednostkę samorządu terytorialnego – a 100% udziałów EKO-BABICE ma gmina Stare Babice. Pytanie do zadania i do ewentualnego dopisania po weryfikacji: czy gmina formalnie ją desygnowała (uchwała/zarządzenie wójta Stare Babice) i ile wynosi wynagrodzenie. Nie znalazłem ani jednej publikacji prasowej o tej nominacji – opis musi opierać się wyłącznie na KRS, rejestr.io i BIP-ach. Oświadczenie majątkowe za 2025 r. (bip.nowodworski.pl, plik 21045) jest skanem, którego nie odczytałem – jeśli ktoś je zdekoduje, powinno rozstrzygnąć kwestię wynagrodzenia i desygnacji. Kandydatury z eksportu kierują do 'Powiatu nowodworskiego' i 'Województwa mazowieckiego' – zgodne z jej biografią, nie ma tu zlepienia imienniczek. || TOŻSAMOŚĆ: Rozstrzygnięta, mimo że pkw_membership oznaczał ją jako namesake_risk HIGH (3 roczniki dzielą to nazwisko). Rozstrzygnięcie: rejestr.io/osoby/2970235 pokazuje JEDNĄ osobę 'Magdalena Biernacka, ur. 2 kwietnia' z trzema aktualnymi powiązaniami – EKO-BABICE (organ nadzoru od 17.03.2026), Stowarzyszenie"
56,Maria Chilińska,publish,"[committee-role] Kandydatka Komitetu Wyborczego Prawo i Sprawiedliwość w wyborach samorządowych 2010 (Tomaszów Mazowiecki, teryt 101601) i 2014 (powiat tomaszowski, teryt 101600), a następnie dwukrotnie – w 2018 i 2024 – kandydatka KWW Marcina Witko, komitetu wyborczego prezydenta Tomaszowa Mazowieckiego (do stycznia 2026 członka PiS). W 2018 startowała jako nr 4 w okręgu 3 do Rady Powiatu Tomaszowskiego z listy KWW Marcina Witko, opisana jako „Maria Jolanta Chilińska, lat 59, Tomaszów Mazowiecki”. | ŹRÓDŁO: PKW, rejestr kandydatów w wyborach samorządowych 2010/2014/2018/2024 (person_pkw: Maria Jolanta Chilińska, ur. 1959, teryt 101600/101601 – KW Prawo i Sprawiedliwość 2010 i 2014, KWW Marcina Witko 2018 i 2024); lista KWW Marcina Witko 2018: https://tomaszowmazowiecki.naszemiasto.pl/artykul/wybory-2018-w-tomaszowie-mazowieckim-listy-kww-marcina,4806245,art,t,id,tm.html ; odwołanie z ZGWK: https://www.tomaszow-tit.pl/2025-rok/tit-nr-39-1834-z-3-pazdziernika-2025r/17357-zmiany-w-zarzadzie-zgwk (TIT nr 39/2025, 3.10.2025)","Dwa genuinie aktualne: prezes zarządu MPWiK Milanówek (KRS 0000407126, potwierdzone odpisem aktualnym, stan na 29.08.2026 – „C******** M**** J******”, PESEL 5*) i członek RN GPK Eko-Babice (KRS 0000127401, stan na 19.06.2026 – „C******** M****”, PESEL 5*). Żadnej rady społecznej (trap 1 nie występuje). TRAP 2 ZŁAPANY: krawędź ZGWK Tomaszów 2018-12-20 → end=null jest duplikatem – w odpisie aktualnym KRS 0000125241 (stan na 22.07.2026) zarząd to Szczepański, Rutkowski i Szymańska, Chilińskiej tam nie ma. Ta krawędź musi zostać zamknięta datą 2025-12-22, inaczej strona twierdzi, że nadal prowadzi tomaszowskie wodociągi.","verdict=publish || TEZA: Startowała z list PiS, potem dwukrotnie z komitetu prezydenta Tomaszowa – i przez 22 lata, w trzech turach, kierowała miejskimi wodociągami. Po „przejściu na emeryturę” we wrześniu 2025 w ciągu pół roku wzięła dwa nowe stanowiska w spółkach komunalnych pod Warszawą. || UWAGA: Po pierwsze: bezwzględnie zamknąć krawędź ZGWK z 2018-12-20, inaczej strona kłamie o stanowisku, które opuściła 30.09.2025. Po drugie: obie tegoroczne posady (Milanówek, Stare Babice) leżą na Mazowszu i NIE mam dla nich żadnego śladu politycznego – Milanówek powołał ją po rezygnacji prezesa Sebastiana Budziszewskiego, a ona sama budowała tę spółkę w latach 2012-2013. Strona nie może sugerować, że mazowieckie posady wynikają z tomaszowskiej polityki; związek polityczny dotyczy tomaszowskiego okresu 2015-2025 i tak trzeba go opisać. Po trzecie: kandydatury z 2010 i 2024 skończyły się porażką (PKW candidacy_success=FALSE), a dla 2014 i 2018 PKW nie podaje wyniku – pisać „startowała”, nie „przegrała”. || TOŻSAMOŚĆ: Mocna, czterema niezależnymi punktami. person_krs/rejestr.io: ur. 1959-03-25. PKW: Maria Jolanta Chilińska, ur. 1959, teryt 101600/101601 – ten sam rocznik i to samo miasto. Odpis KRS Milanówka: „C******** M**** J******” (nazwisko 9 znaków = Chilińska, imię 5 = Maria, drugie imię 7 = Jolanta), PESEL"
57,Marta Ewa Zięba,publish,"[elected-office] Radna Rady Miejskiej w Strzegomiu wybrana w październiku 2018 z okręgu nr 1 z listy KOMITETU WYBORCZEGO WYBORCÓW ZBIGNIEWA SUCHYTY – prywatnego komitetu burmistrza Strzegomia, który w tych samych wyborach uzyskał reelekcję z wynikiem 8.501 głosów. 1 lutego 2019 złożyła mandat radnej, obejmując stanowisko dyrektora i prokurenta gminnej spółki Zakład Usług Komunalnych w Strzegomiu; 22 marca 2019 została wpisana do KRS jako prezes jej zarządu. Wcześniej, w 2010, została wybrana radną Strzegomia z listy KW Stowarzyszenie Federacja Młodych, a w 2014 startowała z KWW Razem dla Gminy Strzegom. | ŹRÓDŁO: https://doba.pl/dsw/artykul/radna-zlozyla-mandat-bedzie-dyrektorem-zuk-u/24008/0 (1.02.2019 – „Radna złożyła mandat. Będzie dyrektorem ZUK-u”, imiennie Marta Zięba, Strzegom, burmistrz Zbigniew Suchyta); https://swidnica24.pl/2018/10/burmistrz-i-radni-miejscy-strzegomia-wybrani/ (Marta Zięba wśród wybranych radnych okręgu 1 obok Zbigniewa Suchyty); PKW, rejestr kandydatów 2010/2014/2018 (person_pkw: Marta Ewa Zięba, ur. 1979, teryt 021906 = gmina Strzegom; 2010 KW Stowarzyszenie Federacja Młodych, candidacy_success=TRUE; 2014 KWW Razem dla Gminy Strzegom; 2018 KWW Zbigniewa Suchyty)","Jedno genuinie aktualne: prezes zarządu ABK Walim – odpis aktualny KRS 0000311827, stan na 25.05.2026, „Z**** M**** E**”, PESEL 7*. Jedno zamknięte i poprawnie zamknięte: ZUK Strzegom (odpis aktualny KRS 0000460803, stan na 08.07.2026, prezesem jest E****** G**********, czyli Ewelina Gołębiowska – trap 2 nie występuje, krawędź ma end 2025-07-08). Żadnej rady społecznej.","verdict=publish || TEZA: Wybrana radną z komitetu burmistrza Strzegomia w październiku 2018 – trzy miesiące później oddała mandat i objęła gminną spółkę komunalną, którą prowadziła przez sześć lat. || UWAGA: Nie przypisywać jej posady w Walimiu polityce – ABK Walim rozpisało otwarty konkurs (ogłoszenie z 11.02.2026 na walim.pl), a gmina Walim leży w innym powiecie niż Strzegom. Historia dotyczy Strzegomia. Nie ustaliłem, dlaczego odeszła z ZUK w lipcu 2025 ani czy Zbigniew Suchyta jest nadal burmistrzem po wyborach 2024 – wyczerpałem budżet wyszukiwania; to warto sprawdzić przed publikacją, bo jeżeli Suchyta odszedł w 2024, jej odejście z ZUK w 2025 domyka historię i wzmacnia ją. Flaga elected w eksporcie jest pusta – wynik z 2018 mam ze swidnica24.pl i z artykułu o złożeniu mandatu, nie z pola elected. || TOŻSAMOŚĆ: Mocna. person_krs/rejestr.io: ur. 1979-03-05. PKW: Marta Ewa Zięba, ur. 1979, teryt 021906 (gmina Strzegom) w trzech wyborach z rzędu – ten sam rocznik, ta sama gmina co spółka. Dokumenty wyborcze delegatury wałbrzyskiej PKW z 2010 podają „Marta Zięba, lat 31” – zgodne z rocznikiem 1979 w wyborach z"
58,Wojciech Wiśniowski,publish,"[elected-office] Starosta sławieński nieprzerwanie od 2 grudnia 2010 – wybierany na to stanowisko po każdych kolejnych wyborach (2010, 2014, 2018, maj 2024) i figurujący dziś na czele Zarządu Powiatu Sławieńskiego w BIP starostwa. Członek Platformy Obywatelskiej: do rady powiatu wchodził z list KW Platforma Obywatelska RP w 2010 (541 głosów, 9,83%) i 2014 (592 głosy, 14,29%), a w 2024 z listy KKW Koalicja Obywatelska (717 głosów). Wcześniej startował z KWW Przyjazne Darłowo (2002), Wspólnota dla Powiatu-AWS (1998) i KWW „Przyjazny Powiat” (2018). | ŹRÓDŁO: https://bip.powiatslawno.pl/public/?id=171713 – strona „Zarząd Powiatu” BIP Starostwa Powiatowego w Sławnie, odczytana 2026-09-03: „1. Wojciech Wiśniowski - Starosta Sławieński”; https://pl.wikipedia.org/wiki/Wojciech_Wi%C5%9Bniowski (ur. 28 maja 1967 w Szczecinie, PO, starosta od 2.12.2010, wyniki wyborcze 2010/2014/2018/2024); PKW, rejestr kandydatów samorządowych 1998-2024 (person_pkw: Wojciech Piotr Wiśniowski, ur. 1967, teryt 3213 = powiat sławieński)","Dwa genuinie aktualne i oba potwierdzone w rejestrze: przewodniczący RN MPGK Darłowo (odpis aktualny KRS 0000024924, stan na 14.07.2026, „W********* W*******”, PESEL 6*; funkcja przewodniczącego wprost w BIP Urzędu Miejskiego w Darłowie, http://um.darlowo.ibip.pl/public/?id=32580 – „Przewodniczący – Wojciech Wiśniowski”) oraz członek RN Zarządu Portu Morskiego Darłowo (odpis aktualny KRS 0000116150, stan na 01.07.2026, „W********* W******* P****”, PESEL 6*). TRAP 1 ZŁAPANY: trzeci „nadzorczy” wpis – Szpital Powiatowy w Sławnie od 2011-06-29 – to RADA SPOŁECZNA, nie rada nadzorcza. Potwierdzone bezpośrednio w rejestrze: KRS 0000128483 zwraca 204 na rejestrze P, a na rejestrze S (stan na 17.06.2026) pokazuje SPZOZ powiatu sławieńskiego, którego organem nadzoru jest RADA SPOŁECZNA licząca 14 osób. Ten wpis MUSI zostać wykluczony z liczby posad – jest bezpłatny, a poza tym starosta zasiada w radzie społecznej szpitala własnego powiatu z urzędu. Liczba posad na stronie to zatem 2, nie 3. TRAP 2 nie występuje: obie otwarte krawędzie potwierdzone odpisami aktualnymi.","verdict=publish || TEZA: Starosta sławieński z PO od 2010 roku przewodniczy radzie nadzorczej miejskiej spółki komunalnej w Darłowie, a w marcu 2026 wrócił po czternastu latach także do rady nadzorczej spółki portowej – obu należących nie do jego powiatu, lecz do miasta. || UWAGA: Nie liczyć rady społecznej szpitala w Sławnie jako trzeciej posady i nie umieszczać jej na stronie. Uczciwie zaznaczyć, że MPGK i ZPM należą do GMINY MIASTO DARŁOWO, a nie do powiatu, którym on kieruje – to nie jest obsadzenie samego siebie, tylko mandat od władz miasta, i taka precyzja jest tu istotna. Wynik wyborów 2018 (KWW „Przyjazny Powiat”) mam tylko z Wikipedii, nie z PKW. Nie zdążyłem sprawdzić jego oświadczeń majątkowych w BIP powiatu – jeżeli operator chce podać wynagrodzenie za obie rady nadzorcze, tam będzie. || TOŻSAMOŚĆ: Bardzo mocna, z dokładnością do dnia. person_krs/rejestr.io podaje datę urodzenia 1967-05-28; Wikipedia podaje 28 maja 1967 w Szczecinie – identycznie. PKW: Wojciech Piotr Wiśniowski, ur. 1967, teryt 321300/321301/321303 (powiat sławieński, Darłowo miasto i gmina) w pięciu wyborach. Odpisy KRS obu d"
59,IZABELA HEINRICH LEWANDOWSKA,skip,[none] none found,"Jedno, aktualne: p.o. dyrektora (kierownik SPZOZ) Poznańskiego Ośrodka Zdrowia Psychicznego, potwierdzone odpisem aktualnym KRS 0000002648 na 26.06.2026 i stroną www.pozp-poznan.pl/kontakt-z-dyrekcja.html. TRAP 1 – uwaga na pułapkę odwrotną niż zwykle: pole supervisoryOrgan tej jednostki brzmi „rada_spoleczna”, ale opisuje ORGAN NADZORU PODMIOTU, nie jej rolę. Ona jest kierownikiem (dział 2, reprezentacjaIBIGBPPSPZOZ), a nie członkinią rady społecznej – to jest realne, płatne stanowisko dyrektorskie i nie wolno go wykluczyć jako rady społecznej. Wykluczyć natomiast trzeba SIEDMIU innych ludzi z tej samej jednostki, którzy w eksporcie mają rolę „Rada Nadzorcza”, a w rzeczywistości siedzą w RADZIE SPOŁECZNEJ POZP – w tym Filipa Kaczmarka i Juliana Joksia. TRAP 2 nie występuje.","verdict=skip || TEZA: Główna księgowa i wicedyrektor ds. ekonomicznych awansowana na p.o. dyrektora tego samego ośrodka – żadnego śladu politycznego nie znalazłem. || UWAGA: Napisałem „nie znaleziono” po sprawdzeniu: PKW (żadnej kandydatury pod Heinrich, Heinrich-Lewandowska ani Izabela Lewandowska z rocznikiem 1977 w Wielkopolsce), całego person_krs (jeden wpis w życiu), strony jednostki, BIP UMWW i wyszukiwarki pod jej nazwiskiem z Poznaniem. Nie sprawdziłem tylko, w jakich okolicznościach odeszła poprzednia dyrektorka i czy zmianę na stanowisku poprzedziła uchwała zarządu województwa – wyczerpałem budżet wyszukiwań. Gdyby operator chciał wrócić do tej osoby, to jedyny nietknięty trop, ale zaznaczam, że sam w sobie nie jest jeszcze związkiem politycznym: dla awansu wewnętrznego głównej księgowej trzeba by pokazać coś więcej niż fakt, że powołał ją organ samorządu. || TOŻSAMOŚĆ: Pewna co do osoby, choć nieistotna wobec braku polityki. person_krs: IZABELA MARIA HEINRICH LEWANDOWSKA, ur. 1977-05-10, jeden jedyny wpis. Odpis KRS: nazwisko dwuczłonowe „H*******-L**********” (8 i 11 znaków = Heinrich-Lewandowska), imiona „I******” + „M****” (Izabela, Maria), PESEL 7*. Strona ośr"
60,Piotr Kraszewski,skip,[none] none found,"Jedno, aktualne: prokurent PCR w Sopocie, potwierdzone odpisem aktualnym KRS 0000684944 na 19.08.2026 („K********* P****”, PESEL 8*, ODDZIELNA, SAMOISTNA). Organ nadzoru spółki to RADA NADZORCZA (Stasierska, Smugła-Rusiecka, Zgoda) – żadnej rady społecznej, trap 1 nie występuje. TRAP 2 nie występuje, wpis potwierdzony w rejestrze.","verdict=skip || TEZA: Dyrektor ds. operacyjnych sopockiego szpitala dostał prokurę – zwykły awans w strukturze zarządczej, bez śladu politycznego. || UWAGA: „Nie znaleziono” po sprawdzeniu: całego PKW pod nazwiskiem Kraszewski + imię Piotr, całego person_krs (jeden wpis w życiu), strony spółki, jej BIP-u oraz czterech różnych zapytań wyszukiwarkowych (Sopot, Gdańsk, urząd marszałkowski, sejmik, dyrektor ds. operacyjnych). Wyszukiwarka konsekwentnie podstawiała Jakuba Kraszewskiego, dyrektora UCK w Gdańsku – to INNA osoba i nie wolno ich pomylić na stronie. Ma niski wynik modelowy (3.0, tylko pipeline-capture) i jedno stanowisko; nawet gdyby związek się kiedyś znalazł, sama prokura dyrektora operacyjnego to za mało na tekst. || TOŻSAMOŚĆ: Pewna co do osoby i wystarczająca, by ODRZUCIĆ imienników. person_krs: Piotr Kraszewski, ur. 1985-05-25, jeden jedyny wpis w KRS w całym życiu. Odpis KRS: „K*********” (10 znaków = Kraszewski), „P****” (5 = Piotr), PESEL 8* – rocznik 198x, zgodny. Strona pcrsopot.pl/o-nas/zarzad-i-dyrekcja/ potwierd"
61,Krzysztof Maj,maybe,"[candidacy-only] Kandydat do Rady Powiatu Wrocławskiego w wyborach 7 kwietnia 2024 z listy KWW Inicjatywa Samorządowa Powiatu Wrocławskiego – komitetu starosty wrocławskiego Romana Potockiego (Potocki, ur. 1963, mandat z tej listy w 2024 r.); mandatu nie uzyskał | ŹRÓDŁO: PKW, Wybory Samorządowe 2024, karta kandydata https://samorzad2024.pkw.gov.pl/samorzad2024/pl/rada_powiatu/kandydat/3170862 (MAJ Krzysztof, lat 37, Święta Katarzyna, KWW INICJATYWA SAMORZĄDOWA POWIATU WROCŁAWSKIEGO) + wiersz PKW: 2024, rada powiatu teryt 022300, zamieszkanie teryt 022308 (gm. Siechnice), rocznik 1986. Skład listy z Romanem Pawłem Potockim (wybrany) w tym samym komitecie – ta sama tabela PKW 2024.","Jedna, i jest bieżąca. KRS OdpisAktualny 0000444573 (rejestr P, stan z 13.07.2026, ostatni wpis 79): w organie ZARZĄD figuruje M**[3] K********[9], PESEL zaczynający się od 8 – wzorzec zgodny z ""Maj Krzysztof"", ur. 1986-12-08. Trap 2 nie występuje: nie ma zdublowanej krawędzi. Trap 1 nie występuje: organem jest RADA NADZORCZA spółki prawa handlowego, a Maj i tak siedzi w zarządzie.","verdict=maybe || TEZA: Kandydat z listy starosty wrocławskiego rok później prezesem spółki gminy Siechnice za 47,8 mln zł kapitału || UWAGA: TRAP 4 ZŁAPANY I ODRZUCONY: podpowiedź z pkw_membership.json (""członek partii politycznej: Bezpartyjni Samorządowcy-Łączy nas Polska"", 2023) dotyczy INNEGO człowieka – Krzysztofa Mariusza Maja, rocznik 1976, zamieszkanie teryt 026401 (Lubin), kandydata do Sejmu 2023 i do sejmiku dolnośląskiego 2024, w person_krs osobne rejestr.io id 1174156, ur. 1976-12-14. NIE WOLNO przypisać tej deklaracji prezesowi SISK. Podpowiedzi rodzinne (Maj ze Chmielnika, świętokrzyskie) też są nie z tego powiatu. Zanim publikować, sprawdzić: (1) czy Maj pracował wcześniej w Urzędzie Miejskim w Siechnicach albo w samej SISK, (2) czy było postępowanie kwalifikacyjne na prezesa i kto zasiadał w komisji, (3) kim jest czteroosobowa RN SISK (wzorce z KRS: D****-G*******/A****, K******/W*******, L***/L*****, G*****/W*******) – jeśli to urzędnicy gminy albo radni Kropskiego, historia się domyka. || TOŻSAMOŚĆ: Dobra, ale nie żelazna. person_krs (rejestr.io 3446889) daje Krzysztofa Maja ur. 1986-12-08 z jedną posadą – SISK od 2026-03-05. Wiersz PKW 2024 dla rady powiatu wrocławskiego: MAJ Krzysztof, rocznik 1986, zamieszkanie teryt 022308 = gmina Siechnice; karta PKW podaje wiek 37 i miejscowość Święta Kat"
62,Mariusz Kotynia,publish,"[party-office] Szef struktur Prawa i Sprawiedliwości w powiecie łódzkim wschodnim oraz radny Rady Powiatu Łódzkiego Wschodniego kadencji 2024–2029 (mandat z listy KW Prawo i Sprawiedliwość, gm. Koluszki); kandydat PiS do rady powiatu również w 2010 (mandat), 2014 i 2018 | ŹRÓDŁO: naszekoluszki.pl, 14 listopada 2025: „mówi Mariusz Kotynia, radny Rady Powiatu oraz szef Prawa i Sprawiedliwości w powiecie łódzkim wschodnim, który osiągnął drugi wynik w ostatnich wyborach na stanowisko burmistrza Koluszek” (https://naszekoluszki.pl/?s=Kotynia). Mandat i przynależność komitetowa: BIP Powiatu Łódzkiego Wschodniego, skład osobowy Rady Powiatu – „Kotynia Mariusz | KW Prawo i Sprawiedliwość | (gm. Koluszki)” (https://bip.lodzkiwschodni.pl/574,sklad-osobowy-rady-powiatu); rada.lodzkiwschodni.pl/sklad-rady/radny/10 – powołany 07-04-2024, komisje od 2024-05-14. Wiersze PKW: 2010 rada powiatu teryt 100600, KW PiS, mandat; 2014 PiS (gm. Koluszki i powiat); 2018 PiS (powiat).","Trzy publiczne w karierze, jedna bieżąca. KRS OdpisAktualny 0000137016 (rejestr P, stan 25.05.2026): ZARZĄD = K******[7] M******[7], PESEL na 7 – wzorzec „Kotynia Mariusz”, ur. 1979 – POTWIERDZONE jako aktualne. KRS 0000491324 (stan 26.06.2026): w zarządzie W***********/M***** i F*******/G******* F********* – Kotyni nie ma, czyli krawędź MZK słusznie zamknięta 2024-12-09. Żaden organ nie jest radą społeczną – ZGC, MZK i CLPB to spółki z o.o. z radą nadzorczą; w ZGC i MZK Kotynia i tak siedział w zarządzie.","verdict=publish || TEZA: Powiatowy szef PiS z Koluszek zbiera etaty w Tomaszowie Mazowieckim: zarząd MZK, dyrekcja ZDiUM, a od lutego 2026 p.o. prezesa ciepłowni || UWAGA: Rozbieżność do sprostowania przed drukiem: artefakt person_pkw przypisuje wierszowi z 2024 r. komitet „KWW ALTERNATYWA DLA GMINY”, a BIP Rady Powiatu i portalsamorzadowy.pl podają KW Prawo i Sprawiedliwość (okręg 4, lista 4, poz. 1, 1156 głosów, 11,79%). Wyjaśnienie z naszekoluszki.pl: KWW Alternatywa dla Gminy był jego komitetem w wyścigu o fotel burmistrza Koluszek (drugi wynik), a mandat powiatowy wziął z listy PiS. Pisać za BIP-em. Trap 3: flaga elected w eksporcie jest bezwartościowa, ale mandat 2024 jest potwierdzony dokumentem urzędowym, a nie flagą. Dodatkowo warto sprawdzić: czy nadal kieruje Biurem Powiatowym ARiMR w Koluszkach (część opisów tak podaje – nie udało się tego potwierdzić dokumentem), oraz uchwałę RN ZGC z 4 lutego 2026 i skład tej RN. || TOŻSAMOŚĆ: Mocna. person_krs (rejestr.io 2246082) daje Mariusza Kotynię ur. 1979-09-16 i dokładnie te cztery wpisy KRS. PESEL w KRS zaczyna się od 7. W PKW są DWAJ Mariusze Kotynie w łódzkiem: nasz rocznik 1979 z gminy Koluszki (teryt 100607/100600) i Mariusz Jacek Kotynia rocznik 1970 z gminy Ujazd (teryt 101"
63,Paweł Kurtasz,publish,"[party-membership] Członek partii Porozumienie; w wyborach samorządowych 2018 kandydat do Rady Miasta Opola z listy KW Razem dla Opola, którego liderem był Marcin Ociepa (wiceprezes Porozumienia, szef jego struktur w okręgu opolskim, w latach 2019–2023 sekretarz stanu w MON); 9 listopada 2025 odznaczony Srebrnym Krzyżem Zasługi w gronie „zasłużonych działaczy i sympatyków Stowarzyszenia Ludzi Aktywnych »Horyzonty«” – stowarzyszenia założonego w 2005 r. i kierowanego przez Marcina Ociepę, które firmowało komitet „Razem dla Opola” | ŹRÓDŁO: pl.wikipedia.org/wiki/Paweł_Kurtasz (infobox: partia = Porozumienie; „Dołączył do partii Porozumienie”, przypis: zapis przebiegu posiedzenia komisji śledczej, sejm.gov.pl, documentId F60453344BD8707BC1258B080037E626; „bez powodzenia ubiegał się o mandat radnego Opola z listy KW Razem dla Opola, którego liderem był Marcin Ociepa”). Odznaczenie: prezydent.pl, 9 listopada 2025, „Odznaczenia dla zasłużonych działaczy i sympatyków Stowarzyszenia Ludzi Aktywnych »Horyzonty«”. Ociepa i Horyzonty: pl.wikipedia.org/wiki/Marcin_Ociepa – „z poparciem kierowanego przez siebie lokalnego Stowarzyszenia Ludzi Aktywnych »Horyzonty«, którego w 2005 był założycielem”. Wiersze PKW: 2014 sejmik opolski, KWW Gospodarne Opolskie, 122 głosy (0,18%); 2018 Rada Miasta Opola, KW Razem dla Opola, 25 głosów (0,17%).","Sześć wpisów KRS, wszystkie w podmiotach publicznych; bieżąca jest jedna. KRS OdpisAktualny 0000170886 (rejestr P, stan 14.07.2026): ZARZĄD = K******[7] P**** T******[13], PESEL na 8 – zgodne z „Kurtasz Paweł Tadeusz”, ur. 1983 – POTWIERDZONE. TRAP 2 ZŁAPANY: eksport pokazuje BPEC Brzeg (KRS 0000157459) jako trwającą od 2019-10-24 z end=null, tymczasem odpis z 15.07.2026 daje w RN T*****/K********, S******/P**** A***, D*****/J**** S******** – żadnego siedmioliterowego nazwiska na K. person_krs zamyka tę krawędź 2026-07-15. Ta posada NIE jest bieżąca i nie wolno jej tak opisać. Żadnego organu typu rada społeczna – wszystko rady nadzorcze spółek kapitałowych.","verdict=publish || TEZA: Człowiek Porozumienia i środowiska Marcina Ociepy: prezes PAIH za PiS, odwołany po zmianie rządu, dziś prezes ciepłowni gminy Prudnik || UWAGA: Uczciwie odnotować kontrargument: do ZEC Prudnik trafił przez postępowanie kwalifikacyjne, a jego kwalifikacje są realne (doktor nauk technicznych Politechniki Opolskiej, MBA, wcześniej PAIH i WSSE); Witold Rygorowicz, przewodniczący Komisji Rewizyjnej Rady Miejskiej Prudnika, publicznie chwalił wybór (Radio Opole, 08.12.2025). Poprzednik Stanisław Polasz odszedł na emeryturę, nie został odwołany – to nie jest czystka. Nie ustalono, kto powołał go do RN ZEC Prudnik w październiku 2022 ani kto był wtedy burmistrzem Prudnika – warto to dopisać. Cytat o członkostwie w Porozumieniu pochodzi z Wikipedii, której przypisem jest zapis posiedzenia komisji śledczej na sejm.gov.pl; sejm.gov.pl blokował pobranie (captcha), więc pierwotny stenogram nie został przeze mnie otwarty – przed publikacją domknąć ten link ręcznie. || TOŻSAMOŚĆ: Bardzo mocna, wręcz jednoznaczna. person_krs (rejestr.io 523187) – jeden i tylko jeden Paweł Kurtasz w bazie, ur. 1983-03-06, z komplet siedmiu wpisów zgadzającym się co do dnia z eksportem koryta. Wiersze PKW: KURTASZ Paweł Tadeusz, rocznik 1983 (2014, sejmik opolski) i KURTASZ Paweł, rocznik 1983 "
64,Jarosław Kowalski,maybe,"[elected-office] Radny Rady Miasta Bolesławca IV–VIII kadencji, od 2014 r. przewodniczący Rady Miasta; do rady wchodził trzykrotnie z komitetu prezydenta Bolesławca Piotra Romana (KWW Piotra Romana 2010 – mandat, 2014, KWW Piotra Romana Bezpartyjni 2018); w 2023 r. kandydat do Sejmu z listy KW Bezpartyjni Samorządowcy, czwarte miejsce na liście; w 2024 kandydat do Rady Powiatu Bolesławieckiego z KWW Tomasza Gabrysiaka Forum Powiatu | ŹRÓDŁO: istotne.pl, 4 września 2023, „Przewodniczący Rady Miasta Bolesławca 7. i 8. kadencji startuje do Sejmu” (https://istotne.pl/boleslawiec/wiadomosc/f6p): radny IV–VIII kadencji, „Od 2014 roku pełnił funkcję przewodniczącego Rady”, start z listy Bezpartyjnych Samorządowców z czwartego miejsca. Wiersze PKW dla rocznika 1970, zamieszkanie teryt 020101 (Bolesławiec): 2002 KWW Forum Samorządowe Ziemi Bolesławieckiej; 2006 KW Prawo i Sprawiedliwość; 2010 KWW PIOTRA ROMANA – mandat; 2014 KWW Piotra Romana; 2018 KWW PIOTRA ROMANA BEZPARTYJNI; 2023 Sejm, KW BEZPARTYJNI SAMORZĄDOWCY, deklaracja „nie należy do partii politycznej”; 2024 KWW TOMASZA GABRYSIAKA FORUM POWIATU (rada powiatu, teryt 020100).","W eksporcie osiem, ale CZTERY z nich są bieżące dopiero po rozdzieleniu dwóch osób. Dla człowieka z Bolesławca aktualne i potwierdzone w rejestrze są trzy: ZEC Bolesławiec – KRS 0000055433, odpis z 29.04.2026, ZARZĄD = K*******[8] J*******[8], PESEL na 7; TBS Bolesławiec – KRS 0000061984, odpis z 27.04.2026, ten sam wzorzec w RN; MPO Lubin – KRS 0000141601, odpis z 01.09.2026, ten sam wzorzec w RN. Potwierdza to także BIP Gminy Miejskiej Bolesławiec, zakładka Oświadczenia majątkowe / Jednoosobowe spółki Gminy Miejskiej / Prezes Zakładu Energetyki Cieplnej Sp. z o.o. – Jarosław Kowalski, oświadczenie złożone w 2026 r., wytworzone 2026-04-27. Koleje Dolnośląskie zamknięte 2024-10-29, MegaSerwis 2019-01-25 – zgodne. Radio Gdańsk widnieje w KRS jako aktualne (odpis z 19.06.2026), ale to nie ten człowiek. Żaden organ nie jest radą społeczną.","verdict=maybe || TEZA: Przewodniczący rady miasta z komitetu prezydenta Bolesławca przesiadł się na fotel prezesa miejskiej ciepłowni i zebrał trzy rady nadzorcze naraz || UWAGA: NIE PUBLIKOWAĆ STRONY W OBECNYM KSZTAŁCIE. Trzeba najpierw usunąć z węzła trzy krawędzie należące do innego człowieka (rejestr.io 453870, ur. 1970-08-05): RADIO GDAŃSK KRS 0000195933 od 2026-02-23, OLSZTYŃSKIE TBS KRS 0000012322 2012–2015, PGK LIDZBARK WARMIŃSKI KRS 0000164583 2016–2021. To właśnie Radio Gdańsk wypchnęło tę osobę na 64. miejsce kolejki (started 2026-02-23) – najświeższa i najbardziej medialna posada na stronie jest cudza. Po rozdzieleniu zostaje bardzo mocny materiał: przewodniczący rady miasta z komitetu prezydenta, który przechodzi na prezesurę spółki tego samego miasta, trzy równoległe rady nadzorcze i wymiana ludzi z Bezpartyjnymi Samorządowcami. Do domknięcia: dlaczego i kiedy zrzekł się mandatu radnego (samorzad.pap.pl i bolesławiec.pl mają o tym teksty, oba serwery odmówiły mi dostępu – 403/Incapsula), oraz czy Tomasz Andrzej Gabrysiak (ur. 1973, mandat powiatowy 2024, w 2019 kandydat Koalicji Bezpartyjni i Samorządowcy) jest starostą bolesławieckim. || TOŻSAMOŚĆ: SŁABA NA POZIOMIE WĘZŁA – węzeł koryta scala dwóch ludzi. person_krs rozdziela ich jednoznacznie po dacie urodzenia: rejestr.io 641477, Jarosław Kowalski ur. 1970-07-19 – MegaSerwis Bogatynia, Koleje Dolnośląskie, ZEC Bolesławiec, TBS Bolesławiec, MPO Lubin (to bolesławiecki polityk); rejestr.io 453"
65,Łukasz Borkowski,publish,"[candidacy-only] Kandydat do Rady Powiatu Tomaszowskiego w wyborach 7 kwietnia 2024 z listy KKW Trzecia Droga PSL–PL2050 Szymona Hołowni – z tej samej listy mandat zdobył Dariusz Anatol Kowalczyk (PSL), od 9 stycznia 2026 starosta tomaszowski; obaj kandydowali także w 2010 r. z tego samego lokalnego komitetu KWW Forum Samorządowo-Ludowe 2010 do Rady Powiatu Tomaszowskiego | ŹRÓDŁO: Wiersze PKW: BORKOWSKI Łukasz, rocznik 1988, wybory samorządowe 2024, rada powiatu teryt 101600 (powiat tomaszowski), zamieszkanie teryt 101601, komitet KKW TRZECIA DROGA PSL-PL2050 SZYMONA HOŁOWNI; ten sam człowiek 2010, teryt 101601, KOMITET WYBORCZY WYBORCÓW FORUM SAMORZĄDOWO-LUDOWE 2010. Na liście Trzeciej Drogi 2024 do tej samej rady powiatu figuruje KOWALCZYK Dariusz Anatol, rocznik 1967, mandat; jego wcześniejsze starty: 1998 i 2002 PSL, 2010 KWW FORUM SAMORZĄDOWO-LUDOWE 2010 (mandat), 2014 i 2018 PSL. Objęcie urzędu starosty: tomaszowmazowiecki.naszemiasto.pl / tomaszow-tit.pl – odwołanie starosty Mariusza Węgrzynowskiego (PiS) 28 listopada 2025, wybór Dariusza Kowalczyka (PSL) 9 stycznia 2026, nowy zarząd powiatu 21 stycznia 2026.","Dwie, obie publiczne, bieżąca JEDNA. TRAP 2 ZŁAPANY: eksport ma XCity Investment dwa razy z tą samą datą początku 2024-11-27 – raz zamknięte 2026-03-10, raz z end=null. Odpis aktualny KRS 0000526237 (rejestr P, stan 07.07.2026) daje radę nadzorczą w składzie W*******/N******, P******/M******, W*******-R*****/K*******, K*******/J**** M****** – Borkowskiego tam nie ma. Ta posada się skończyła i strona nie może jej pokazywać jako trwającej. Bieżące jest TCZ: KRS 0000312959, odpis z 09.07.2026, w RADZIE NADZORCZEJ B********[9] Ł*****[6], PESEL na 8 – wzorzec „Borkowski Łukasz”, ur. 1988. TRAP 1 SPRAWDZONY I NIEAKTUALNY: Tomaszowskie Centrum Zdrowia to spółka z o.o., a nie SPZOZ – w dziale 2 odpisu organ nazywa się RADA NADZORCZA, nie rada społeczna, więc miejsce liczy się normalnie.","verdict=publish || TEZA: Cztery tygodnie po przejęciu powiatu przez PSL kandydat Trzeciej Drogi wchodzi do rady nadzorczej powiatowego szpitala || UWAGA: Ostrożnie z ministerialnym wątkiem XCity. To, że PKP S.A. podlega Ministerstwu Infrastruktury kierowanemu przez polityka PSL, jest faktem strukturalnym, ale NIE ustaliłem, kto konkretnie wskazał Borkowskiego do rady nadzorczej XCity w listopadzie 2024 – tego nie wolno napisać jako ustalenia, najwyżej jako pytanie. Podpowiedź rodzinna (Krzysztof Wawrzyniec Borkowski, poseł i senator PSL) jest fałszywym tropem: to okręg 14, zamieszkanie teryt 142611, mazowieckie, żadnego związku z powiatem tomaszowskim – odrzucone. Nie znalazłem dla Łukasza Borkowskiego żadnej funkcji w strukturach PSL ani Polski 2050; pole parties w węźle koryta („PSL”, „Polska 2050”) wynika wyłącznie ze składu koalicyjnego komitetu Trzecia Droga i nie należy go prezentować jako deklaracji członkostwa. Do domknięcia: uchwała zarządu powiatu z 21 stycznia 2026 o powołaniu rady nadzorczej TCZ oraz jego oświadczenie majątkowe jako członka RN spółki powiatowej na BIP Powiatu Tomaszowskiego. || TOŻSAMOŚĆ: Dobra, choć oparta na roczniku i powiecie, nie na PESEL. person_krs (rejestr.io 1972568) daje Łukasza Borkowskiego ur. 1988-06-22 z dokładnie dwoma wpisami – XCity i TCZ; w bazie są jeszcze trzej inni Łukaszowie Borkowscy (roczniki 1989, 1982, 1981), wszyscy z innymi posadami. Wiersz PKW z 2024 r. d"
66,Marcin Jędrasik,publish,"[elected-office] Radny Rady Powiatu Opoczyńskiego dwóch kadencji (2018-2023 z KWW Niezależny Blok Samorządowy - Porozumienie 2018; 2024-2029 z KWW Niezależne Porozumienie Samorządowe, 453 głosy, 2,94%, okręg 1). W 2018 r. startował z tego samego komitetu (KWW Niezależny Blok Samorządowy - Porozumienie 2018), z którego burmistrzem Opoczna został Dariusz Kosno (PKW 2018, teryt 100704, mandat uzyskany). | ŹRÓDŁO: https://www.portalsamorzadowy.pl/osoba/marcin-jedrasik,29264.html (kadencja 2024-2029, KWW NIEZALEŻNE POROZUMIENIE SAMORZĄDOWE, 453 głosy, 2,94%; poprzednia kadencja z KWW NIEZALEŻNY BLOK SAMORZĄDOWY - POROZUMIENIE 2018); https://www.opocznopowiat.pl/strona-49-radni_rady_powiatu_opoczynskiego.html (skład rady 2024-2029, Marcin Jędrasik); wiersze PKW person_pkw dla Jędrasik Marcin ur. 1978/1979, teryt 100700: 2002 SLD-UP, 2014 KWW Razem dla Powiatu, 2018, 2024","Dwa, oba w 100% gminne: PGKiM Drzewica (prezes zarządu - AKTUALNY, potwierdzony w KRS stan na 14.05.2026 oraz na pgkim.drzewica.pl) i ZGM Opoczno (zakończony 02.09.2024). Żaden nie jest radą społeczną - oba to spółki z o.o. z radą nadzorczą (trap 1 nie występuje).","verdict=publish || TEZA: Radny powiatu opoczyńskiego stracił fotel prezesa spółki Opoczna po zmianie burmistrza i rok później dostał prezesurę w sąsiedniej gminie || UWAGA: BŁĄD W EKSPORCIE: jedna krawędź 'Rada Nadzorcza 2003-07-17 -> 2024-09-02' w ZGM Opoczno skleja DWIE różne role. Faktycznie: RN 17.07.2003-10.04.2018, potem PREZES ZARZĄDU 26.07.2019-02.09.2024. Strona nie może twierdzić, że przez 21 lat siedział w radzie nadzorczej. Trop rodzinny (Mariusz Jan Jędrasik ur. 1972, PSL 1998 / KWW Razem dla Opoczna 2010, oraz Łukasz, Małgorzata, Zbigniew Jędrasik w powiecie opoczyńskim) NIE został potwierdzony żadnym opublikowanym oświadczeniem o pokrewieństwie - nie drukować. Post FB 'Drzewica Info' nazywający jego powołanie 'kolejną decyzją polityczną burmistrza Drzewicy' widziałem tylko w wynikach wyszukiwania; nie udało się otworzyć strony - NIEZWERYFIKOWANE, nie cytować. BIP powiatu opoczyńskiego (bip.opocznopowiat.pl) blokuje boty (403), biogramu radnego nie otworzyłem. || TOŻSAMOŚĆ: Mocna. KRS PGKiM Drzewica: nazwisko J+7 znaków, imię M+5 znaków, PESEL 7* (ur. lata 70.) - zgodne z Marcinem Jędrasikiem; strona spółki pgkim.drzewica.pl/page/zarząd wymienia wprost 'Marcin Jędrasik - PREZES'. Prasa podaje wiek 47 lat w 2026 r. => rocznik 1978/79, dokładnie jak wiersze PKW (1978/197"
67,Ryszard Wincenty Raszkiewicz,publish,"[elected-office] Starosta złotoryjski 1998-2018 (z trzyletnią przerwą 2010-2013, gdy rada odwołała go po zarzutach korupcyjnych; prawomocnie uniewinniony, wrócił w 2013); wiceprzewodniczący Rady Powiatu Złotoryjskiego 2018-2024; radny Rady Powiatu Złotoryjskiego kadencji 2024-2029 z 'jedynki' listy KKW Koalicja Obywatelska (263 głosy, 4,64%, okręg 1 - miasto Złotoryja). Wcześniej: sekretarz ds. rolnych w Miejsko-Gminnym Komitecie PZPR w Złotoryi IV.1986-XI.1989, długoletni członek SLD, od wyborów do Sejmu 2015 na liście PO. DODATKOWO trop rodzinny opisany przez prasę: 'powiązana z nim rodzinnie posłanka Iwona Krawczyk' (PO, Kamienna Góra, była wicemarszałek Dolnego Śląska) - to ona wraz z radną sejmiku Jadwigą Szeląg wypromowała go na jedynkę KO w 2024 r. | ŹRÓDŁO: https://24legnica.pl/raszkiewicz-zostal-jedynka-ko-za-kopanie-pod-starosta-z-ko/ (Piotr Kanikowski, 18.02.2024) - cyt.: 'od 1998 roku do 2018 roku był złotoryjskim starostą - z trzyletnią przerwą w latach 2010-2013', 'Jego promotorkami w Koalicji Obywatelskiej są dwie wpływowe przyjaciółki: nowo wybrana posłanka Iwona Krawczyk z Kamiennej Góry (była wicemarszałek Dolnego Śląska) oraz złotoryjska radna dolnośląskiego sejmiku Jadwiga Szeląg', 'powiązana z nim rodzinnie posłanka Iwona Krawczyk odwdzięcza się za wsparcie w kampanii'; https://www.portalsamorzadowy.pl/osoba/ryszard-raszkiewicz,6128.html (Rada Powiatu Złotoryjskiego 2024-2029, KKW Koalicja Obywatelska, 263 głosy 4,64%)","Jeden - i jest aktualny. RN DCRiO potwierdzona w żywym KRS (stan na 08.07.2026, wpis 81 z 16.02.2026, nie wykreślony) oraz na rejestr.io: 'Ryszard Wincenty Raszkiewicz - Od 16 lutego 2026 r.'. To spółka z o.o. z radą nadzorczą, nie rada społeczna SPZOZ (trap 1 nie występuje).","verdict=publish || TEZA: Były starosta złotoryjski, jedynka KO wypromowana przez posłankę z Kamiennej Góry, wszedł do rady nadzorczej marszałkowskiego szpitala w Kamiennej Górze || UWAGA: Pokrewieństwo z posłanką Iwoną Krawczyk podaje 24legnica.pl jako fakt ('powiązana z nim rodzinnie'), ale NIE precyzuje stopnia. Arytmetyka wyklucza relację rodzic-dziecko (Raszkiewicz ur. 1954, złote gody w XI.2023 => ślub 1973; Krawczyk ur. 1965). Na stronie zapisać dokładnie tak, jak napisała gazeta, z cytatem i datą - nie dopowiadać stopnia pokrewieństwa. Zarzuty korupcyjne zakończyły się PRAWOMOCNYM UNIEWINNIENIEM - jeśli w ogóle wspominać, to wyłącznie z tym zastrzeżeniem. || TOŻSAMOŚĆ: Mocna. KRS: nazwisko R+10 (11 znaków = Raszkiewicz), imiona R+6 / W+7 (Ryszard Wincenty), PESEL 5* - rocznik 1954 zgadza się z PKW (Raszkiewicz Ryszard Wincenty ur. 1954, teryt 022600 = powiat złotoryjski, kandydatury 1998-2024). rejestr.io podaje pełne, niezamaskowane 'Ryszard Wincenty Raszkiewicz'"
68,Edyta Skuła,publish,"[elected-office] Radna Rady Miejskiej Wrocławia dwóch kadencji: VIII (mandat objęty 11.12.2018 postanowieniem komisarza wyborczego, Klub Radnych Platformy Obywatelskiej RP) i IX 2024-2029 (wybrana z listy nr 5 KKW Koalicja Obywatelska w okręgu nr 4, Klub Radnych Koalicja Obywatelska). Członkini Platformy Obywatelskiej. Zasiada m.in. w Komisji Zdrowia, Spraw Społecznych i Równego Traktowania oraz w Komisji Rewizyjnej. Radna Osiedla Ołtaszyn. | ŹRÓDŁO: https://bip.um.wroc.pl/artykul/1181/72876/edyta-skula (kadencja IX: 'Wybrana z listy nr 5, Okręg wyborczy nr 4, Klub Radnych Koalicja Obywatelska', komisje: Gospodarki Komunalnej i Mieszkaniowej, Transportu i Przedsiębiorczości; Zdrowia, Spraw Społecznych i Równego Traktowania; Rewizyjna) oraz https://bip.um.wroc.pl/artykul/774/37321/edyta-skula (kadencja VIII: 'Klub Radnych Platformy Obywatelskiej RP', postanowienie komisarza wyborczego o objęciu mandatu z 11.12.2018); https://www.edytaskula.pl/ (przynależność do Platformy Obywatelskiej); PKW: SKUŁA Edyta ur. 1985, teryt 026401 (Wrocław), 2018 KKW Platforma.Nowoczesna KO, 2024 KKW Koalicja Obywatelska","Jeden, aktualny: RN DCRiO od 16.02.2026, potwierdzone w żywym KRS (stan na 08.07.2026, wpis 81 nie wykreślony) i na rejestr.io ('Edyta Skuła - Od 16 lutego 2026 r.'). Spółka z o.o. z radą nadzorczą, nie rada społeczna (trap 1 nie występuje). Uwaga prawna: art. 24f ustawy o samorządzie gminnym zakazuje radnemu zasiadania we władzach spółek z udziałem GMINNYCH osób prawnych - tu właścicielem jest województwo, więc zakaz nie obejmuje tego przypadku.","verdict=publish || TEZA: Wrocławska radna KO z komisji zdrowia weszła do rady nadzorczej marszałkowskiego szpitala 100 km od Wrocławia - tego samego dnia co były starosta z listy KO || UWAGA: Przed publikacją domknąć tożsamość jednym z dwóch dokumentów: (a) oświadczenie majątkowe radnej za 2026 r. (bip.um.wroc.pl/oswiadczenie-majatkowe/37336/skula-edyta - składane do 30.04.2027, wykaże funkcję w RN i wynagrodzenie), albo (b) uchwała/komunikat Zarządu Województwa Dolnośląskiego o powołaniu RN DCRiO z lutego 2026. Snippet wyszukiwarki sugerował, że jest 'członkiem zarządu Koalicji Obywatelskiej we Wrocławiu i powiecie wrocławskim' - tego NIE udało mi się potwierdzić na żadnej otwartej stronie (jej witryna i BIP tego nie podają); NIE drukować bez źródła. Jej przewodniczenie Radzie Osiedla Ołtaszyn od 2017 r. też pochodzi tylko ze snippetu; aktualny BIP mówi jedynie o członkostwie w radzie osiedla. || TOŻSAMOŚĆ: Silna poszlakowo, ale NIE potwierdzona prasą. KRS: nazwisko S+4 (5 znaków = Skuła), imię E+4 (5 znaków = Edyta), PESEL 8* => rocznik 198x, zgodny z PKW (SKUŁA Edyta ur. 1985, Wrocław). rejestr.io podaje pełne 'Edyta Skuła' bez drugiego imienia, dokładnie jak PKW. Nazwisko rzadkie - w bazie PKW poza "
69,Michał Cisakowski,publish,"[party-office] Wiosną 2024 r. stanął na czele lokalnych struktur Platformy Obywatelskiej w Kłodzku. Radny Rady Powiatu Kłodzkiego od 2018 r. (KKW Platforma.Nowoczesna KO), wiceprzewodniczący rady, a od 6 maja 2024 r. etatowy członek Zarządu Powiatu Kłodzkiego z ramienia KO; rezygnację rada powiatu przyjęła 14 stycznia 2026 r. Ponownie radny powiatu kłodzkiego w kadencji 2024-2029 z listy KKW Koalicja Obywatelska. | ŹRÓDŁO: https://wiadomosci.wp.pl/stoi-na-czele-ko-w-klodzku-zrezygnowal-z-pracy-w-starostwie-zostal-prezesem-uzdrowisk-7250377726773568a (03.02.2026) - cyt. 'wiosną 2024 r. stanął na czele lokalnych struktur Platformy Obywatelskiej w Kłodzku', 'etatowym członkiem zarządu powiatu kłodzkiego od 6 maja 2024 r.', 'Rezygnację z zasiadania w zarządzie powiatu kłodzkiego rada powiatu przyjęła z dniem 14 stycznia', 'Od ubiegłego roku jest także członkiem Rady Nadzorczej Karkonoskiej Agencji Rozwoju Regionalnego'; https://dorzeczy.pl/ekonomia/840692/dzialacz-ko-na-czele-panstwowej-spolki-w-klodzku.html (03.02.2026); https://klodzko24.eu/wiadomosci/michal-cisakowski-nowym-prezesem-uzdrowisk-klodzkich/cq1CzC9FAoGRLNCMBPrK (27.01.2026)","Cztery w eksporcie, żadna nie jest radą społeczną. AKTUALNE (zweryfikowane w żywym KRS): (1) Uzdrowiska Kłodzkie S.A. - prezes zarządu, stan KRS na 03.08.2026, wpis nie wykreślony; (2) ZGK Ząbkowice Śląskie - RN, stan KRS na 05.05.2026. NIEAKTUALNA - TRAP 2: (3) KARR S.A. - RN wpisana 13.02.2025 (wpis 86), WYKREŚLONA wpisem nr 101 z 03.09.2026, czyli dzisiaj; cała rada nadzorcza i zarząd KARR zostały wymienione tym jednym wpisem. Eksport z 02.09.2026 miał rację jeszcze wczoraj - dziś ta krawędź musi zostać zamknięta datą 2026-09-03. ZAKOŃCZONA: (4) ZAMG Gminy Miejskiej Kłodzko - prokurent 23.12.2022-15.05.2024.","verdict=publish || TEZA: Szef kłodzkiej PO zrezygnował z etatu w zarządzie powiatu i dwa tygodnie później został prezesem należących do KGHM Uzdrowisk Kłodzkich || UWAGA: KARR S.A. ma w eksporcie is_public = false, a jako spółka akcyjna nie ujawnia akcjonariuszy w KRS - nie zweryfikowałem, czy jest publiczna; ponieważ seat i tak wygasł 03.09.2026, nie budowałbym na niej twierdzeń o własności. Data 26.01.2026 (objęcie prezesury) pochodzi z prasy, data 12.02.2026 z KRS - podawać obie. Eksport zawiera zdublowaną krawędź dla poprzednika: Tomasz Pełyński 'Zarząd 2024-11-08 -> None' obok 'Zarząd 2024-11-08 -> 2026-01-22' - klasyczny trap 2, poprawić przy okazji, bo strona spółki twierdzi, że Pełyński nadal jest w zarządzie. || TOŻSAMOŚĆ: Pewna. KRS Uzdrowisk: nazwisko C+9 (10 znaków = Cisakowski), imię M+5 (Michał), PESEL 8* => rocznik 198x; prasa (klodzko24.eu, 27.01.2026) podaje wiek 36 lat, pochodzenie z Kudowy-Zdroju - zgodne z PKW (Cisakowski Michał Zbigniew ur. 1988/1989, teryt 020809 Lewin Kłodzki, 020800 powiat kłodzki). Ta "
70,Jarosław Grenda,publish,"[party-membership] Zadeklarowane w PKW członkostwo w Platformie Obywatelskiej: 'członek Platformy Obywatelskiej Rzeczypospolitej Polskiej' (wybory samorządowe 2010, kandydat na burmistrza Węgrowa), 'członek partii Platforma Obywatelska RP' (Sejm 2011), 'członek partii politycznej: Platforma Obywatelska RP' (Sejm 2019, lista KKW Koalicja Obywatelska w okręgu 14). Burmistrz Węgrowa przez 8 lat (2006-2014; w 2014 przegrał z Krzysztofem Wyszogrodzkim). Radny Rady Powiatu Węgrowskiego kadencji 2018-2023 i 2024-2029 z KWW Wspólna Droga WWE (539 głosów, 10,07%, okręg 1). Wicebrumistrz Radzymina od marca 2015 do 2018 r. | ŹRÓDŁO: PKW / person_pkw: GRENDA Jarosław ur. 1961, teryt 143301 (m. Węgrów) - 2010 KWW Samorządowe Porozumienie Obywateli, pozycja 'Burmistrz', party_member 'członek Platformy Obywatelskiej Rzeczypospolitej Polskiej', mandat uzyskany; 2011 Sejm KW PO RP; 2019 Sejm KKW KO, 'członek partii politycznej: Platforma Obywatelska RP'; 2024 KWW WSPÓLNA DROGA WWE, teryt 143300, mandat uzyskany. Potwierdzenie: https://www.portalsamorzadowy.pl/osoba/jaroslaw-grenda,59294.html (Rada Powiatu Węgrowskiego 2024-2029, rocznik 1961, zawód inżynier, partia 'Platforma Obywatelska RP', 539 głosów 10,07%, wicebrumistrz Radzymina III.2015-2018, następnie prezes PWiK w Mińsku Mazowieckim); https://old.podlasie24.pl/wegrow/wybory/jaroslaw-grenda-taka-jest-demokracja-14f6d.html (8 lat na stanowisku burmistrza, przegrana w 2014 r. z Krzysztofem Wyszogrodzkim)","Cztery w eksporcie + jeden brakujący. AKTUALNY: RN ZGK Góra Kalwaria od 02.02.2026 - potwierdzone w żywym KRS (stan na 07.07.2026) i na rejestr.io oraz zgkgk.pl/organy ('Jarosław Grenda'). BRAKUJE W EKSPORCIE: prezes zarządu PWiK Mińsk Mazowiecki od 29.03.2019, aktualny - trzeba dodać, to jego największy posad. TRAP 1: SPZOZ w Węgrowie, KRS 0000061507, 25.10.2012-09.10.2015 ma supervisoryOrgan = rada_spoleczna - to NIE jest rada nadzorcza, nie liczyć i nie drukować (siedział tam z urzędu jako burmistrz). ZAKOŃCZONE: PGK Węgrów (zarząd 2002-2006), PWiK Węgrów (RN 2004-2007).","verdict=publish || TEZA: Były burmistrz Węgrowa z PO: prezes wodociągów w Mińsku Mazowieckim, a od lutego 2026 także w radzie nadzorczej spółki komunalnej w Górze Kalwarii || UWAGA: Powołanie do RN w Górze Kalwarii NIE jest historią partyjną: burmistrz Arkadiusz Strzyżewski startował z KWW Nowa Kalwaria (nie z KO; kandydatem KO był Stanisław Fijka), więc nie pisać, że posadę dała mu PO. Właściwa oś tekstu to deklarowane członkostwo w PO + własne mandaty + AKUMULACJA trzech funkcji naraz, nie patronat. Tropy rodzinne z family_leads (Aldona, Paweł, Anna, Krzysztof Grenda z powiatu węgrowskiego, część z list PiS) nie mają żadnego opublikowanego potwierdzenia pokrewieństwa - nie drukować. Lata burmistrzowania 2006-2014 opieram na prasie ('8 lat', przegrana w 2014 z Wyszogrodzkim) + PKW (mandat 2010); jeśli tekst ma podawać daty co do dnia, dobrać je z BIP Urzędu Miejskiego w Węgrowie. || TOŻSAMOŚĆ: Mocna, mimo że plik pkw_membership oznaczył go jako namesake_risk HIGH (7 roczników dzieli to imię i nazwisko). Rozstrzyga geografia plus rocznik: wiersze PKW z deklaracją członkostwa w PO to wyłącznie te z rocznika 1961 i teryt 143301/143300 (Węgrów) - dokładnie tam, gdzie leżą jego spółki z KRS (P"
71,Paweł Bronisław Kobyliński,publish,"[elected-office] Radny Sejmiku Województwa Śląskiego VII kadencji (2024-2029), wybrany z listy KKW Koalicja Obywatelska w okręgu nr 4 (Bytom, Gliwice, powiaty gliwicki, lubliniecki, tarnogórski) z wynikiem 33 508 głosów; członek Klubu Radnych Koalicji Obywatelskiej, przewodniczący Komisji Współpracy Zagranicznej i Integracji Europejskiej. Poseł na Sejm VIII kadencji (2015-2019). W oświadczeniach PKW do Sejmu 2019 i 2023: „członek partii politycznej: Platforma Obywatelska RP”. | ŹRÓDŁO: https://bip.slaskie.pl/sejmik_wojewodztwa/radni_sejmiku/pawel-kobylinski.html (profil radnego, okręg 4, 33 508 głosów, ur. 3.06.1982 w Bytomiu) + https://bip.slaskie.pl/sejmik_wojewodztwa/radni_sejmiku/kluby_radnych/platforma-obywatelska.html (skład klubu KO, aktualizacja 06-09-2024) + PKW, karty kandydata Sejm 2019 i Sejm 2023, deklaracja przynależności partyjnej „członek partii politycznej: Platforma Obywatelska RP”","Dwa wpisy w rejestrze, ale tylko JEDEN liczy się dla serwisu. (1) PEC Bytom, KRS 0000123595, rada nadzorcza od 30.01.2026 - realny, aktualny, spółka gminna. (2) Obwód Lecznictwa Kolejowego w Gliwicach SPZOZ, KRS 0000011133, 31.03.2023-29.04.2024 - to RADA SPOŁECZNA (company_krs supervisory_organ = rada_spoleczna), pułapka 1: nie wolno jej liczyć ani drukować jako rady nadzorczej; do tego już zakończona. Brak kumulacji - jeden posadowy tytuł spółkowy naraz.","verdict=publish || TEZA: Radny sejmiku śląskiego z KO wszedł do rady nadzorczej ciepłowni Bytomia || UWAGA: Zbieżność nazwisk w PKW jest realna (pkw_membership: 5 różnych roczników „Paweł Kobyliński”, ryzyko HIGH), ale deklaracja członkostwa w PO pochodzi z wierszy podpisanych pełnym imieniem drugim „Bronisław” i teryt 246601 - to nasz człowiek, nie namesake. Uwaga na sprzeczność w samym PKW: w wyborach do PE w maju 2019 zadeklarował „nie należy do partii politycznej”, a w Sejm w październiku 2019 już „członek partii politycznej: PO” - opisz to jako wstąpienie do partii w 2019 r., nie jako sprzeczność. Nie sugeruj bezprawności: art. 27b ustawy o samorządzie województwa zakazuje radnemu sejmiku zasiadania w organach spółek z udziałem wojewódzkich osób prawnych, a PEC Bytom jest spółką GMINNĄ - to legalne. Historia z Chełstowskim: w chwili zasiadania w RN (XI 2023 - IV 2024) był już w klubie KO, a nie w PiS, mimo że węzeł w eksporcie ma parties=['PiS']. || TOŻSAMOŚĆ: Pewna. rejestr.io/person_krs podaje datę urodzenia 1982-06-03; BIP Sejmiku Śląskiego i Wikipedia podają „ur. 3 czerwca 1982 w Bytomiu”; PKW ma Kobyliński Paweł Bronisław, teryt zamieszkania 246601 (Gliwice), rok ur. 1982. W odpisie KRS PEC Bytom widnieje „P**** B******** K*********” z PESEL zaczynaj"
72,Paweł Zawieja,maybe,"[candidacy-only] Kandydat Komitetu Wyborczego Platforma Obywatelska RP do Rady Powiatu Sieradzkiego w wyborach samorządowych 2010 (nie wybrany) i ponownie z listy PO w 2014; zameldowany w Sieradzu (teryt 101401). To ślad kandydacki, nie funkcja partyjna ani mandat. | ŹRÓDŁO: PKW / artefakt person_pkw: (2010, samorządu, ur. 1979, teryt kandydowania 101400 = powiat sieradzki, teryt zamieszkania 101401 = Sieradz, KOMITET WYBORCZY PLATFORMA OBYWATELSKA RP, candidacy_success=FALSE, „ZAWIEJA PAWEŁ PATRYK”) oraz (2014, samorządu, ur. 1979, teryt 101400, Komitet Wyborczy Platforma Obywatelska RP, „Zawieja Paweł Patryk”)","Cztery wpisy dotyczą podmiotów publicznych, ale AKTUALNY nie jest żaden kwalifikujący się. (1) PK Sieradz 2008-2010 - zamknięty. (2) MPWiK Sieradz 2010-2015 - zamknięty. (3) PCM Pabianice 29.01.2026-27.05.2026 - ZAMKNIĘTY, potwierdzone dwoma źródłami: odpis KRS stan z 11.06.2026 (RN: Banaś, Krzyżanowski, Jaksa, Janeta - bez Zawiei) oraz BIP PCM „Władze spółki” stan na 21.08.2026 (te same cztery osoby). (4) Wojewódzki Specjalistyczny Szpital im. dr. Wł. Biegańskiego w Łodzi, KRS 0000151584, od 04.03.2026, otwarty - to RADA SPOŁECZNA (company_krs supervisory_organ = rada_spoleczna), pułapka 1: wykluczona, nie wolno jej pokazać jako rady nadzorczej. Efekt: po zastosowaniu pułapek 1 i 2 strona nie ma dziś ani jednego aktualnego stanowiska w spółce publicznej. To jest powód, dla którego nie daję „publish”.","verdict=maybe || TEZA: Dwukrotny kandydat PO z Sieradza w radach nadzorczych sieradzkich spółek komunalnych - i czteromiesięczny epizod w szpitalu w Pabianicach || UWAGA: OBA pliki podpowiedzi prowadzą na manowce i trzeba je odrzucić na piśmie. pkw_membership sugeruje „członek partii Ruch Palikota” (2011) - to INNY człowiek: Zawieja Paweł Adam, ur. 1981, okręg 30 (wielkopolskie), związany z Jarocinem; nasz to Paweł Patryk, ur. 1979, Sieradz. family_leads podaje krewnych z powiatu poznańskiego (Buk, Kórnik, Mosina) - zły region, do wyrzucenia. Realny, ale NIEPOTWIERDZONY trop rodzinny jest lokalny: Zawieja Piotr Kazimierz, ur. 1981, zameldowany w Sieradzu (101401), kandydat KOMITETU WYBORCZEGO PLATFORMA OBYWATELSKA RP do rady miasta Sieradza w tych samych wyborach 2010; w Sieradzu praktykują też radca prawny Ryszard Zawieja i adwokat Piotr Zawieja. To poszlaka (rzadkie nazwisko, to samo miasto, ta sama partia, te same wybory), NIE dowód pokrewieństwa - nie publikować bez opublikowanego oświadczenia o relacji. Nie znalazłem żadnej funkcji partyjnej ani mandatu; szukałem po „Paweł Zawieja” z Sieradzem, Pabianicami, Łodzią, radą powiatu i PO - bez rezultatu. || TOŻSAMOŚĆ: Mocna dla części sieradzkiej. person_krs (rejestr.io 2178590) podaje datę urodzenia 1979-03-15 i pełne imię „Paweł Patryk Zawieja” przy najstarszym wpisie (PK Sieradz); PKW ma ZAWIEJA PAWEŁ PATRYK, ur. 1979, zameldowany w Sieradzu (101401), kandydat PO. Zgadza się miasto, rocznik i drugie imię. Wszy"
73,Andrzej Daniluk,publish,"[elected-office] Wicestarosta łosicki - wiceprzewodniczący Zarządu Powiatu Łosickiego w dwóch kadencjach: 2002-2006 (za starosty Ryszarda Chomiuka) i 2006-2010 (za starosty Czesława Gizińskiego). Następnie kariera w administracji marszałkowskiej Adama Struzika: zastępca dyrektora Departamentu Rolnictwa i Modernizacji Terenów Wiejskich UMWM 2007-2011, dyrektor Departamentu Środowiska UMWM od czerwca 2011, wreszcie Zastępca Prezesa Zarządu WFOŚiGW w Warszawie - odwołany z tej funkcji w 2017 r. przez marszałka Adama Struzika przy okazji nowelizacji Prawa ochrony środowiska. Kandydat PO/KO: Sejm 2015 (okręg 18 Siedlce), sejmik mazowiecki 2014, 2018 i 2024, rada powiatu łosickiego 2010. | ŹRÓDŁO: https://samorzad.gov.pl/web/powiat-losicki/zarzad-powiatu-losickiego (Daniluk jako Wiceprzewodniczący Zarządu w kadencjach 2002-2006 i 2006-2010) + profil kandydata PO do Sejmu 2015, okręg 18 Siedlce, wnp.pl/parlamentarny (kopia archiwalna z 2022-10-01, cytat: „Urodzony w 1966 roku. Zastępca Prezesa Zarządu WFOŚiGW w Warszawie… Pracował jako dyrektor Zespołu Szkół Rolniczych w Łosicach, a następnie jako wicestarosta łosicki… W latach 2007-2011 był zastępcą dyrektora Departamentu Rolnictwa… pełnił funkcję Dyrektora Departamentu Środowiska w Urzędzie Marszałkowskim Województwa Mazowieckiego (od czerwca 2011 roku)”) + https://sozosfera.pl/finanse/nowy-zarzad-wfosigw-warszawie/ (odwołanie Andrzeja Daniluka z zarządu WFOŚiGW przez marszałka Struzika, 2017)","Trzy, wszystkie realne, żadna nie jest radą społeczną. (1) MPO Warszawa - zarząd, 07.08.2018-15.09.2025 oraz 23.01.2026-nadal (AKTUALNE, zweryfikowane w KRS z 31.08.2026). (2) PEC Serwis Siedlce - rada nadzorcza, 05.10.2021-09.09.2025, zamknięta. (3) ECO Pułtusk - rada nadzorcza, 04.10.2024-17.02.2025, zamknięta. Pułapka 2 sprawdzona: dwa wpisy MPO to nie duplikat, tylko realna przerwa wrzesień 2025 - styczeń 2026 (wykreślenie wpisem 149 i ponowny wpis 152), a person_krs potwierdza to samo. Brak jakiegokolwiek SPZOZ i rady społecznej w rejestrze.","verdict=publish || TEZA: Z zarządu powiatu łosickiego przez urząd marszałkowski i WFOŚiGW do zarządu warszawskiego MPO - i powrót po czterech miesiącach przerwy || UWAGA: Nie pisz, że został „odwołany politycznie” z WFOŚiGW w 2017: sozosfera podaje, że zmiana wynikała z nowelizacji Prawa ochrony środowiska ograniczającej liczebność organów, a odwołania podpisał marszałek Struzik, dziękując odchodzącym za „skuteczną” pracę. Przerwa w MPO wrzesień 2025 - styczeń 2026 jest faktem rejestrowym; nie znam jej przyczyny i nie znalazłem doniesień prasowych o odwołaniu - nie spekuluj. family_leads dla tego nazwiska (Marian, Dariusz, Sybilla, Urszula Daniluk z okolic Kornicy) to trop niepotwierdzony i pochodzący z innej gminy - pominąć. „Daniluk” ma 131 nosicieli w PKW, więc nie opieraj niczego na samym nazwisku. Uwaga: PKW ma też Andrzeja Daniluka ur. 1967/1963/1959 z tych samych okolic - używaj wyłącznie rocznika 1966. || TOŻSAMOŚĆ: Silna, choć ostatni krok jest poszlakowy. person_krs (rejestr.io 1197037) daje datę urodzenia 1966-06-15; profil kandydata PO do Sejmu 2015 mówi „Urodzony w 1966 roku” i podaje tę samą ścieżkę zawodową (Łosice - urząd marszałkowski - WFOŚiGW); PKW ma Andrzeja Daniluka ur. 1966, zameldowanego w gmini"
74,Krzysztof Pieloch,maybe,"[candidacy-only] Wyłącznie ślad kandydacki, trzykrotny: 2010 - KWW Aktywna Gmina Prostki (rada gminy Prostki, nie wybrany); 2014 - komitet własnego imienia i nazwiska, „Komitet Wyborczy Wyborców Krzysztof Pieloch”, z pełną 18-osobową listą; 2018 - lista nr 4 KKW Platforma.Nowoczesna Koalicja Obywatelska do Rady Powiatu Ełckiego, okręg nr 5, 258 głosów (5,22%), mandat: NIE. Brak funkcji partyjnej, brak mandatu, brak potwierdzonego pokrewieństwa. | ŹRÓDŁO: https://wybory2018.pkw.gov.pl/pl/delegatury/panstwowa-komisja-wyborcza/koalicyjny-komitet-wyborczy-platformanowoczesna-koalicja-obywatelska-3223/280500/25775 (okręg nr 5, poz. 2: PIELOCH Krzysztof, lat 54, Bobry, 258 głosów, 5,22%, Mandat: Nie) + PKW/person_pkw: 2010 KOMITET WYBORCZY WYBORCÓW AKTYWNA GMINA PROSTKI, teryt 280504, ur. 1964, candidacy_success=FALSE; 2014 „Komitet Wyborczy Wyborców Krzysztof Pieloch”, teryt kandydowania 281305, zamieszkanie 280504","Cztery, wszystkie w spółkach ze 100% udziałem gminy, żadna nie jest radą społeczną, żadna nie jest szpitalem. AKTUALNE DWA, obie prezesury potwierdzone w rejestrze na żywo: PEC Ruciane-Nida (odpis aktualny, stan z 09.07.2026: PREZES ZARZĄDU „K******** P******”, PESEL na 6, jedyny członek zarządu, spółka nie ma rady nadzorczej - supervisory_organ = brak) oraz ZGK Ruciane-Nida (odpis aktualny, stan z 15.07.2026, ta sama osoba; potwierdza to również BIP gminy: bip.ruciane-nida.pl/index.php?wiad=1191, „PREZES ZARZĄDU ZGK … Krzysztof Pieloch”, rada nadzorcza: Sebastian Cichy, Szymon Bagiński, Tomasz Kubiak). Zamknięte: PUK Prostki 2011-2016, ZWiK Biała Piska 2020-2024. To jest czysty przypadek KUMULACJI - dwa stanowiska zarządcze naraz w dwóch spółkach jednego właściciela.","verdict=maybe || TEZA: Prezes dwóch spółek jednej gminy naraz: Ruciane-Nida oddało mu i ciepłownię, i zakład komunalny w odstępie dwóch dni || UWAGA: Powód, dla którego to nie jest „publish”: jedyne, co go łączy z polityką, to trzy przegrane kandydatury; nie ma funkcji partyjnej, mandatu ani potwierdzonego patrona, a mianujący burmistrz startuje z komitetu bezpartyjnego. Do sprawdzenia przed publikacją, konkretnie: (1) czy Kazimierz Pieloch, ur. 1956, powiat ełcki (teryt 280502), kandydat Przymierza Społecznego PSL-UP-KPEiR w 1998 i SLD-UP w 2002, jest jego krewnym - family_leads ocenia trop jako „strong” wyłącznie na podstawie rzadkości nazwiska i wspólnego powiatu, a to jest poszlaka, NIE dowód; potrzebne opublikowane oświadczenie o relacji lub artykuł prasowy; (2) jak wyglądała uchwała/konkurs, którym burmistrz Feliński powierzył mu obie prezesury w styczniu 2026 i czy istnieje wcześniejsza relacja Feliński-Pieloch; (3) dlaczego Wiesława Alicja Bojarska straciła obie funkcje po siedmiu miesiącach. UWAGA na mój własny błąd, który omal nie wszedł do notatki: pierwsze wyszukiwanie sugerowało, że w 2014 startował na burmistrza Rucianego-Nidy - to NIEPRAWDA. Ruciane-Nida ma teryt 281604 (powiat piski), a jego komitet z 2014 działał pod teryt 281305 (powiat olecki, listy tego okręgu to „Nasza Gmina Świętajno” i „Wójt Gminy Świętajno”). Nie pisz, że przegrał z Felińskim. Samego przyporządkowania gminy dla komitetu z 2014 nie potwierdziłem niezależnie - opisz go jako „komitet własnego nazwiska w wyborach 2014” bez wskazywania gminy, albo dociągnij to do archiwum PKW 2014. || TOŻSAMOŚĆ: Silna. person_krs (rejestr.io 1298652) podaje datę urodzenia 1964-10-10; strona wyników PKW 2018 podaje „PIELOCH Krzysztof, lat 54, Bobry” (Bobry leżą w gminie Prostki), czyli rocznik 1964 i ta sama gmina zamieszkania co teryt 280504 we wszystkich wierszach PKW; odpisy KRS obu spółek pokazują „K****"
75,Jolanta Dorota Tyjas,publish,"[elected-office] Radna Sejmiku Województwa Świętokrzyskiego dwóch kadencji - VI (2018-2024, z listy KOMITETU WYBORCZEGO POLSKIE STRONNICTWO LUDOWE) i VII (2024-2029, wybrana z listy KKW Trzecia Droga PSL-PL2050 Szymona Hołowni w okręgu nr 4: powiaty włoszczowski, jędrzejowski, pińczowski, buski, kazimierski). Kandydatka PSL do Sejmu w 2015 i 2019, Trzeciej Drogi w 2023 i do PE w 2024. Radio Kielce wprost identyfikuje ją jako polityczkę PSL: „Jolanta Tyjas (PSL) - odwołana z rady nadzorczej EkoMedia”, obok Dariusza Stępnia (PSL) i prezes SSE Starachowice Agaty Binkowskiej (PSL) odwołanej 9 września 2025; odwołania publicznie zakwestionował wiceprezes PSL Adam Jarubas, odpowiadał poseł PO Artur Gierada. | ŹRÓDŁO: https://radiokielce.pl/1339588/beda-rozmowy-miedzy-psl-i-po-w-sprawie-specjalnej-strefy-ekonomicznej-starachowice/ (15.09.2025 - imiennie: odwołanie Jolanty Tyjas (PSL) i Dariusza Stępnia (PSL) z rady nadzorczej EkoMedia, spółki zależnej SSE Starachowice, oraz Agaty Binkowskiej (PSL) z funkcji prezes SSE 9.09.2025) + https://www.swietokrzyskie.pro/jolanta-tyjas/ (radna sejmiku VII kadencji, okręg nr 4, wcześniej radna VI kadencji, dyrektor Ośrodka Sportu i Rekreacji we Włoszczowie) + PKW: 2024 samorządu, KKW TRZECIA DROGA PSL-PL2050, „Rada sejmiku”, candidacy_success = TRUE","Formalnie cztery wpisy, realnie JEDNO stanowisko. Wojewódzki Szpital Specjalistyczny im. św. Rafała w Czerwonej Górze (Chęciny), KRS 0000009315, 22.03.2019-05.09.2024 - to RADA SPOŁECZNA (company_krs supervisory_organ = rada_spoleczna), pułapka 1: wykluczyć, nie liczyć, nie drukować jako rady nadzorczej; jest za to świetną ilustracją jej roli radnej sejmiku, bo szpital jest wojewódzki, a kadencja w radzie społecznej pokrywa się dokładnie z jej VI kadencją w sejmiku. Pozostałe trzy wpisy to TA SAMA spółka EKOMEDIA i dotyczą dwóch faktycznych kadencji w RN (28.12.2024-22.10.2025 oraz od 22.01.2026). PUŁAPKA 2 - ZNALEZIONA I POTWIERDZONA: eksport koryty niesie trzy krawędzie EKOMEDIA, w tym duplikat rozpoczęty 2024-12-28 pozostawiony OTWARTY obok tej samej, prawidłowo zamkniętej krawędzi. person_krs zna tylko dwa okresy, a odpis pełny KRS - dwa wpisy. Strona pokazałaby dziś dwa równoległe, trwające mandaty w jednej radzie nadzorczej. Do deduplikacji przed publikacją.","verdict=publish || TEZA: Ludowcy stracili radę nadzorczą spółki strefy w Starachowicach w koalicyjnej awanturze - radna sejmiku wróciła do niej trzy miesiące później || UWAGA: Nie pisz „członkini PSL”. W oświadczeniach PKW z 2019, 2023 i 2024 sama deklaruje „nie należy do partii politycznej”; PSL-owska jest jej lista i tak identyfikuje ją prasa, i tak to trzeba sformułować („radna sejmiku wybrana z list PSL/Trzeciej Drogi, przez Radio Kielce opisywana jako polityczka PSL”). Nie pisz też, że EKOMEDIA jest spółką samorządu wojewódzkiego - właścicielem jest SSE „Starachowice” S.A., spółka Skarbu Państwa; ona sama jest z Włoszczowej, nie ze Starachowic. Do sprawdzenia, jeśli redakcja chce iść dalej: czy województwo świętokrzyskie ma akcje SSE „Starachowice” S.A. - gdyby miało, wchodzi art. 27b ustawy o samorządzie województwa i sprawa robi się prawna, a nie tylko obyczajowa; odpis KRS spółki akcyjnej akcjonariatu nie ujawnia. Warto też zdobyć jej oświadczenie majątkowe radnej sejmiku za 2025 i 2026 - powinno pokazać wynagrodzenie z rady nadzorczej EKOMEDIA i przerwę w nim. || TOŻSAMOŚĆ: Silna. person_krs (rejestr.io 709100) podaje datę urodzenia 1969-04-25; PKW ma TYJAS Jolanta Dorota, ur. 1969, teryt zamieszkania 261306 (gmina Włoszczowa), we wszystkich sześciu kandydaturach; odpis KRS EKOMEDIA pokazuje „J****** D***** T****” z PESEL na 6 (zgodność imienia drugiego „Dorota” i dług"
76,Marek Dyduch,publish,"[party-office] Przewodniczący Zarządu Krajowego stowarzyszenia ""Zjednoczona Lewica"" (KRS 0000605269) od 1 marca 2016, wpisany w KRS i aktualny wg odpisu na 20.11.2025; sekretarz generalny SLD 2002–2005, przewodniczący dolnośląskiego SLD od 1999, poseł II, III, IV i IX kadencji, sekretarz stanu w Ministerstwie Skarbu Państwa 2001–2002; PKW: ""członek partii SLD"" (2011), ""członek partii politycznej: Sojusz Lewicy Demokratycznej"" (2019), ""członek partii politycznej: Nowa Lewica"" (2023) | ŹRÓDŁO: https://api-krs.ms.gov.pl/api/krs/OdpisAktualny/0000605269?rejestr=S&format=json (ZJEDNOCZONA LEWICA, Zarząd Krajowy, funkcja PRZEWODNICZĄCY, PESEL 5**, stan z 20.11.2025); https://rejestr.io/osoby/610221 (""ZJEDNOCZONA LEWICA – PRZEWODNICZĄCY, od 1 marca 2016 r.""); https://en.wikipedia.org/wiki/Marek_Dyduch; person_pkw (declared party_member rows 2011/2019/2023)","Jeden aktualny i wyłącznie jeden: rada nadzorcza MPWiK Wrocław od 20.01.2026 (potwierdzone w żywym KRS, wpis 116 bez wykreślenia, oraz na https://www.mpwik.wroc.pl/bip/organy-spolki/, gdzie widnieje wśród siedmiu członków). Pozostałe sześć pozycji w eksporcie to spółki zamknięte, z prawidłowymi datami końcowymi. Żadna rada społeczna. Uwaga na pułapkę 2: kilkudniowy wpis z 2017 r. (30.10→23.11.2017) jest w eksporcie poprawnie domknięty, więc nie ma tu duplikatu.","verdict=publish || TEZA: Sekretarz generalny SLD i poseł czterech kadencji trafił do rady nadzorczej wrocławskich wodociągów dwa lata po utracie mandatu — obok byłego marszałka Dolnego Śląska || UWAGA: Nie napisać, że jest posłem — mandat stracił w 2023 r. Zjednoczona Lewica z KRS 0000605269 to stowarzyszenie, nie partia zarejestrowana w ewidencji partii politycznych; opisać dokładnie tak, jak brzmi wpis („przewodniczący Zarządu Krajowego stowarzyszenia Zjednoczona Lewica”). Odpis Zjednoczonej Lewicy jest ze stanu 20.11.2025 — jeśli strona ma twierdzić „obecnie”, warto odświeżyć. || TOŻSAMOŚĆ: Mocna. Odpis KRS maskuje nazwisko jako D***** / M**** z PESEL zaczynającym się na 5 — Dyduch Marek, ur. 27.08.1957 (PESEL 57...). BIP MPWiK podaje pełne nazwisko ""Marek Dyduch"" wśród członków rady nadzorczej. Ten sam profil rejestr.io (610221) łączy wpis w MPWiK od 20.01.2026 z przewodniczeniem Zjed"
77,Andrzej Szawan,publish,"[elected-office] PKW 2011 (wybory do Sejmu, lista PSL): ""członek partii Polskie Stronnictwo Ludowe""; starosta powiatu wrocławskiego w 2013 r. z rekomendacji PSL w koalicji PO–PSL–SLD, odwołany 15 listopada 2013 r.; wicestarosta powiatu wrocławskiego od 20.11.2018 (kadencja 2018–2024); radny Rady Powiatu Wrocławskiego kadencji 2024–2029 (KWW Bezpartyjni dla Powiatu, okręg 4, 1 782 głosy, 12,23%); sekretarz Gminy Żórawina; w 2014 r. wystartował z własnego ""Komitetu Wyborczego Wyborców Andrzeja Szawana"" | ŹRÓDŁO: https://powiatwroclawski.bip.net.pl/?a=346 („Andrzej Szawan – Wicestarosta Powiatu Wrocławskiego od 20.11.2018 r.”); https://www.echosredzkie.pl/wiadomosc/15544,roman-potocki-z-po-nowym-starosta-powiatu-wroclawskiego (2013-11-22: „W piątek, 15 listopada, radni odwołali (…) Andrzeja Szawana ze stanowiska starosty”); https://wroclawskiefakty.pl/bedzie-glosowanie-o-odwolanie-zarzadu-powiatu-i-starosty-wroclawskiego/ (2026-06-02: „Andrzej Szawan, radny powiatu i były starosta (…) który jednocześnie pełni rolę Sekretarza Gminy Żórawina”); https://www.portalsamorzadowy.pl/osoba/andrzej-szawan,36390.html (mandat 2024–2029); person_pkw 2011 party_member","Dwa, oba genuinnie aktualne i oba rada nadzorcza (żadnej rady społecznej). ZGK Czernica od 28.06.2024 — potwierdzone w żywym KRS (wpis 34, brak wykreślenia, stan 02.09.2026) oraz na https://www.zgkczernica.pl/firma/organy-spolki-wladze/ („Andrzej Szawan – zastępca Przewodniczącego Rady Nadzorczej”). WCT Spartan od 13.01.2026 — wpis 100 bez wykreślenia, stan 03.08.2026, oraz skład RN w BIP: Adam Pracławski, Jacek Kostrzewski, Andrzej Szawan, Konrad Pawłowski, Marta Jędrysiak, Dominika Rawecka. Pułapka 2 sprawdzona i nie występuje.","verdict=publish || TEZA: Były starosta wrocławski z PSL, dziś sekretarz gminy Żórawina i radny powiatu, obsadził rady nadzorcze dwóch spółek komunalnych — cudzych gmin || UWAGA: Nie pisać, że jest obecnie wicestarostą — w kadencji 2024–2029 wicestarostą jest Marcin Korytko, a Szawan jest radnym spoza koalicji rządzącej (starosta: Włodzimierz Chlebosz). Jego własna strona andrzejszawan.pl nadal linkuje „FB Wicestarosta”, co może zmylić. Deklarowane członkostwo w PSL pochodzi z PKW 2011 i z relacji prasowej z 2013 r.; od 2018 startuje z KWW „Bezpartyjni dla Powiatu”, więc opisać to jako „deklarował członkostwo w PSL (PKW 2011), obecnie startuje z komitetu Bezpartyjni dla Powiatu”, a nie jako obecne członkostwo. Wątek dwóch mandatów i limitu z ustawy antykorupcyjnej podać jako kontekst prawny, nie jako zarzut naruszenia — zgłoszenie przez inną JST jest dopuszczalne. || TOŻSAMOŚĆ: Bardzo mocna, na trzech niezależnych filarach. (a) Obie strony spółek podają pełne imię i nazwisko „Andrzej Szawan” w składzie rady nadzorczej — nie polegam na maskowanym KRS. (b) Maskowany KRS w obu spółkach daje ten sam wzorzec S*****/A****** z PESEL na 7, zgodny z rocznikiem 1976/1977 z PKW. (c) "
78,Artur Gierula,publish,"[party-office] Przewodniczący Koalicji Obywatelskiej w powiecie kutnowskim, wybrany 8 marca 2026 r. (ponownie); PKW 2019 (wybory do Sejmu, okręg 11, KKW Koalicja Obywatelska): ""członek partii politycznej: Platforma Obywatelska RP""; radny Rady Powiatu Kutnowskiego — mandat uzyskany w 2010 (KW PO), 2018 (KKW PO.N Koalicja Obywatelska) i 2024 (KKW Koalicja Obywatelska), obecna kadencja 2024–2029; wcześniej członek Zarządu Powiatu Kutnowskiego odpowiedzialny za oświatę | ŹRÓDŁO: https://ekutno.pl/pl/11_wiadomosci/74501_artur-gierula-ponownie-szefuje-koalicji-obywatelskiej-w-powiecie.html (art. z 09.03.2026: „Na funkcję przewodniczących Koalicji Obywatelskiej w powiatach wybrani zostali odpowiednio: (…) 3) powiat kutnowski – Artur Gierula”, wybory wewnętrzne 08.03.2026); https://bip.powiatkutno.eu/dokumenty/15929 + PDF /pliki/kutno/zalaczniki/6178/a_gierula1.pdf (oświadczenie majątkowe radnego powiatu złożone na rozpoczęcie kadencji 2024–2029, opubl. 2024-07-01); person_pkw 2019 party_member","Dwa w eksporcie, ale liczy się jeden. TBS Kutno, rada nadzorcza, od 08.01.2026 — aktualne (KRS wpis 76 bez wykreślenia, stan 30.06.2026). Wojewódzki Szpital Zespolony w Skierniewicach — RADA SPOŁECZNA, więc nie wolno tego liczyć ani drukować (pułapka 1); niezależnie od tego skończyła się 16.06.2026, mimo że eksport trzyma end: null (pułapka 2). Netto: jedna aktualna posada w spółce publicznej.","verdict=publish || TEZA: Szef kutnowskiej Koalicji Obywatelskiej i radny powiatu wszedł w styczniu 2026 do rady nadzorczej miejskiego TBS-u || UWAGA: Nie drukować rady społecznej szpitala jako posady w radzie nadzorczej — to jest dokładnie ta pomyłka, którą serwis świadomie wyklucza; a gdyby ktoś chciał ją opisać jako fakt polityczny (nominacja sejmiku), trzeba dopisać, że skończyła się 16.06.2026. Trop rodzinny z family_leads.json (Zdzisław Gierula, ur. 1946, KWW Centrum 2002 i „Zarząd Unii Wolności” 1998, ten sam powiat) pozostaje NIEPOTWIERDZONY — nie znalazłem żadnej publikacji nazywającej pokrewieństwo, a wyszukiwania „Zdzisław Gierula Kutno” zwracają w rzeczywistości Zdzisława Górecznego (inna osoba) i Zdzisława Gierulę z Piaseczna. Nie publikować tego jako więzi rodzinnej. || TOŻSAMOŚĆ: Mocna, choć oparta na maskowanym KRS plus geografia. TBS Kutno: G******/A**** z PESEL na 7 — Gierula/Artur, ur. 16.03.1971 (własnoręczne oświadczenie majątkowe radnego powiatu kutnowskiego, PESEL 71...). Nazwisko rzadkie: 22 osoby w całej bazie PKW, a jedyny Artur Gierula w PKW to ten z powiatu kutn"
79,Beata Samsel,maybe,"[board-co-appearance] Kandydatka z listy KOMITETU WYBORCZEGO POLSKIE STRONNICTWO LUDOWE w wyborach do Rady Gminy Czarnia w 2018 r.; radna Gminy Czarnia kadencji 2024–2029 (KWW AKTYWNA CZARNIA, mandat uzyskany); zatrudniona w Mazowieckim Ośrodku Doradztwa Rolniczego w Warszawie jako główny doradca rolnośrodowiskowy. Powołana do rady nadzorczej spółki, której jedynym akcjonariuszem jest Województwo Mazowieckie (marszałek Adam Struzik, PSL), na radę kierowaną przez Agnieszkę Gonczaryk (PSL) z Tadeuszem Nalewajkiem (PSL, były podsekretarz stanu w Ministerstwie Rolnictwa) jako wiceprzewodniczącym | ŹRÓDŁO: Oświadczenie majątkowe radnej Gminy Czarnia, Czarnia 25.04.2025 — https://bip.czarnia.com.pl/files/file_add/download/961_oswiadczenie-majatkowe-beata-samsel.pdf (ur. 20.05.1975 w Myszyńcu; „Mazowiecki Ośrodek Doradztwa Rolniczego w Warszawie – główny doradca rolnośrodowiskowy; Radna Gminy Czarnia”); https://www.maxfilm.com.pl/organy-spolki (skład RN: Agnieszka Gonczaryk – przewodnicząca, Tadeusz Nalewajk – wiceprzewodniczący, Michał Rączkowski – sekretarz, Tomasz Karbowiński, Beata Samsel; „Województwo Mazowieckie, które posiada 100% akcji Spółki”); person_pkw (KW PSL, gmina Czarnia, 2018; KWW Aktywna Czarnia 2024, candidacy_success TRUE)","Dwa realnie, ale liczy się jeden. Max-Film S.A. — rada nadzorcza, od 15.12.2025, genuinnie aktualne (wpis 69 bez wykreślenia, stan 26.06.2026, plus skład na maxfilm.com.pl). Międzyleski Szpital Specjalistyczny w Warszawie — od 24.01.2025, ale to RADA SPOŁECZNA SPZOZ-u (pułapka 1): nie liczyć i nie drukować jako organu nadzorczego; wolno ją opisać wyłącznie jako nominację samorządu województwa. Uwaga: tej drugiej pozycji w ogóle nie ma w eksporcie koryta — to luka w danych, nie duplikat.","verdict=maybe || TEZA: Radna dwutysięcznej kurpiowskiej gminy z listy PSL w ciągu jedenastu miesięcy dostała dwie nominacje samorządu Mazowsza — radę społeczną szpitala i radę nadzorczą wojewódzkiej spółki filmowej || UWAGA: Zanim to pójdzie na stronę, domknąć tożsamość jednym z dwóch dokumentów: (1) oświadczenie majątkowe radnej Gminy Czarnia za 2025 r. — powinno wymieniać Max-Film w rubryce o spółkach handlowych; katalog to https://bip.czarnia.com.pl/653-2026.html (dziś serwer BIP-u odrzucał moje połączenia, więc nie mogłem go pobrać); (2) uchwała Sejmiku Województwa Mazowieckiego ze stycznia 2025 r. powołująca radę społeczną Międzyleskiego Szpitala Specjalistycznego — powinna wymieniać ją z imienia i nazwiska wraz z podmiotem delegującym. Nie pisać, że jest członkinią PSL — PKW nie odnotowuje u niej deklarowanego członkostwa, jedynie start z listy KW PSL w 2018 r., a mandat w 2024 zdobyła z KWW Aktywna Czarnia. Trop rodzinny z family_leads.json (Jarosław, Jacek, Stanisław, Maria Samsel z powiatu ostrołęckiego) pozostaje niesprawdzony i nie należy go publikować. || TOŻSAMOŚĆ: SŁABSZA NIŻ U POZOSTAŁYCH — to jest powód werdyktu „maybe”. Maskowany KRS w obu podmiotach daje S*****/B**** z PESEL na 7, co pasuje do daty urodzenia 20.05.1975 z oświadczenia majątkowego; strona spółki podaje pełne „Beata Samsel”. Ale nigdzie nie znalazłem dokumentu, który wprost łączy członkinię "
80,Andrzej Ćwiek,maybe,"[party-office] Prezes struktur PSL w gminie Siechnice (gratulacje opublikował Hieronim Kuryś, urzędujący członek Zarządu Powiatu Wrocławskiego); kierownik Biura Obronności i Zarządzania Kryzysowego w Urzędzie Miejskim w Siechnicach (acwiek@umsiechnice.pl); trzykrotny kandydat do Rady Powiatu Wrocławskiego z list ludowych: KW Polskie Stronnictwo Ludowe w 2014 i 2018 oraz KKW Trzecia Droga PSL–PL2050 Szymona Hołowni w 2024 (mandatu nie uzyskał) | ŹRÓDŁO: https://www.facebook.com/hieronim.kurys/posts/nowy-prezes-psl-w-gminie-siechnice-andrzej-%C4%87wiek-jeszcze-raz-serdecznie-gratuluj/9470950326337146/ — treść wpisu pobrana z metadanych og:description: „Nowy Prezes PSL w gminie Siechnice. Andrzej Ćwiek jeszcze raz serdecznie gratuluję”; https://www.siechnice.gmina.pl/strona-1837-biuro_obronnosci_i_zarzadzania.html (kierownik Biura Obronności i Zarządzania Kryzysowego, tel. 71 786 09 11, pok. 312); person_pkw (kandydatury 2014/2018 KW PSL, 2024 KKW Trzecia Droga, teryt 022300, teryt_living 022308 = Siechnice)","Zero aktualnych. Eksport pokazuje Wrocławskie Mieszkania z end: null — to nieprawda, PUŁAPKA 2: żywy KRS (odpis pełny, stan 26.08.2026) ma dla niego wpis wprowadzający 94 (12.12.2025) i wykreślający 104 (14.07.2026). Siechnicka Inwestycyjna jest w eksporcie poprawnie domknięta (21.01.2025–09.12.2025), co zgadza się z KRS (wpisy 64 i 71). Potwierdza to rejestr.io: profil 2779195 pokazuje „Aktualne: 1”, a tym jednym powiązaniem jest członkostwo w organie nadzoru stowarzyszenia LGD „Lider A4” od 22.06.2020 — nie spółka. Żadnej rady społecznej.","verdict=maybe || TEZA: Szef PSL w gminie Siechnice i urzędnik tamtejszego ratusza przesiadł się z rady nadzorczej spółki własnej gminy prosto do wrocławskiej — obie posady już stracił || UWAGA: NIE PUBLIKOWAĆ, dopóki nie zostanie poprawiona data końcowa wpisu w Wrocławskich Mieszkaniach na 2026-07-14 — inaczej strona twierdzi, że trzyma posadę, której nie ma, i to jest jedyny powód, dla którego nie stawiam „publish”. Druga rzecz do sprawdzenia: wpis Hieronima Kurysia na Facebooku nie ma widocznej daty (metadane og zwracają tylko treść), więc nie da się na razie napisać, od kiedy Ćwiek jest prezesem gminnego PSL — zweryfikować w strukturze wojewódzkiej PSL albo poprosić o datę wpisu. Nie przypisywać mu deklarowanego członkostwa w PSL na podstawie PKW — tam nie ma u niego wypełnionej rubryki party_member, są tylko starty z list. Trop rodzinny z family_leads.json (Jan, Janusz, Beata, Bogdan Ćwiek) dotyczy Mazowsza, nie Dolnego Śląska — odrzucić. || TOŻSAMOŚĆ: Dobra, mimo że oparta na poszlakach. W PKW są dwaj Andrzejowie Ćwiekowie z lat 60.: ten z gminy Siechnice (ur. 1965, teryt_living 022308, listy PSL/Trzeciej Drogi do rady powiatu wrocławskiego) i Andrzej Roman Ćwiek, burmistrz Nałęczowa (ur. 1961, lubelskie) — ten drugi odpada geograficznie. Maskowa"
81,Michał Godowski,publish,"[party-office] Prezes Zarządu Miejsko-Gminnego PSL w Morawicy i sekretarz Zarządu Powiatowego PSL w Kielcach; członek Prezydium Zarządu Wojewódzkiego PSL w Kielcach; starosta kielecki 2014-2018; radny powiatu kieleckiego, wybrany w 2024 z listy KKW Trzecia Droga PSL-PL2050 Szymona Hołowni (mandat uzyskany) | ŹRÓDŁO: https://www.powiat.kielce.pl/rada-powiatu/vi-kadencja-michal-godowski (strona radnego VI kadencji: ur. 1979, PSL, okręg Daleszyce-Morawica, prezes Zarządu Miejsko-Gminnego PSL w Morawicy, sekretarz Zarządu Powiatowego, starosta kielecki 2014-2018) + https://www.pslswietokrzyskie.pl/ludowcy/ (Godowski Michał w Prezydium i Zarządzie Wojewódzkim PSL) + https://sse.com.pl/michal-godowski-prezesem-specjalnej-strefy-ekonomicznej-starachowice-s-a/ (powołanie 25.11.2025 przez ARP S.A. jako akcjonariusza większościowego; ""obecnie zasiada w Radzie Powiatu Kieleckiego"")","Jeden w koryta (SSE Starachowice, zarząd) i jest genuinely current: OdpisAktualny stan z dnia 08.06.2026 nadal pokazuje G*******/M***** jako PREZESA ZARZĄDU. Trap 2 nie występuje — jedna krawędź, jeden wpis. Trap 1 nie dotyczy: to zarząd spółki akcyjnej, nie rada społeczna. Poza koryta: mandat radnego powiatu kieleckiego 2024-2029 (nieodpłatny w sensie spółkowym, ale to kumulacja funkcji publicznych).","verdict=publish || TEZA: Wojewódzki działacz PSL i były starosta kielecki dostaje fotel prezesa państwowej strefy ekonomicznej dwa lata po zmianie rządu — i nadal jest radnym powiatu. || UWAGA: Rola w eksporcie to ""Zarząd""; w rejestrze jest PREZES ZARZĄDU — publikować tę drugą. Data w komunikacie SSE (25.11.2025, uchwała) różni się od daty wpisu do KRS (11.12.2025) — podać obie. Powiązanie Grzegorka z RN jest tylko dopasowaniem imion i dekady PESEL — nie drukować bez sprawdzenia. Nie znalazłem potwierdzenia, czy nadal formalnie kieruje ARiMR — komunikat SSE mówi o tym w czasie przeszłym. || TOŻSAMOŚĆ: Mocna. KRS: PESEL na 7 (lata 70.), people_enriched daje ur. 1979-07-05, PKW: Godowski Michał ur. 1979, teryt 2604 (powiat kielecki) w 2002 (KWW Gmina Morawica), 2010, 2014, 2018 (PSL) i 2024 (Trzecia Droga, candidacy_success TRUE). Komunikat samej SSE opisuje nowego prezesa jako byłego starostę kiel"
82,Jadwiga Stanisława Misiura,maybe,"[candidacy-only] Kandydatka do Rady Powiatu Nyskiego w 2018 z listy KWW ""POWIAT TO LUDZIE - KORDIAN KOLBIARZ"" — komitetu burmistrza Nysy Kordiana Kolbiarza (okręg 4, 326 głosów, 47,59% głosów listy, mandatu nie uzyskała) | ŹRÓDŁO: https://wybory2018.pkw.gov.pl/pl/delegatury/komisarz-wyborczy-w-opolu-ii/komitet-wyborczy-wyborcow-powiat-to-ludzie---kordian-kolbiarz-9600/160700/56690/199238 (MISIURA Jadwiga Stanisława, lat 44, Włostowa, okręg 4, 326 głosów, nie wybrana) — dodatkowo http://doxa.fm/audycja/jadwiga-misiura/ z 25.10.2019 opisuje Jadwigę Misiurę jako ""zastępcę dyrektora opolskiego oddziału ARiMR"" (tożsamość z kandydatką NIEPOTWIERDZONA)","Dwie, nigdy jednocześnie, więc żadnej kumulacji. Aktualna jest tylko jedna i jest genuinely current: ZK Głogówek, OdpisAktualny stan z dnia 23.07.2026 pokazuje M******/J****** S********* w RN bez wpisu wykreślającego. Brzeg jest poprawnie zamknięty (16.07.2024) — trap 2 nie występuje. Trap 1: obie to rada_nadzorcza spółki komunalnej, żadna rada społeczna.","verdict=maybe || TEZA: Trzykrotna kandydatka do rady powiatu nyskiego wpada do rady nadzorczej wodociągów w Brzegu w lutym 2023 i wypada z niej trzy miesiące po wyborach 2024 — po czym wraca do innej gminnej spółki w grudniu 2025. || UWAGA: Nie drukować ""wicedyrektor ARiMR"" bez potwierdzenia — to najmocniejszy element opowieści i jednocześnie jedyny nieudowodniony. Kandydowanie z komitetu Kolbiarza to trace, nie urząd: opisać jako kandydaturę, nie jako funkcję. Nie ustaliłem, kto był burmistrzem Brzegu przed i po 2024, więc nie przypisywać jej odwołania konkretnej osobie — podać samą chronologię. Flaga elected jest bezużyteczna; wynik 2024 (przegrana) pochodzi z candidacy_success, więc pisać ""startowała"", nie ""przegrała"". || TOŻSAMOŚĆ: Solidna po stronie KRS↔PKW: PESEL na 7 w obu spółkach, people_enriched daje ur. 1973-10-23, a strona kandydatki PKW 2018 podaje ""lat 44"" (rocznik 1973/74). W całym pliku person_pkw jest dokładnie jedna Jadwiga Misiura. NIEDOMKNIĘTE jest natomiast utożsamienie jej z wicedyrektorką opolskiego ARiMR — "
83,Marcin Kęsy,maybe,"[candidacy-only] Kandydat do Rady Miasta Zielona Góra w 2018 z Koalicyjnego Komitetu Wyborczego SLD Lewica Razem (okręg 1, miejsce 3, 101 głosów, 0,82%, bez mandatu); według Gazety Lubuskiej także szef kampanii Tomasza Nesterowicza, kandydata SLD na prezydenta Zielonej Góry w 2018 — TO DRUGIE NIEPOTWIERDZONE | ŹRÓDŁO: https://wybory2018.pkw.gov.pl/pl/delegatury/panstwowa-komisja-wyborcza/koalicyjny-komitet-wyborczy-sld-lewica-razem-5162/086201/31721/145056 (KĘSY Marcin, lat 42, Zielona Góra, okręg 1, 101 głosów, nie wybrany) + https://rtbs.pl/?page_id=18 (Marcin Kęsy w radzie nadzorczej Regionalnego TBS w Zielonej Górze) + https://www.facebook.com/NowaLewicaZielonaGora/videos/... (""Marcin Kęsy - kandydat do rady miasta w Zielonej Górze | Dr ...""); teza o szefowaniu kampanii Nesterowicza pochodzi z gazetalubuska.pl/.../ar/13601536, która zwraca mi 403","Dwie, obie prawdopodobnie równoczesne, ale tylko jedna zweryfikowana w rejestrze. TBS Bielawa: OdpisAktualny stan z dnia 02.07.2026 pokazuje K***/M***** w RN bez wykreślenia — genuinely current, trap 2 nie występuje. RTBS Zielona Góra: aktualny skład wg strony spółki, ale nie ustaliłem jej numeru KRS, więc NIE sprawdziłem tego w rejestrze — podawać z zastrzeżeniem. Trap 1: obie to rady nadzorcze spółek prawa handlowego, żadnej rady społecznej.","verdict=maybe || TEZA: Lewicowy kandydat z Zielonej Góry, już zasiadający w radzie nadzorczej tamtejszego regionalnego TBS-u, dostaje drugi fotel w radzie nadzorczej TBS-u w Bielawie — 150 km dalej, dokładnie w dniu fuzji bielawskich spółek komunalnych. || UWAGA: Zdanie o szefowaniu sztabowi Nesterowicza wróciło z indeksu wyszukiwarki, ale samego artykułu Gazety Lubuskiej nie otworzyłem (403) — przed publikacją odtworzyć je z ładującego się źródła, bo to jedyny element kategorii E/F w całej sprawie. Bez niego zostaje sama kandydatura z listy SLD, czyli trace, nie urząd. Drugie do sprawdzenia: dlaczego Bielawa — burmistrz Andrzej Hordyj jest bezpartyjny (kandydował do Senatu 2015 z ramienia JOW Bezpartyjni), więc trop lewicowy nie tłumaczy nominacji. Potwierdzić też KRS i aktualność mandatu w RTBS Zielona Góra. || TOŻSAMOŚĆ: Dobra po stronie PKW: strona kandydata PKW 2018 podaje ""KĘSY Marcin, lat 42, Zielona Góra"", co daje rocznik 1975/76, a people_enriched ma ur. 1976-04-17; KRS w Bielawie pokazuje PESEL na 7. Słabszy punkt: to, że zielonogórski Kęsy i bielawski Kęsy to jeden człowiek, opiera się na identyfikatorze rej"
84,Lucyna Cieślak,maybe,"[party-membership] Zadeklarowana w PKW członkini Polskiego Stronnictwa Ludowego (""członek Polskiego Stronnictwa Ludowego"", wybory samorządowe 2010, gmina Sulików; wcześniej member=1 na liście NKW PSL do Sejmu 1997 i ""Polskie Stronnictwo Ludowe"" na liście KW PSL do Sejmu 2001); sołtys wsi Sulików i kierownik Gminnego Zakładu Komunalnego w Sulikowie; w 2024 kandydatka do rady powiatu zgorzeleckiego z KWW JANA MAJOWSKIEGO — komitetu wójta gminy Sulików Jana Majowskiego | ŹRÓDŁO: person_pkw (deklaracja PKW 2010, samorząd, teryt 022505 Sulików: ""członek Polskiego Stronnictwa Ludowego""; Sejm 1997 NKW PSL i Sejm 2001 KW PSL) + http://archiwum.sulikow.pl/dla-mieszkanca/solectwa (""Sołtys: Lucyna Cieślak"" dla sołectwa Sulików) + BIP Gminy Sulików, oświadczenia majątkowe za 2009 rok, kierownicy jednostek organizacyjnych: Lucyna Cieślak, ""Oświadczenie majątkowe złożone w związku z pełnieniem funkcji Kierownika Gminnego Zakładu Komunalnego w Sulikowie"" (bip.sulikow.pl/?id=3800; host był u mnie nieosiągalny, treść z indeksu) + https://bip.sulikow.pl/wladze-gminy.html (""Wójt Gminy Sulików Jan Majowski"")","Cztery w koryta, w tym jedna z błędną flagą publiczności (MZBM Bielawa — patrz korekta). Aktualna jest jedna i jest genuinely current: TBS-Bielawa, OdpisAktualny stan z dnia 02.07.2026 pokazuje C******/L***** w RN bez wykreślenia. MZBM jest poprawnie domknięty 10.12.2025 (OdpisAktualny zwraca teraz 204, bo spółkę wykreślono po połączeniu — OdpisPelny nadal działa). Trap 2 nie występuje. Trap 1: wszystkie cztery to rady nadzorcze spółek, żadnej rady społecznej.","verdict=maybe || TEZA: Deklarowana ludowczyni, sołtys Sulikowa i kierowniczka gminnego zakładu komunalnego, ma miejsce w radzie nadzorczej kolejnej dolnośląskiej spółki komunalnej niemal nieprzerwanie od 2006 roku — o ile to rzeczywiście ta sama osoba. || UWAGA: Nie publikować, dopóki nie zostanie potwierdzone, że członkini RN MZBM/TBS Bielawa to sołtys Sulikowa. Konkretny check: uchwała lub zarządzenie Gminy Bielawa powołujące radę nadzorczą MZBM ze stycznia 2019, dokumenty połączeniowe TBS-MZBM z 2025, albo pełny odpis KRS z nieutajnionym PESEL-em (data urodzenia ma wyjść 1957-04-18). Jeśli to dwie osoby, cała historia znika — zostaje bezimienna członkini rady nadzorczej. Uwaga na nazwę: eksport nazywa KRS 0000009336 ""ZAKŁAD USŁUG KOMUNALNYCH I TRANSPORTU PUBLICZNEGO"", a w rejestrze figuruje dziś jako ""PRZEDSIĘBIORSTWO WODNO-KANALIZACYJNE"" (Chocianów). || TOŻSAMOŚĆ: SŁABA i to jest cały problem tej pozycji. Powiązanie sulikowskiej działaczki PSL z fotelami w Chocianowie i Bielawie opiera się wyłącznie na identyfikatorze rejestr.io 2131987; wszystkie cztery wpisy KRS mają PESEL na 5 (rocznik lat 50.), co jest zgodne z ur. 1957-04-18, ale nie rozstrzyga. Po stron"
85,Paweł Pożdał,maybe,"[candidacy-only] Kandydat do Rady Powiatu Słupskiego z Komitetu Wyborczego Platforma Obywatelska RP w 2010 i 2014, a w 2018 z KWW Samorządność Powiatu Słupskiego (okręg 3, 173 głosy, 3,08%, bez mandatu) | ŹRÓDŁO: https://wybory2018.pkw.gov.pl/pl/delegatury/komisarz-wyborczy-w-slupsku-i/komitet-wyborczy-wyborcow-samorzadnosc-powiatu-slupskiego-7611/221200/58417/205263 (POŻDAŁ Paweł, lat 39, Gałęzinowo, okręg 3, 173 głosy, nie wybrany) + person_pkw / people_enriched: 2010 i 2014 KOMITET WYBORCZY PLATFORMA OBYWATELSKA RP, teryt 2212 powiat słupski; koryta taguje go PO","Jeden, w dwóch kadencjach. Aktualna jest genuinely current: OdpisAktualny stan z dnia 31.08.2026 pokazuje P*****/P**** w RN bez wpisu wykreślającego (wprowadzony wpisem 67 z 05.12.2025). Dwie krawędzie w eksporcie mają RÓŻNE daty startu (2023-10-24 i 2025-12-05), więc to nie jest duplikat z trap 2, tylko autentyczne ponowne powołanie — i pełny odpis to potwierdza (in w41/out w47, potem in w67). Trap 1: to spółka z o.o., a nie SPZOZ, więc organ nadzoru jest prawdziwą radą nadzorczą, nie radą społeczną.","verdict=maybe || TEZA: Przewodniczący rady nadzorczej zadłużonego na 40 mln zł szpitala w Miastku wraca na to stanowisko po półtora roku przerwy — powołany osobiście przez burmistrza, razem z drugim człowiekiem, którego koryta wiąże z PO. || UWAGA: Tag PO w koryta pochodzi z połączenia po nazwisku i roczniku — jeśli to namesake, strona przypisze mu nieprawdziwą partię. Sprawdzić dwie rzeczy: (1) czy przewodniczący RN szpitala w Miastku to Paweł Pożdał z Gałęzinowa (jego pracodawca w ochronie zdrowia rozstrzygnie sprawę — burmistrz twierdzi, że jest ""mocno związany z ochroną zdrowia""), (2) czy jest jakiś nazwany związek z Jerzym Wójtowiczem albo poprzednim burmistrzem Romanem Ramionem, bo dwie przegrane kandydatury powiatowe to sam trace, nie urząd. Flaga elected jest bezwartościowa — 2010 i 2018 pisać jako ""startował"", nie ""przegrał"". || TOŻSAMOŚĆ: NIEDOMKNIĘTA — to główny powód, dla którego nie daję publish. Kandydat PKW mieszka w Gałęzinowie w gminie Słupsk, powiat słupski (teryt 2212), a szpital jest w Miastku, powiat bytowski (2201) — inny powiat. Za tożsamością: nazwisko bardzo rzadkie (w całym person_pkw są cztery osoby o nazwisku Pożdał"
86,Joanna Stasiak,skip,"[none] none found (for the woman who actually holds the seat) | ŹRÓDŁO: Refutation: api-krs.ms.gov.pl OdpisAktualny/0000113569?rejestr=P (stan z 11.06.2026) gives the prezes PESEL prefix 8 = born 198x; PKW person_pkw rows for the PSL Joanna Stasiak (2002 teryt 321805, 2014 teryt 321805, 2018 teryt 321805 with party_member ""Polskie Stronnictwo Ludowe"") give birth_year 1972/1973. Her council record: https://wegorzyno-rada.alfatv.pl/sklad-rady/radny/13 (radna gm. Wegorzyno od 20.11.2018, KW PSL, okreg 3, 114 glosow). Unverified same-powiat lead: Postanowienie Komisarza Wyborczego w Koszalinie z 22.09.2014, Powiatowa Komisja Wyborcza w Drawsku Pomorskim, poz. 5 ""Joanna Stasiak, zam. Drawsko Pomorskie, zgloszenia dokonal: KWW Lokalne Porozumienie Samorzadowe"" (https://koszalin.kbw.gov.pl/uploaded_files/1461583483_a1327b662b9e1053020b8964e2e11e74.pdf)","1 post, genuinely current (KRS stan 11.06.2026). No rada spoleczna anywhere in her record, so trap 1 does not bite. Trap 2 checked: the open edge is real, not a duplicate.","verdict=skip || TEZA: The page fuses two women: the Zlocieniec company boss (b. 198x) is not the PSL councillor from Wegorzyno (b. 1972) || UWAGA: Do not publish. The page as built asserts a PSL Sejm candidacy that belongs to a different human; the election edge (source Ga9U5QR1EoRMIlapY1DS -> teryt32, Sejm 2015) should be dropped from this node. family_leads for #86 is also pointed at the wrong powiat - its Stasiak candidates (Andrzej, Antoni, Stanislaw, Ewelina) sit in powiat lobeski, i.e. the namesake's neighbourhood, not Zlocieniec. If someone wants to revive this, the one thing to check is the age of the Drawsko Pomorskie Joanna Stasiak from the 2014 komisja wyborcza; a PKW-commission seat filled on the nomination of KWW Lokalne Porozumienie Samorzadowe would still be a very weak tie even if the identity held. || TOŻSAMOŚĆ: FAILS. The only link between the seat and the politics is the name. KRS gives the prezes a PESEL beginning 8 (born 1980-1989); the documented PSL Joanna Stasiak of zachodniopomorskie - radna gminy Wegorzyno 2018-2023 on the KW PSL list, pedagog, declared PSL member in the PKW 2018 record - has birth"
87,Marek Kiełczewski,publish,"[elected-office] Radny Rady Miejskiej w Gostyninie wybrany z listy KW Polskiego Stronnictwa Ludowego (wybory 2002), wiceprzewodniczący Rady Miasta Gostynina w latach 2002-2006; kandydat Komitetu Wyborczego Polskie Stronnictwo Ludowe do Rady Powiatu Gostynińskiego w 2014 r. | ŹRÓDŁO: https://gostynin.info/informacje/marek-kielczewski-nowym-lekarzem-naczelnym-szpitala-zespolonego-w-plocku-ma-za-soba-prace-w-gostyninskim-samorzadzie/ (5.09.2023): ""W latach 2002-2006 pelnil funkcje wiceprzewodniczacego Rady Miasta Gostynina"". PKW (person_pkw): 2002, samorzad, teryt 140401 (m. Gostynin), ""Kielczewski Marek"" / first_name Marek, middle_name Piotr, ur. 1962, KW Polskiego Stronnictwa Ludowego; 2014, samorzad, teryt 140400 (powiat gostyninski), ""Kielczewski Marek Piotr"", ur. 1962, Komitet Wyborczy Polskie Stronnictwo Ludowe.","1 public post (Kutnowski Szpital Samorzadowy), currently held, verified against the live register. The other two organs in the export are ZWIAZEK PRACODAWCOW entities, public=false, correctly excluded from the count. No rada spoleczna in his record - trap 1 clean.","verdict=publish || TEZA: PSL-owy wiceprzewodniczacy rady miasta Gostynina wraca na fotel prezesa 44-milionowej szpitalnej spolki powiatu kutnowskiego - siedem lat po tym, jak go z niego odwolano || UWAGA: Frame it honestly: he is a credentialed hospital manager who won an open konkurs, and the starosta who ran it is PiS while his own party record is PSL - so this is not a same-party placement and the timing story is weak. What carries the page is the cited elected office plus the fact that a party-list politician has now twice been put in charge of a 44 mln zl powiat company, including a return after being sacked in 2018. One loose end left unverified: bip.gostynin.samorzady.pl has a page titled ""Kielczewski Marek Piotr"" under Oswiadczenia majatkowe (?a=947) that now returns ""brak artykulu"" - if it is a radny powiatu declaration it would upgrade the 2014 candidacy from ""stood"" to a held office. I could not open it; do not assert he won in 2014. || TOŻSAMOŚĆ: Strong, three-way. KRS gives imie ""M****"", imieDrugie ""P****"" (Piotr) and PESEL prefix 6; PKW 2014 gives ""Kielczewski Marek Piotr"", ur. 1962, powiat gostyninski, PSL; gostynin.info ties the same man (gostyninski samorzadowiec, ginekolog, dyrektor placowek w Dziekanowie Lesnym i Kutnie) to the hospit"
88,Margota Anna Zimerman,maybe,"[party-membership] Członek partii Platforma Obywatelska RP - deklaracja PKW przy kandydowaniu do Sejmu w 2011 r. (okręg nr 16, Płock, lista KW Platforma Obywatelska RP); kandydatka na burmistrza Sierpca w 2010 r. (KWW Komitet Obywatelski Sierpczanie 2010) i do Rady Powiatu Sierpeckiego w 2024 r. (KWW Razem dla Powiatu Sierpeckiego) | ŹRÓDŁO: PKW via person_pkw artifact: election_year 2011, sejmu, teryt 14, ""Zimerman Margota Anna"", party ""Komitet Wyborczy Platforma Obywatelska RP"", party_member ""czlonek partii Platforma Obywatelska RP""; corroborated by the printed candidate list for okreg nr 16 (Plock) at https://www.bip.mszczonow.pl/plik,938,lista.pdf and https://www.rp.pl/wydarzenia/art14224731-okreg-nr-16-plock-platforma-obywatelska-lista-nr-7. Career and appointment: https://www.gostynin24.pl/artykul/14510,nowe-wyzwania-dla-margoty-zimerman (3.09.2025).","1 public post, genuinely current (KRS stan 01.07.2026). Trap 1 not applicable - a sp. z o.o. rada nadzorcza, not a rada spoleczna. Trap 2 checked: single edge, no duplicate, and the live register confirms it.","verdict=maybe || TEZA: Zadeklarowana czlonkini PO, przez 23 lata skarbnik gminy Sierpc, w sierpniu 2025 zostaje skarbnikiem Gostynina, a w grudniu wchodzi do rady nadzorczej miejskiej spolki || UWAGA: The reason this is ""maybe"" and not ""publish"": a city treasurer sitting on the supervisory board of that city's own company is close to an owner's-representative seat, and she is by career a 33-year finance official, not an imported activist; the PO membership declaration is from 2011 and 14 years old. Before publishing, check exactly three things: (1) a primary source for Agnieszka Korajczyk-Szyperska's PO membership - I have it only from a press summary, not from a party page or a PKW declaration; (2) whether the POM RN seat is paid, and whether the uchwala/akt powolania designates it as the gmina's representative seat (BIP Gostynin, zakladka SPOLKI - ZARZAD I RADA, https://umgostynin.bip.org.pl/index//id/5673, which I could not get to render); (3) her own 2026 oswiadczenie majatkowe as skarbnik, which will show whether she draws RN remuneration on top of the skarbnik salary. If (2) comes back as an ordinary paid seat rather than an ex officio one, this becomes a publish. || TOŻSAMOŚĆ: Strong. ""Margota"" is effectively unique - the PKW lead file counts one distinct birth year for the name, namesake_risk low. PKW gives ur. 1972, teryt_living 142701 (m. Sierpc); KRS gives PESEL prefix 7 for the RN member; the press profile is the same woman (Sierpc, skarbnik, absolwentka UW i SGH). N"
89,Łukasz Kowalkowski,publish,"[working-relationship] Jeden z najbliższych współpracowników Kamila Żbikowskiego w kampanii przed przedterminowymi wyborami prezydenta Zabrza (sierpień 2025) i następnie doradca nowego prezydenta; wcześniej kandydat KWW Aliny Nowak ""Wspólnie dla Zabrzan"" do Rady Miasta Zabrze w 2024 r., kandydat KWW Kukiz'15 na prezydenta Zabrza w 2018 r. (4,49% głosów) oraz zastępca burmistrza Miasteczka Śląskiego | ŹRÓDŁO: https://wzabrzu.info/ile-zarabia-nowy-prezes-areny-zabrze-spolka-ujawnia-szczegoly/ (19.11.2025) - ""jeden z najblizszych wspolpracownikow Kamila Zbikowskiego"", kampania, zapowiadana rola doradcy, 16 000 zl brutto; https://zabrze24.info/byly-wiceburmistrz-miasteczka-slaskiego-zlym-doradca-nowego-prezydenta-zabrza/ - ""jeden z glownych doradcow nowego prezydenta Zabrza"", wspolpraca z kampania Aliny Nowak, przeszlosc w Miasteczku Slaskim; https://silesia24.pl/prezes-stowarzyszenia-z-zabrza-wiceburmistrzem-miasteczka-slaskiego - powolanie na wiceburmistrza. PKW (person_pkw): 2018, teryt 247801, position ""P"", KWW Kukiz'15, ur. 1985; 2024, teryt 247801, ""KWW ALINY NOWAK WSPOLNIE DLA ZABRZAN"", ur. 1984.","1 countable public post (Stadion w Zabrzu), current, verified in the live register. The second entry in the export - SZPITAL CHOROB PLUC IM. SW. JOZEFA W PILCHOWICACH, KRS 0000050139, SPZOZ, 2020-06-04 -> 2024-04-05 - carries supervisoryOrgan ""rada_spoleczna"", so it is TRAP 1: unpaid, deliberately outside the site's scope, must not be counted or printed as a rada nadzorcza. That leaves him with exactly one post - do not write ""kumulacja stanowisk"".","verdict=publish || TEZA: Doradca nowego prezydenta Zabrza i jego kampanijny wspolpracownik dostaje w trzy miesiace po wyborach fotel prezesa najwiekszej miejskiej spolki - 375 mln zl kapitalu, 16 tys. zl brutto miesiecznie || UWAGA: Two things to keep out of the copy. First, the Pilchowice seat is a rada spoleczna and its identity is in any case unverified - leave it out. Second, zabrze24.info is openly hostile to him (""szedl po trupach do wladzy"") and quotes unnamed collaborators; use it only for the factual claim that he is an adviser to the prezydent, not for the character judgement. The clean, defensible sentence is the one wzabrzu.info supports: closest campaign collaborator and expected adviser, made prezes of the city's 375 mln zl company three months after his candidate won. || TOŻSAMOŚĆ: Strong for the Zabrze man, and the batch's near-miss is caught. KRS gives PESEL prefix 8; rejestr.io shows him as 41 years old; PKW has the Zabrze Lukasz Kowalkowski at ur. 1985 (2018) / 1984 (2024), teryt 247801, and the press describes the new prezes as the former wiceburmistrz Miasteczka Slaskieg"
90,Michał Mulawa,publish,"[elected-office] Członek Prawa i Sprawiedliwości od 2005 r. (w PKW przy wyborach do Sejmu 2011 zadeklarował: ""członek partii Prawo i Sprawiedliwość""); przewodniczący Sejmiku Województwa Lubelskiego 21.11.2018-3.12.2019, wicemarszałek województwa lubelskiego 3.12.2019-2024, radny sejmiku od 2015 (mandat utrzymany w 2024) | ŹRÓDŁO: https://pl.wikipedia.org/wiki/Micha%C5%82_Mulawa (ur. 14.10.1980 w Tarnogrodzie; PiS od 2005; przewodniczacy sejmiku 21.11.2018; wicemarszalek od 3.12.2019); PKW person_pkw: 2011, sejmu, teryt 06, Komitet Wyborczy Prawo i Sprawiedliwosc, party_member ""czlonek partii Prawo i Sprawiedliwosc""; 2024, samorzad, ""Rada sejmiku"", KW PRAWO I SPRAWIEDLIWOSC, candidacy_success TRUE. Job and its politics: https://jawnylublin.pl/__trashed-10/ (""Byly wicemarszalek z PiS w koncu znalazl prace. Bedzie budowac mieszkania"").","3 in the record, all 100% publicly owned, but only ONE is current: SIM Chelm. The Chelmianka rada nadzorcza edge that shows end=null is TRAP 2 - the export holds two identical (source, target, 2024-07-25) rows, one closed on 2025-10-29 and one left open. The live odpis (stan 13.08.2026) gives Chelmianka's RN as three other people (R. W..., P. L..., M. T... = Marcin Tymura); he is not on it. Do not publish ""zasiada w radzie nadzorczej Chelmianki"" - write ""zasiadal w latach 2024-2025"". Agrochem Pulawy closed 2018-10-09. No rada spoleczna anywhere, so trap 1 is clean.","verdict=publish || TEZA: Wicemarszalek lubelskiego z PiS traci stanowisko w wojnie frakcyjnej, a rok pozniej dostaje od prezydenta Chelma prezesure miejskiej spolki mieszkaniowej - drugie miejskie stanowisko w Chelmie w poltora roku || UWAGA: Two dates disagree and both should appear: the press says he started on 1 October 2025, the KRS entry is dated 27 November 2025. Banaszek is formally bezpartyjny - say ""popierany przez PiS"", not ""z PiS"". Mulawa himself declined to confirm that Banaszek personally offered him the job, so attribute that to Jawny Lublin rather than stating it flat. And fix the Chelmianka edge before the page goes live, or it will assert a seat he left in October 2025. || TOŻSAMOŚĆ: Certain. KRS gives PESEL prefix 8 and the name pattern M*****/M***** (6/6 letters = Michal Mulawa); Wikipedia has him born 14.10.1980; PKW has him at ur. 1980, teryt_living 060907, KW PiS, with candidacy_success TRUE for the 2024 sejmik seat; the node already carries the Wikipedia link and rejestr.i"
91,Joanna Leszczyńska,skip,"[none] none found | ŹRÓDŁO: none — searched PKW (people_pkw_merged: six Joanna Leszczyńskas, birth years 1962/1970/1972/1979/1987/1988, in powiats nyski, świdwiński, płoński/sokołowski, żarski, brzeziński and ostródzki — none in Warsaw and none matching an ARP officer), plus web searches on the name with Eurolot, ARTGOS, Laboratorium Inteligentnego Miasta, ARP, Ministerstwo Aktywów Państwowych, 'rada nadzorcza', 'powołanie'. The only biographical hit is a LinkedIn headline 'Joanna Leszczyńska – Agencja Rozwoju Przemysłu S.A.' (page itself returns HTTP 999, unopenable).","Three, all genuinely public (SP/ARP), none current. Trap 2 checked on the live register for all three: OdpisAktualny stan 26.06.2026 (Eurolot RN = 3 others), stan 03.08.2026 (LIM), stan 10.07.2026 (ARTGOS RN = A. G…, J. S…, A. H…). She is absent from all three. No rada społeczna involved (trap 1 clean — all three organs are genuine rady nadzorcze of spółki kapitałowe).","verdict=skip || TEZA: ARP staffer rotated through three ARP-supervised state companies; no political tie, and no post left open || UWAGA: Do not infer a story from the ARTGOS restructuring or the Eurolot liquidation — her seats begin after both processes' key dates. If the operator publishes anything, fix two data errors first: the LIM role is 'członek RN oddelegowany do czasowego wykonywania czynności członka zarządu', not 'Zarząd'; and the ARTGOS end date should be 11.06.2026 per KRS wpis 99, not 2026-04-06. The ARP employment rests on a LinkedIn headline I could not open — treat as unverified. || TOŻSAMOŚĆ: Consistent and strong on the register side: the KRS masks names but preserves length, and all three entries read 'J***** L**********' (6-letter forename, 11-letter surname = Joanna Leszczyńska). One human across three ARP-portfolio companies. What is NOT established is any link to a Joanna Leszczyńs"
92,Andrzej Stolpa,publish,"[elected-office] Członek partii Polskie Stronnictwo Ludowe — deklaracja złożona PKW przy kandydowaniu do Sejmu w 2011 r. (okręg mazowiecki, KW Polskie Stronnictwo Ludowe). Wicestarosta płoński 2006–2014, starosta powiatu płońskiego 2014–2018 z ramienia PSL, przewodniczący Rady Powiatu Płońskiego od sesji inauguracyjnej 8 maja 2024 (mandat z listy KKW Trzecia Droga PSL–PL2050 Szymona Hołowni, okręg nr 1, 856 głosów, 10,59%). Sekretarz Gminy Płońsk od marca 2019 (powołany przez wójta Aleksandra Jarosławskiego). | ŹRÓDŁO: PKW declaration verbatim 'członek partii Polskie Stronnictwo Ludowe' in person_pkw (Sejm 2011, woj. 14); https://www.radioplonsk.pl/artykul/8242,kto-przewodniczacym-w-radzie-inauguracyjne-sesje-za-nami (08.05.2024, 'Rada Powiatu Płońskiego – Andrzej Stolpa'); https://www.portalsamorzadowy.pl/osoba/andrzej-stolpa,50829.html (856 głosów, 10,59%, KKW Trzecia Droga); https://plonszczak.pl/artykul/byly-starosta-andrzej-n623246 (11.03.2019, sekretarz Gminy Płońsk, jedyny kandydat w konkursie 08.03.2019)","Two edges, but only ONE countable. Countable: RN SIM Północne Mazowsze (KRS 0000977492), current — confirmed against the live register, OdpisAktualny stan 06.07.2026 lists 'A****** S*****' among the 11 RN members. NOT countable (TRAP 1): SPZOZ im. Marszałka Józefa Piłsudskiego w Płońsku, KRS 0000033369, edge from 26.10.2021, supervisoryOrgan = rada_spoleczna — the live extract (rejestr S, stan 25.06.2026) names the organ 'RADA SPOŁECZNA' with 16 members and he is on it, but this is the unpaid hospital social council the site deliberately excludes. It must not be printed or counted as a rada nadzorcza.","verdict=publish || TEZA: Przewodniczący Rady Powiatu Płońskiego i były starosta z PSL wchodzi do rady nadzorczej samorządowej spółki mieszkaniowej SIM Północne Mazowsze || UWAGA: simpm.pl attributes his seat to 'Urząd Miasta i Gminy Nowe Miasto', but he is not on the Nowe Miasto staff roster (bipnowemiasto.pl/stanowiska lists burmistrz Sławomir Dariusz Zalewski, sekretarz Mariola Bugalska, skarbnik Anna Olszewska) and the current Gmina Płońsk BIP names Lilla Świerczewska as zastępca wójta/sekretarz — so whether he is still Sekretarz Gminy Płońsk in 2026 is UNVERIFIED and should be checked before printing it as a present-tense fact. The 2019 sekretarz appointment is solid. Whether the SIM RN seat is remunerated is unverified. || TOŻSAMOŚĆ: Strong, three independent anchors. people_pkw_merged has exactly ONE Andrzej Stolpa (ur. 1957) with every candidacy in powiat płoński (teryt 1420) plus one 1994 row; the 'medium' namesake_risk in pkw_membership.json comes from a second row with a null birth year (the 2011 Sejm entry), i.e. the same "
93,Marcin Jasiński,skip,"[none] none found | ŹRÓDŁO: none — searched the name with Stargard, 'radny', 'wybory', 'urząd miejski', 'naczelnik wydziału', 'Marcin Kazimierz Jasiński', plus bip.stargard.eu/5857 (prezydent i kolegium doradcze: Rafał Zając, Ewa Sowa, Piotr Mync, sekretarz Zdzisław Rygiel, skarbnik Łukasz Wilkosz — no Jasiński) and people_pkw_merged (nine Marcin Jasińskis nationally, NONE in powiat stargardzki 3214 or anywhere in woj. 32 except an unrelated 1975-born man in powiat koszaliński).","Two, both genuinely public (100% Gmina-Miasto Stargard), one current. Trap 2 checked: Bio Star OdpisAktualny stan 28.05.2026 lists 'M***** J*******' among five RN members — current, confirmed, and the company's own BIP (bip.biostar.stargard.pl/rada-nadzorcza) is STALE, still showing Grzegorz Polak in that seat. Wody Miejskie OdpisAktualny stan 17.06.2026 does NOT list him — the 27.10.2025 end is real. Trap 1 clean: neither organ is a rada społeczna.","verdict=skip || TEZA: TRAP 4: the page's two candidacies belong to other men — the Stargard board member has no political trace at all || UWAGA: Wody Miejskie's own BIP states the RN 'comprises 5 members, of whom two are elected by company employees, while the remaining three are appointed by the City Mayor' (bip.wodymiejskie.stargard.pl/rada-nadzorcza, updated 15.01.2026) — so his 2022-2025 seat there may have been an employee-elected one, which the project excludes. Bio Star publishes no equivalent rule; its RN is chaired by Zdzisław Rygiel, Sekretarz Miasta Stargard. Before revisiting: (a) detach the lipnowski/ełcki election edges, (b) ask Bio Star or the city whether his seat is a pracowniczy one. || TOŻSAMOŚĆ: WEAK on the political side, fine on the register side. Register: mask 'M***** J*******' (6-letter forename, 8-letter surname) fits, and a rejestr.io-derived listing gives the full form 'Marcin Kazimierz Jasiński' for the Wody Miejskie seat. But the middle name Kazimierz matches only a Marcin Jasińsk"
94,Beata Smoleńska,publish,"[elected-office] Radna Sejmiku Województwa Zachodniopomorskiego kadencji 2024–2029 z listy KKW Koalicja Obywatelska (okręg nr 2, 9 844 głosy), wiceprzewodnicząca klubu radnych Koalicji Obywatelskiej, przewodnicząca Komisji Budżetu i Spraw Samorządowych. Wcześniej radna Rady Miejskiej w Gryficach 2010–2024 i wiceprzewodnicząca tej rady 2014–2018. Ur. 11 marca 1976 w Trzebiatowie; od 2010 dyrektor Powiatowego Urzędu Pracy w Gryficach. | ŹRÓDŁO: https://sejmik.wzp.pl/cb-profile/254-beata-smolenska.html (official sejmik profile: date/place of birth, 9 844 głosy, okręg 2, klub KO, wiceprzewodnicząca klubu, 'Od 1996 r. pracownik Publicznych Służb Zatrudnienia; od 2010 r. dyrektor Powiatowego Urzędu Pracy w Gryficach', radna Gryfic 2010–2024, wiceprzewodnicząca 2014–2018) and https://sejmik.wzp.pl/component/comprofiler/userslist/8-radni-2018-2023.html?Itemid=168 (roster of the 2024–2029 sejmik, listing her under the Koalicja Obywatelska club)","One, current, and genuinely public (100% Gmina Trzebiatów). Trap 2 checked: OdpisAktualny stan 26.05.2026 lists the RN as 'I**** P*********; T***** S******; B**** S********' — she is there. Trap 1 clean: the organ is a RADA NADZORCZA of a spółka z o.o. Worth noting the sejmik bio also records 'Social Council member at Gryfice Healthcare Facility (2013-2016)' — that IS a rada społeczna, it is not in koryta's job list, and it must stay out.","verdict=publish || TEZA: Radna sejmiku z KO i dyrektorka gryfickiego urzędu pracy dostaje trzecią funkcję publiczną — miejsce w trzyosobowej radzie nadzorczej wodociągów w Trzebiatowie || UWAGA: I did not find a single document naming her as BOTH the radna sejmiku and the ZWiK board member — the identification is by convergence, so phrase it as such if challenged. The family lead (Grażyna Smoleńska, ur. 1956, KWW Nasze Małe Ojczyzny, powiat gryficki, one candidacy in 2002) is UNCONFIRMED: no published statement of any relationship, and she holds no public role — do not print it and do not chase it. Whether the burmistrz of Trzebiatów (Marzena Domaradzka) shares her committee is unverified; the web-search budget ran out before I could check, and it would strengthen the piece. || TOŻSAMOŚĆ: Strong without resting on the name. Surname is rare (32 distinct bearers nationally in PKW). people_pkw_merged holds exactly ONE Beata Smoleńska, ur. 1976, every candidacy in powiat gryficki (3205) — 2010 and 2018 and 2014 for Komitet Wyborczy Powiatowego Stowarzyszenia Idziemy Razem, 2024 for KKW K"
95,Magdalena Maria Sałata,publish,"[working-relationship] Kandydatka Polskiego Stronnictwa Ludowego do Sejmu w 2019 r. — okręg nr 18 (Siedlce), 21. miejsce listy KW Polskie Stronnictwo Ludowe, 623 głosy (0,14%), bez mandatu; wcześniej kandydatka z listy Komitetu Wyborczego Polskie Stronnictwo Ludowe w wyborach samorządowych 2014 w Siedlcach oraz z KWW Lepsze Siedlce w 2018 r. Dyrektor Delegatury w Siedlcach Urzędu Marszałkowskiego Województwa Mazowieckiego — administracji marszałka Adama Struzika (PSL) — co najmniej od września 2018 do 2021 r. | ŹRÓDŁO: https://bip.mazovia.pl/pl/bip/oswiadczenia-majatkowe/oswiadczenie-majatkowe-magdalena-salata.html — oświadczenie majątkowe za 2020 r., stanowisko podane wprost: 'Urząd Marszałkowski Województwa Mazowieckiego w Warszawie, Delegatura w Siedlcach, Dyrektor Delegatury', opublikowane 02.07.2021 (złożone 19.04.2021); https://szpital.siedlce.pl/aktualnosci/Profilaktyka-kluczem-do-sukcesu (22.09.2018, verbatim: 'Magdalena Sałata (dyrektor, Urząd Marszałkowski Województwa Mazowieckiego w Warszawie. Delegatura w Siedlcach)'); https://www.wnp.pl/parlamentarny/osoba/magdalena-salata,91352.html (PSL, okręg nr 18, 21. miejsce, 623 głosy, 0,14%, bez mandatu)","One, current, and it is a MANAGEMENT board seat (zarząd), not a supervisory one — the highest-value kind for this project. Trap 2 checked: OdpisAktualny stan 01.07.2026 lists the zarząd as Marcin Kulicki (prezes), Dariusz Młynarczyk, Tomasz Araszkiewicz and 'M******** S*****' — current. The company's own page (szpital.siedlce.pl/podstrony/Zarzad) names all four in full. Trap 1 clean: the hospital is a spółka z o.o., not an SPZOZ, so there is no rada społeczna in play.","verdict=publish || TEZA: Dyrektorka siedleckiej delegatury urzędu marszałkowskiego i kandydatka PSL do Sejmu wchodzi do zarządu szpitala należącego w 100% do tego samego samorządu województwa || UWAGA: Note she was PKW-declared as bezpartyjna ('nie należy do partii') in 2019 — so print 'kandydatka PSL', never 'członkini PSL'. The delegatura directorship is documented for 2018–2021; the current director is Dorota Prokurat (bip.mazovia.pl, page updated 10.03.2026), so the exact date she left the delegatura is UNVERIFIED — check whether she moved straight from the delegation to the hospital board on 14.11.2025, which would make the story tighter. The identity of the outgoing board member 'M****** M*******' struck out on the same day is also worth a look. || TOŻSAMOŚĆ: Strong, four converging facts, no reliance on the name alone. people_pkw_merged has three Magdalena Sałatas: ur. 1978 (Olsztyn, 2801, PO 2014), ur. 1987 second name Joanna (Brzeziny, 2404, 2024), and ur. 1984 second name MARIA, teryt 1464 = miasto Siedlce, with exactly the three candidacies on the k"
96,Tomasz Lewandowski,skip,[none] none found,"3 recorded, all 3 verified genuinely current against the live register (LARG stan 01.07.2026; SIM stan 06.07.2026; Szpital Średzki stan 09.07.2026), plus 1 correctly closed spell. TRAP 1 clear — every one is a real organNadzoru 'RADA NADZORCZA' in a sp. z o.o., none is a rada społeczna. But the three current seats belong to at least two, probably three, different people, so the page's headline claim (one man accumulating three public boards across Wielkopolska and Mazowsze) is false.","verdict=skip || TEZA: Nie publikować: pod jedną stroną są co najmniej dwaj różni ludzie || UWAGA: pkw_membership.json flags this name as declaring 'Prawo i Sprawiedliwość' with namesake_risk HIGH — that declaration actually belongs to Tomasz Lewandowski ur. 1964 z okolic Kruszwicy (KWW Porozumienie dla Przyszłości, 2018, teryt 041503), who has nothing to do with any of these boards. Do not print it. Data fix for the operator: split node qGobZYgzMNH06mw2T7p1 into (1) Tomasz Jerzy Lewandowski ur. ~1975, Szpital Średzki, (2) Tomasz Andrzej Lewandowski ur. ~1987, LARG Suchy Las, (3) Tomasz Lewandowski, UMiG Glinojeck, SIM Północne Mazowsze — and detach all four Sejm candidacy edges. || TOŻSAMOŚĆ: REFUTED. KRS PESEL prefixes differ by decade (8* Suchy Las vs 7* Środa Wlkp.) and the second names differ (Andrzej vs Jerzy); people_enriched splits them into ur.1975 (rejestr.io 335327) and ur.1987 (rejestr.io 3200946/3406607). The link between any seat and any politics rested on the bare name 'Tom"
97,Jakub Kolecki,publish,"[candidacy-only] dwukrotny kandydat Komitetu Wyborczego Platforma Obywatelska RP do Rady Miejskiej w Radomiu — 2010 (mandatu nie zdobył) i 2014 (Kolecki Jakub Jacek, ur. 1976, teryt 146301 Radom, rejestr kandydatów PKW) | ŹRÓDŁO: Rejestr kandydatów PKW, wybory samorządowe 2010 i 2014, Rada Miejska w Radomiu, KW Platforma Obywatelska RP (dane w artefakcie person_pkw pipeline'u koryta, wersja 2026-08-29; nie udało mi się otworzyć na żywo archiwum PKW z 2014 r., a echodnia.eu z listą kandydatów 2010 zwraca 403). Tożsamość i obecna funkcja potwierdzone dokumentem: oświadczenie majątkowe Jakuba Jacka Koleckiego, członka zarządu Mazowieckiego Szpitala Specjalistycznego sp. z o.o., złożone 26.11.2025, opublikowane 05.12.2025 — https://mazovia.pl/pl/bip/oswiadczenia-majatkowe/oswiadczenie-majatkowe-jakub-jacek-kolecki-1.html","2 (1 bieżący, 1 poprawnie zamknięty) — TRAP 2 sprawdzony w obie strony. Odpis aktualny KRS 0000490819 pobrany 03.09.2026 (stan z 01.06.2026) pokazuje 'K****** J**** J****, PESEL 7**********, CZŁONEK ZARZĄDU' — bieżący. Odpis KRS 0000033438 (stan z 06.08.2026) go już nie zawiera, a odpis pełny potwierdza wykreślenie wpisem 98; zamknięcie z 2025-10-28 jest więc prawdziwe, nie duplikatem. TRAP 1 nie dotyczy — obie role to zarząd spółki prawa handlowego (szpital jest sp. z o.o., nie SPZOZ, więc nie ma tu rady społecznej).","verdict=publish || TEZA: Dziewięć lat w zarządzie radomskich wodociągów, a po odejściu — fotel w zarządzie szpitala marszałkowskiego || UWAGA: Połączenie polityczne jest słabsze niż u pozostałej trójki i tak trzeba je opisać: to DWIE KANDYDATURY z listy PO (2010, 2014), a nie funkcja partyjna ani mandat — w obu przypadkach mandatu nie zdobył (2010 candidacy_success=FALSE, 2014 nieznany; nie ma go w Radzie Miejskiej). Nie pisz 'radny' ani 'działacz PO'. Uczciwa jest sekwencja: kandydował z listy PO w 2010, w 2012 podjął pracę w miejskiej spółce, w 2016 — za prezydentury Radosława Witkowskiego (PO) — został jej wiceprezesem, w 2024 prezesem, a po odejściu w 2025 trafił do zarządu spółki marszałkowskiej. Nie znalazłem potwierdzenia, że pełnił jakąkolwiek funkcję w strukturach PO w Radomiu (budżet wyszukiwarki wyczerpał się przed tym sprawdzeniem) — to warto dociągnąć. Uwaga też na kontrargument: to człowiek, który przeszedł całą drogę wewnątrz jednej firmy od 2012 r., więc zarzut 'z nadania' jest do obrony tylko przez daty, nie przez brak kompetencji. Osobny trop, NIEZWERYFIKOWANY: Grzegorz Janduła, który przejął po nim wodociągi 28.10.2025, sam wszedł 19.05.2026 do rady nadzorczej szpitala, w którego zarządzie siedzi Kolecki — warto sprawdzić, czy to ten sam Janduła (w KRS szpitala figuruje 'J****** G*******' z PESEL-em 7*, bez drugiego imienia), bo węzeł koryta dla Janduły wygląda na sklejony z kimś z MPK Łódź. || TOŻSAMOŚĆ: MOCNE. PKW: 'Kolecki Jakub Jacek', ur. 1976, teryt kandydowania i zamieszkania 146301 (m. Radom), obie kandydatury z list PO. KRS: 'K****** (7 znaków = KOLECKI), J**** J**** (Jakub Jacek), PESEL 7**********'. Oświadczenie majątkowe na BIP Mazowsza jest wystawione dokładnie na 'Jakub Jacek Kolecki, c"
98,Paweł Calak,publish,"[elected-office] radny Rady Powiatu Nowodworskiego kadencji 2024-2029, wybrany z listy KWW PSL Trzecia Droga; wcześniej radny powiatu z listy Komitetu Wyborczego Polskie Stronnictwo Ludowe (wybrany w 2010), kandydat PSL w 2014 i 2018 | ŹRÓDŁO: https://www.bip.nowodworski.pl/78,radni?tresc=16823 (skład Rady Powiatu Nowodworskiego 2024-2029, BIP, ostatnia modyfikacja 2026-08-28) oraz oświadczenie majątkowe radnego powiatu za 2025 r., złożone 22.04.2026, wpłynęło do Rady Powiatu 30.04.2026: https://www.bip.nowodworski.pl/plik,20945,pawel-calak-oswiadczenie-majatkowe-za-2025-rok.pdf","1 — jedyny wpis, i jest genuinely current: odpis aktualny KRS 0000423091 pobrany 03.09.2026 (stan z 05.06.2026) pokazuje 'C**** P****, PESEL 7**********, PREZES ZARZĄDU', wpis nr 37, bez wykreślenia. TRAP 1 nie dotyczy — to zarząd spółki prawa handlowego, nie rada społeczna (supervisoryOrgan spółki to zwykła RADA NADZORCZA, w której go nie ma).","verdict=publish || TEZA: Radny powiatu z listy PSL-Trzecia Droga od 1 lipca 2025 kieruje spółką komunalną sąsiedniej gminy || UWAGA: Nazwanie go byłym wicestarostą nowodworskim jest NIEPOTWIERDZONE — opiera się wyłącznie na nazwie jego strony na Facebooku ('pawel.calak.wicestarostapowiatunowodworskiego'); w zarządzie powiatu kadencji 2024-2029 go nie ma (starosta Magdalena Biernacka, wicestarosta Andrzej Pacocha). Sprawdź uchwały Rady Powiatu z kadencji 2018-2024, zanim to napiszesz. Trop rodzinny z family_leads.json jest realny, ale nie do publikacji bez potwierdzenia: Norbert Calak ur. 1998, ten sam adres zamieszkania w PKW (teryt 141405, gm. Pomiechówek) i ten sam komitet KWW PSL TRZECIA DROGA w wyborach do rady powiatu nowodworskiego 2024 — to prawdopodobnie syn, ale wspólne nazwisko plus wspólna lista to lead, nie dowód. Nie publikuj jako pokrewieństwa bez wypowiedzi lub dokumentu. || TOŻSAMOŚĆ: ROZSTRZYGNIĘTE dokumentem pierwotnym. Zeskanowane oświadczenie majątkowe radnego powiatu nowodworskiego za 2025 r. w rubryce 'miejsce zatrudnienia, stanowisko lub funkcja' ma wpisane odręcznie 'PUK Sochocin – Prezes', a wyżej 'Paweł Calak, urodzony 1971 w Warszawa'; nagłówek 'Goławice 55B' (wieś w g"
99,Andrzej Frejno,publish,"[party-membership] członek partii Polskie Stronnictwo Ludowe (deklaracja własna w rejestrze kandydatów PKW, wybory do Sejmu 2011, okręg nr 29 Gliwice, lista nr 5 KW PSL, poz. 15); radny Rady Powiatu Gliwickiego kadencji 2024-2029, okręg nr 4 (gm. Rudziniec i gm. Sośnicowice), wiceprzewodniczący Komisji Gospodarki i Środowiska | ŹRÓDŁO: https://wybory2011.pkw.gov.pl/cpr/sjm-29/pl/d4a4d8a7-30f1-45e6-a702-1d4596408065.html (PKW, Wybory 2011 — 'Frejno Andrzej Marcin, Komitet Wyborczy Polskie Stronnictwo Ludowe, zawód: menager, miejsce zamieszkania: Niewiesze, Poparcie: członek partii Polskie Stronnictwo Ludowe, 452 głosy, Mandat: Nie') oraz https://starostwo.gliwice.pl/radni-rady-powiatu-gliwickiego-kadencji-2024-2029/andrzej-frejno","1 na liście koryta (PPT PKS Katowice S.A.) + 1 pominięty przez pipeline (PZO sp. z o.o. Gliwice, zamknięty 2022). Ten bieżący jest genuinely current i potwierdzony dwoma źródłami: odpis aktualny KRS 0000087670 pobrany 03.09.2026 (stan z 02.07.2026) pokazuje 'F***** A****** M*****, PESEL 7**********' w organie nadzoru, wpis 72, bez wykreślenia; niezależnie strona spółki https://pkskatowice.pl/o-firmie/ podaje 'Własność: 100% Skarb Państwa' i wymienia Andrzeja Marcina Frejnę w składzie Rady Nadzorczej. TRAP 1 nie dotyczy — spółka akcyjna, organ nadzoru to RADA NADZORCZA.","verdict=publish || TEZA: Deklarowany członek PSL i radny powiatu gliwickiego wchodzi do rady nadzorczej spółki Skarbu Państwa || UWAGA: Deklaracja członkostwa w PSL pochodzi z 2011 r. i tylko za ten moment ręczę. W 2024 startował z lokalnego komitetu wyborców (KWW Przyszłość Ziemi Gliwickiej), nie z listy PSL, a na blogu pisgliwice.pl pojawia się komentarz, że 'kiedyś PSL, teraz PiS' — to komentarz internetowy, NIEZWERYFIKOWANY, nie cytuj. Pisz 'członek PSL (deklaracja PKW 2011)', nie 'polityk PSL'. Nie ustaliłem, który organ (MAP/ministerstwo) wykonuje prawa z akcji PPT PKS i kto go powołał — warto dopytać spółkę. Family_leads podaje Mateusza Gabriela Frejnę ur. 1972 z tej samej gminy Rudziniec i tego samego komitetu KWW Zgoda i Przyszłość (mandat 2010) — bardzo prawdopodobny brat, ale bez publicznego potwierdzenia pokrewieństwa nie publikuj tego. || TOŻSAMOŚĆ: MOCNE. Strona kandydata PKW 2011 podaje pełne 'Frejno Andrzej Marcin' i miejsce zamieszkania Niewiesze — wieś w gminie Rudziniec, tej samej, z której okręgu (nr 4: Rudziniec i Sośnicowice) został radnym powiatu gliwickiego w 2024. KRS podaje 'A****** M*****' z PESEL-em zaczynającym się od 7, co pasu"
100,Jacek Szołtysek,publish,"[elected-office] radny Rady Miasta Mysłowice kadencji 2018-2024, wybrany z listy Koalicyjnego Komitetu Wyborczego Platforma.Nowoczesna Koalicja Obywatelska (530 głosów); wcześniej kandydat Komitetu Wyborczego Platforma Obywatelska RP do rady miasta w 2014 | ŹRÓDŁO: https://pl.wikipedia.org/wiki/Jacek_Szo%C5%82tysek (ur. 28.10.1958 w Katowicach, mieszka w Mysłowicach; radny wybrany w 2018 z listy KKW Platforma.Nowoczesna KO, 530 głosów) — potwierdzone od strony ujemnej przez https://itvm.pl/n/wydarzenia/04/08/poznaj-nowa-rade-miasta-myslowice-x-kadencji/ (8.04.2024), gdzie na liście 23 radnych kadencji 2024-2029 już go nie ma; kandydatury 2014 i 2018 są też w rejestrze kandydatów PKW (Szołtysek Jacek Antoni, teryt 247001 Mysłowice)","2 (1 bieżący, 1 poprawnie zamknięty). Bieżący jest genuinely current: odpis aktualny KRS 0000121456 pobrany 03.09.2026 (stan z 21.07.2026) pokazuje 'S********, J**** A*****, PESEL 5**********' w RADZIE NADZORCZEJ. Zamknięcie Enea Trading też jest prawdziwe — w odpisie aktualnym KRS 0000371086 (stan z 02.06.2026) nie ma sekcji organNadzoru w ogóle. TRAP 1 nie dotyczy: obie spółki to sp. z o.o. z klasyczną radą nadzorczą; pole supervisoryOrgan='brak' przy Enea Trading odzwierciedla właśnie zlikwidowany organ, nie radę społeczną.","verdict=publish || TEZA: Radny KO z Mysłowic kończy kadencję i trzy tygodnie później zasiada w radzie nadzorczej spółki grupy Enea || UWAGA: To nie jest przypadkowy działacz: prof. dr hab. Jacek Szołtysek kieruje Katedrą Logistyki Społecznej Uniwersytetu Ekonomicznego w Katowicach, tytuł profesorski z 12.11.2013, najwyższy indeks Hirscha wśród polskich logistyków. Strona musi to podać, bo inaczej będzie nieuczciwa. Kontrargument, który warto zostawić czytelnikowi: logistyka miejska to nie jest handel energią ani ciepłownictwo, więc merytoryczne dopasowanie do Enea Trading i Enea Ciepło nie jest oczywiste. Nie znalazłem żadnej funkcji partyjnej ani zapowiedzi prasowej jego powołań — połączenie polityczne opiera się na mandacie radnego z listy KO i kandydaturze z listy PO, nie na deklarowanym członkostwie (brak wiersza w pkw_membership.json). Nie pisz, że jest obecnie radnym — nie jest od maja 2024. || TOŻSAMOŚĆ: MOCNE. KRS podaje 'J**** A*****' (Jacek Antoni) z PESEL-em na 5, PKW podaje 'Szołtysek Jacek Antoni', rocznik 1958/1959, zameldowany w Mysłowicach (teryt 247001) — Wikipedia podaje datę urodzenia 28.10.1958, co tłumaczy rozbieżność rocznika liczonego z wieku. people_enriched trzyma to jako jedną oso"
101,Maciej Leszkowicz,maybe,"[board-co-appearance] Powołany przez Zarząd Województwa Dolnośląskiego: najpierw do rady społecznej Wojewódzkiego Szpitala Specjalistycznego w Legnicy (wpis KRS 23.04.2024), a siedem miesięcy później na dyrektora tego samego szpitala (wpis KRS 27.11.2024, objął stanowisko 15.10.2024). Do rady nadzorczej Polskiej Grupy Uzdrowisk (100% KGHM) wszedł tym samym wpisem KRS z 27.10.2025, którym do zarządu PGU wszedł Maciej Awiżeń, członek Platformy Obywatelskiej i były wojewoda dolnośląski. Brak stwierdzonej przynależności partyjnej, mandatu ani powiązania rodzinnego. | ŹRÓDŁO: https://rejestr.io/osoby/962887 (organ nadzoru WSS Legnica od 23.04.2024, organ reprezentacji od 27.11.2024; PGU organ nadzoru od 27.10.2025); https://tulegnica.pl/artykul/dlaczego-zarzad-wojewodztwa-n1627322 (2.10.2024, zwłoka zarządu województwa z powołaniem); https://lca.pl/pl/11_fakty/755_legnica/99388_maciej-leszkowicz-z-rekomendacja-na-stanowisko-dyrektora-szpitala-w-legnicy.html (30.09.2024); https://www.salon24.pl/newsroom/1460388,polska-grupa-uzdrowisk-pod-lupa-polityczne-powiazania-i-milionowe-straty (28.08.2025, PGU jako spółka obsadzana przez KO/PO)","Pięć w eksporcie + jeden brakujący. Genuinie aktualne trzy: RN PWiK Zgorzelec (eksport zamyka je 2026-04-06 - BŁĄD, żywy KRS stan z 22.07.2026 wciąż wymienia M***** L********* wśród 5 członków RN, rejestr.io też jako aktualne), RN PGU (żywy KRS stan z 15.07.2026, jeden z 3 członków RN) oraz dyrektura WSS Legnica (rejestr.io, organ reprezentacji od 27.11.2024 - nieobecna w eksporcie). Poprawnie zamknięte: Armatura Kraków (żywy KRS 10.08.2026 - 4 innych członków RN) i prezesura szpitala w Złotoryi (żywy KRS 3.07.2026 - prezesem M***** M**** Z******, Monika Zdaniuk). TRAP 1: seat w WSS Legnica 23.04.2024-27.11.2024 to RADA SPOŁECZNA (supervisoryOrgan=rada_spoleczna) - nie liczyć jej jako stanowiska i nie drukować jako rady nadzorczej; używam jej wyłącznie jako faktu o ścieżce powołania.","verdict=maybe || TEZA: Z rady społecznej szpitala na fotel jego dyrektora w siedem miesięcy - a potem trzy rady nadzorcze spółek publicznych naraz || UWAGA: Nie znalazłem żadnej deklarowanej przynależności partyjnej, funkcji w strukturach, mandatu ani powiązania rodzinnego - i szukałem: PKW (zero rekordów), family_leads (brak wpisu dla n=101), Google News po nazwisku z Zgorzelcem, Bogatynią, Legnicą, PSL, Armaturą, KGHM. Powiązanie jakie mam jest instytucjonalne (kto go powoływał), nie osobiste. PRZED PUBLIKACJĄ SPRAWDZIĆ: (a) oświadczenie majątkowe dyrektora WSS Legnica na BIP UMWD - wykaże wynagrodzenia z rad nadzorczych i ewentualne funkcje; (b) uchwałę zarządu województwa dolnośląskiego o powołaniu składu rady społecznej WSS Legnica z kwietnia 2024 - kto go tam wskazał; (c) protokoły/uchwały o powołaniu RN Armatura Kraków (luty 2025) i RN PGU (październik 2025) po stronie PZU i KGHM. Uwaga redakcyjna: fotel w radzie społecznej musi zostać wyłączony ze zliczania stanowisk, a brakującą dyrekturę WSS Legnica trzeba dopisać do grafu, bo bez niej strona pokazuje dwa fotele nadzorcze bez etatu, który czyni z nich kumulację. || TOŻSAMOŚĆ: Mocna. Profil rejestr.io/osoby/962887 (klucz PESEL, ur. 17 sierpnia) skupia dokładnie te role, które opisuje prasa o dyrektorze legnickiego szpitala: WSS Legnica, PWiK ""Nysa"", PGU oraz prezesurę Związku Pracodawców Szpitali Dolnośląskich od 5.02.2025 (zgodne z Rynek Zdrowia 17.01.2025). W PKW nie ma"
102,Andrzej Osiniak,publish,"[party-membership] Członek Platformy Obywatelskiej Rzeczypospolitej Polskiej (deklaracja w rejestrze kandydatów PKW, wybory samorządowe 2018); kandydat KKW Platforma.Nowoczesna Koalicja Obywatelska na burmistrza gminy Krzeszowice w 2018 r.; radny Rady Miejskiej w Krzeszowicach z klubu Platforma.Nowoczesna Koalicja Obywatelska - mandat objęty w kadencji 2010-2014 po śmierci radnego Antoniego Jamińskiego, ponownie wybrany w 2018 w okręgu Frywałd-Nawojowa Góra-Rudno-Sanka-Tenczynek-Zalas, mandat złożony w maju 2021. | ŹRÓDŁO: PKW, rejestr kandydatów wyborów samorządowych 2018: OSINIAK Andrzej Jerzy, ur. 1956, TERYT 120606 (Krzeszowice), KKW Platforma.Nowoczesna Koalicja Obywatelska, deklaracja ""Platforma Obywatelska Rzeczypospolitej Polskiej"", stanowisko ""Burmistrz"" (artefakt person_pkw, 2026-08-29); Barbara Ciryt, ""Krzeszowice. Radny złożył mandat. Andrzej Osiniak, były dyrektor szpitala, żegna się z Radą Miejską"", Dziennik Polski, 29 maja 2021, https://dziennikpolski24.pl/krzeszowice-radny-zlozyl-mandat-andrzej-osiniak-byly-dyrektor-szpitala-zegna-sie-z-rada-miejska/ar/c1-15637874","Dwa, oba rady nadzorcze spółek publicznych, żadna nie jest radą społeczną (trap 1 czysty - obie spółki to sp. z o.o. z organem nadzoru ""rada_nadzorcza""). Aktualny jeden: SIM SMS - eksport zamyka go datą 2026-04-06, ale to artefakt crawlowania: żywy KRS OdpisAktualny stan z 02.09.2026 wciąż wymienia ""A****** O******"" wśród 14 członków RN, a rejestr.io pokazuje go jako powiązanie aktualne. KPT poprawnie zamknięty - żywy KRS stan z 01.06.2026 wymienia pięcioosobową RN (Lis, Rogowski, Pajor, Kosiorowska, Durzyński), bez niego.","verdict=publish || TEZA: Członek PO i radny Krzeszowic z klubu KO, po odejściu z dyrekcji szpitala trafił do rady nadzorczej państwowego parku technologicznego, a potem do spółki mieszkaniowej 200 km od domu || UWAGA: Nie ustaliłem, kto konkretnie wskazał go do RN KPT i do RN SIM SMS - w SIM-ach część miejsc w radzie obsadza Krajowy Zasób Nieruchomości, ale nie mam na to źródła i tego NIE należy pisać. Sprawdzić: uchwały zgromadzenia wspólników KPT z czerwca 2024 i SIM SMS z października 2025. Drugie: artykuł Dziennika Polskiego o złożeniu mandatu Google News datuje na 27.01.2025 - to błąd agregatora, w treści widnieje 29 maja 2021 i to jest data właściwa; nie powtarzać daty 2025. Trzecie: w PKW 2024 nie ma go wśród 134 kandydatów w gminie Krzeszowice - w wyborach 2024 nie startował, więc nie pisać o nim jako o obecnym radnym. || TOŻSAMOŚĆ: Mocna, potwierdzona dwoma niezależnymi punktami zaczepienia. Profil rejestr.io/osoby/899608 jest kluczowany PESEL-em (ur. 5 marca) i zawiera jednocześnie fotel w SIM SMS i miejsce w organie nadzoru Fundacji SANUS, czyli fundacji tego samego krzeszowickiego Ośrodka Rehabilitacji Narządu Ruchu, którym"
103,Maciej Mirosław Awiżeń,publish,"[elected-office] Członek Platformy Obywatelskiej (deklaracja PKW 2010: ""członek Platformy Obywatelskiej Rzeczypospolitej Polskiej""); starosta kłodzki trzech kadencji od 2 grudnia 2010 do 2023, wojewoda dolnośląski od 21 grudnia 2023 do 25 listopada 2024; radny Kłodzka 1998-2002 i wiceprzewodniczący rady od 2006, członek zarządu powiatu kłodzkiego 2009, radny powiatu 2010/2014/2018. Do tego więź rodzinna: syn Mirosława Awiżenia (ur. 29.01.1952), działacza podziemnej Solidarności i wydawcy, wiceburmistrza Szczytnej w 1990 r., kandydata KWW Szczytna w 2014. | ŹRÓDŁO: https://pl.wikipedia.org/wiki/Maciej_Awi%C5%BCe%C5%84 oraz https://pl.wikipedia.org/wiki/Miros%C5%82aw_Awi%C5%BCe%C5%84 (obie strony wprost stwierdzają pokrewieństwo ojciec-syn); PKW, wybory samorządowe 2010: Awiżeń Maciej Mirosław, ur. 1972, TERYT 020802, KW Platforma Obywatelska RP, deklaracja ""członek Platformy Obywatelskiej Rzeczypospolitej Polskiej""; https://24klodzko.pl/maciej-awizen-zostal-powolany-na-wiceprezesa-polskiej-grupy-uzdrowisk/ (27.08.2025)","Dwa w eksporcie + jedno brakujące. PGU - zarząd, 27.10.2025-18.05.2026, poprawnie zamknięte: żywy KRS stan z 15.07.2026 pokazuje zarząd ""J** M***** K****"" (prezes) i ""K***** K**** K******"" (wiceprezes), Awiżenia nie ma; prasa datuje odwołanie na 30.03.2026. ZOZ w Kłodzku, KRS 0000058460, 28.01.2014-06.11.2019 - TRAP 1: supervisoryOrgan = rada_spoleczna. To rada społeczna SPZOZ, nieodpłatna, w której zasiadał z urzędu jako starosta powiatu będącego podmiotem tworzącym. NIE liczyć jej i NIE drukować jako ""Rada Nadzorcza"". Brakujące: organ nadzoru Zakładu Narodowego im. Ossolińskich od 2.06.2025 (rejestr.io) - to jedyne jego aktualne stanowisko publiczne i trzeba je dopisać.","verdict=publish || TEZA: Odwołany za powódź wojewoda dolnośląski z PO dziewięć miesięcy później został wiceprezesem uzdrowiskowej spółki KGHM || UWAGA: Uwaga na rachubę stanowisk: rada społeczna ZOZ Kłodzko musi zniknąć z listy fotelów, bo inaczej strona przypisuje mu ""radę nadzorczą szpitala"" przez pięć lat, czego nie było. PGU nie jest już jego stanowiskiem - odwołany 30.03.2026 - więc nie pisać w czasie teraźniejszym. Powód odwołania z PGU podany przez 24klodzko.pl jest nieoficjalny i dotyka trzeciej osoby, nie cytować go. Wątek Michała Jarosa pochodzi z komentarza publicystycznego Salon24, a nie z dokumentu - podać jako doniesienie prasowe, nie jako fakt. Ojciec, Mirosław Awiżeń, jest osobą publiczną (wiceburmistrz Szczytnej, kandydat KWW 2014, hasło w Wikipedii), więc więź rodzinna mieści się w zakresie; nie schodzić poniżej tego. || TOŻSAMOŚĆ: Bardzo mocna. rejestr.io/osoby/1265464 (klucz PESEL) podaje ""ur. 30 kwietnia"", co zgadza się z datą urodzenia 30 kwietnia 1972 z Wikipedii; wszystkie rekordy PKW to rocznik 1972 i TERYT 0208xx (powiat kłodzki); węzeł koryty ma już przypięty link do artykułu Wikipedii. W PKW jest tylko sześć osób o n"
104,Sławomir Czerniel,maybe,"[candidacy-only] Trzykrotny kandydat z list Platformy Obywatelskiej i Koalicji Obywatelskiej w powiecie pilskim: 2014 - KW Platforma Obywatelska RP, rada miejska w Ujściu (TERYT 301906); 2018 - KKW Platforma.Nowoczesna Koalicja Obywatelska, rada powiatu pilskiego (TERYT 301900); 2024 - KKW Koalicja Obywatelska, rada powiatu pilskiego. Brak deklarowanego członkostwa w PKW, brak funkcji w strukturach partii, brak tropu rodzinnego. | ŹRÓDŁO: PKW, rejestry kandydatów wyborów samorządowych 2014, 2018 i 2024: CZERNIEL Sławomir, ur. 1969, TERYT zamieszkania 301906 (gmina Ujście, powiat pilski) - kolejno KW Platforma Obywatelska RP, KKW Platforma.Nowoczesna Koalicja Obywatelska, KKW Koalicja Obywatelska (artefakt person_pkw, 2026-08-29)","Jedno, i jest genuinie aktualne: żywy KRS OdpisAktualny MWiK Piła, stan z 19.06.2026, wymienia ""S******* C*******"" jako jednego z trzech członków rady nadzorczej; rejestr.io także pokazuje je jako powiązanie aktualne. Rada nadzorcza, nie rada społeczna - trap 1 nie występuje. Trap 2 nie występuje: edge jest otwarty i post faktycznie trwa.","verdict=maybe || TEZA: Trzykrotny kandydat PO i KO w powiecie pilskim półtora roku po przegranych wyborach trafił do rady nadzorczej miejskich wodociągów w Pile || UWAGA: To wciąż najsłabszy z możliwych rodzajów powiązania: sama kandydatura, bez wygranego mandatu, bez zadeklarowanego członkostwa i bez funkcji partyjnej. Trzy starty z rzędu z list jednej formacji podnoszą to do kategorii ""powtarzalny kandydat"", ale nie do funkcji. Trap 3: pole candidacy_success dla lat 2014 i 2018 jest w artefakcie puste, więc o tamtych wynikach napisać wyłącznie ""kandydował""; dla 2024 plik oznacza jedenastu zwycięzców KO jako TRUE, a jego jako FALSE, więc ""nie uzyskał mandatu"" jest tu uprawnione. PRZED PUBLIKACJĄ SPRAWDZIĆ: (a) zarządzenie/uchwałę Prezydenta Miasta Piły albo protokół zgromadzenia wspólników MWiK z października 2025 o powołaniu rady nadzorczej - czy to nominacja prezydenta i czy pada tam jego nazwisko; (b) czy w latach 2014-2018 był radnym gminy Ujście albo powiatu pilskiego (BIP gminy Ujście / powiatu pilskiego, składy rad kadencji 2014-2018 i 2018-2024) - jeśli tak, powiązanie awansuje do kategorii C i werdykt zmienia się na publish; (c) czy statut stowarzyszenia ""Rozwój"" lub jego działalność wiąże je z komitetem wyborczym lub politykiem z powiatu pilskiego. || TOŻSAMOŚĆ: Mocna. ""Czerniel"" to nazwisko unikatowe - w całym pliku PKW (1991-2024) występuje dokładnie jedna osoba o tym nazwisku, Sławomir, ur. 1969, mieszkająca w gminie Ujście w powiecie pilskim. Profil rejestr.io/osoby/498542 jest kluczowany PESEL-em (ur. 31 lipca, PESEL 6xx, czyli rocznik 196x) i zawiera "
105,Ryszard Nowak,skip,"[none] none found. Jedyny udokumentowany kanał to powołanie przez Radę Mediów Narodowych - organ ustawowy, w którym zasiadają Wojciech Król (przewodniczący, Koalicja Obywatelska), Robert Kwiatkowski i Marek Rutka (środowiska lewicy) oraz Joanna Lichocka i Piotr Babinetz (PiS). O tej samej turze nominacji przewodniczący RMN powiedział wprost: ""Nikt z nich nie należy do partii politycznych"". Żadnej funkcji partyjnej, członkostwa, mandatu, kandydatury ani więzi rodzinnej nie udało się ustalić - a wszystkie kandydatury i wszystkie inne zatrudnienia na tej stronie należą do innych ludzi (patrz identity_check). | ŹRÓDŁO: https://www.gazetaprawna.pl/wiadomosci/kraj/artykuly/10628947,rmn-odwoluje-rady-nadzorcze-11-regionalnych-rozglosni-radiowych.html (21.01.2026 - podaje, że skład RN Radia Wrocław: Paweł Matyja i Ryszard Nowak, powołany 11 sierpnia 2025); https://radio.lublin.pl/2025/07/jest-nowa-rada-nadzorcza-radia-lublin/ (11.07.2025 - cytat ""Nikt z nich nie należy do partii politycznych""); https://www.wirtualnemedia.pl/rada-mediow-narodowych-wybierze-rady-nadzorcze-radia-lublin-radia-katowice-i-radia-wroclaw,7179291967871105a (26.06.2025 - skład RMN)","Jedno prawdziwe, i jest aktualne: RN Radia Wrocław. Żywy KRS OdpisAktualny stan z 22.06.2026 wymienia ""R****** N****"" jako jednego z trzech członków RN (obok ""P**** M*****"" i ""P**** C**********""), a styczniowa czystka RMN z 21.01.2026 objęła jedenaście rozgłośni - Gdańsk, Białystok, Radio Dla Ciebie, Kielce, Koszalin, Kraków, Łódź, Opole, Rzeszów, Szczecin i Zieloną Górę - i NIE objęła Wrocławia. Nie jest to rada społeczna, trap 1 nie występuje. Drugie zatrudnienie z eksportu, Cech Rzemiosł Różnych w Śremie (KRS 0000009949, zarząd 26.04.2001-09.11.2017), jest cudze - i tak nie byłoby stanowiskiem publicznym (public: false, cech rzemieślniczy).","verdict=skip || TEZA: Rada nadzorcza rozgłośni w likwidacji z nominacji Rady Mediów Narodowych - ale strona w obecnym kształcie skleja co najmniej dwie różne osoby || UWAGA: NIE PUBLIKOWAĆ w obecnym kształcie - to jest przypadek sklejenia imienników (trap 4) i strona twierdzi nieprawdę. Działanie dla operatora: (1) odpiąć od tego węzła zatrudnienie w Cechu Rzemiosł Różnych w Śremie 2001-2017; (2) odpiąć wszystkie siedem kandydatur; (3) NIE dopisywać deklaracji PSL z pliku pkw_membership - należy do innej osoby; (4) jeśli węzeł ma zostać, sprowadzić go do jednego faktu: fotel w RN Radia Wrocław S.A. w likwidacji z nominacji RMN z 11.08.2025 - i wtedy i tak nie ma historii, bo RMN publicznie oświadczyła, że powołani nie należą do partii, a jedyne inne powiązanie to prywatna, pięcioosobowa spółka rodzinna KL3N. Jeśli ktoś chciałby ten wątek ciągnąć, jedyne sensowne miejsce to protokół posiedzenia RMN z 8 lipca i 11 sierpnia 2025 (przesłuchania kandydatów) - tam byłyby życiorysy i to, kto go zgłosił. || TOŻSAMOŚĆ: SŁABA - i to jest główny wynik dla tej pozycji. Profil rejestr.io/osoby/1051272, kluczowany PESEL-em, ma dokładnie trzy powiązania w całej historii: członkostwo w organie nadzoru Radia Wrocław od 21.10.2025 oraz prezesurę i udziały w KL3N sp. z o.o. od 16.01.2006. Nie ma tam Cechu Rzemiosł Różnych w"
106,Marek Bielecki,maybe,"[candidacy-only] Kandydat KKW Trzecia Droga PSL-PL2050 Szymona Hołowni do Rady Powiatu Golubsko-Dobrzyńskiego w 2024 r. (okr. 3, lista 3, poz. 7, 19 głosów, bez mandatu); wcześniej kandydat KW Platforma Obywatelska RP do tej samej rady w 2010 r. i KWW Wspólny Powiat w 2014 r. | ŹRÓDŁO: PKW, wybory samorządowe 2024, plik kandydaci_rady_powiatow_utf8.csv: 'BIELECKI Marek', Rada Powiatu Golubsko-Dobrzyńskiego, KKW TRZECIA DROGA PSL-PL2050 SZYMONA HOŁOWNI, wiek 59, m. Golub-Dobrzyń (TERYT 040501), 19 głosów, mandat: Nie. Wcześniejsze kandydatury: PKW person_pkw (2010 KOMITET WYBORCZY PLATFORMA OBYWATELSKA RP, teryt 040500, candidacy_success FALSE; 2014 KWW Wspólny Powiat, teryt 040500).","Jeden i tylko jeden: PEC Golub-Dobrzyń (KRS 0000147588), Zarząd/prezes, od 20.10.2025. Trap 2 sprawdzony — OdpisAktualny stan na 26.03.2026 (ostatni wpis 66 z 26.03.2026) nadal go pokazuje jako prezesa, wpis 60 bez wykreślenia. Trap 1 nie dotyczy: organ nadzoru spółki to RADA NADZORCZA, a jego funkcja jest w zarządzie, nie w radzie społecznej.","verdict=maybe || TEZA: Prezes ciepłowni w Golubiu-Dobrzyniu od 20.10.2025, trzeci szef spółki w ciągu roku po wyborach 2024 — ale ślad polityczny to tylko 19 głosów na liście Trzeciej Drogi || UWAGA: Nazwisko Bielecki jest pospolite (340 osób w PKW ogólnopolsko) — plik family_leads.json podpowiadał 'krewnych' z Warszawy i Wawra, to szum grupowania, nie trop rodzinny. Nie ma podstaw, by pisać o powiązaniu z burmistrz Piotrowską: startowała z własnego komitetu i deklaruje bezpartyjność. 19 głosów na 6093 ważnych w okręgu to kandydat wypełniający listę — nie wolno tego przedstawiać jako 'działacz Trzeciej Drogi'. || TOŻSAMOŚĆ: Mocna. Oświadczenie majątkowe złożone 28.04.2026 do BIP UM Golubia-Dobrzynia (publikacja 2026-08-04, https://bip.golub-dobrzyn.pl/plik,10642,marek-bielecki-pdf.pdf): 'Ja, niżej podpisany, Marek Bielecki, urodzony 3.07.1965 r. w Toruniu (...) Przedsiębiorstwo Energetyki Cieplnej Sp. z o.o. w Golubiu-"
107,Wacław Szary,publish,"[elected-office] Radny Rady Powiatu Strzyżowskiego z list Prawa i Sprawiedliwości (kadencje 2006-2010 i 2010-2014); kandydat KW Prawo i Sprawiedliwość do Sejmiku Województwa Podkarpackiego w 2014 i 2024 r. (2024: okr. 2, lista 1, poz. 8, 3969 głosów) | ŹRÓDŁO: BIP Starostwa Powiatowego w Strzyżowie, pozycja 'Kolejny sukces firmy Pana Wacława Szarego – radnego Rady Powiatu w Strzyżowie' z 2009-09-30 (https://www.bip.strzyzowski.pl/index.php?page=position.php&id=874&under=44) — nazywa go wprost radnym Rady Powiatu i prezesem Elektra Sp. z o.o. ze Strzyżowa; tenże BIP publikuje 'Szary Wacław' w dziale 'Oświadczenia majątkowe na koniec kadencji 2010-2014'. PKW: 2010 KW Prawo i Sprawiedliwość, rada powiatu strzyżowskiego (teryt 181900), candidacy_success TRUE; PKW 2024 kandydaci_sejmiki_wojewodztw_utf8.csv: 'SZARY Wacław Wojciech', Sejmik Województwa Podkarpackiego, KW PRAWO I SPRAWIEDLIWOŚĆ, okr. 2, lista 1, poz. 8, wiek 56, gm. Strzyżów, 3969 głosów, mandat: Nie.","Dwa i oba są bieżące. Uzdrowisko Rymanów S.A. — RN od 19.10.2018, potwierdzone w OdpisPelny (wpis 49, brak wykreślenia) i OdpisAktualny stan na 12.05.2026. PGKiM Strzyżów — RN od 16.10.2025, wpis 63 bez wykreślenia, OdpisAktualny stan na 17.08.2026. Trap 1: w obu spółkach organ nazywa się RADA NADZORCZA, w artefakcie company_krs supervisory_organ = rada_nadzorcza — mimo kategorii 'szpitale' przy Uzdrowisku to NIE jest rada społeczna SPZOZ, spółka jest S.A. Trap 2: żaden z wpisów nie jest zdublowany, epizod 'Zarząd' 04.10–24.11.2022 jest w eksporcie poprawnie domknięty.","verdict=publish || TEZA: Dwukrotny radny powiatu z listy PiS i kandydat PiS do sejmiku siedzi od października 2018 w radzie nadzorczej Uzdrowiska Rymanów — spółki w 100% należącej do województwa podkarpackiego rządzonego przez PiS — a w 2022 przez trzy tygodnie pełnił w niej obowiązki prezesa || UWAGA: Nie pisać, że był 'prezesem Uzdrowiska Rymanów' — był członkiem RN delegowanym do czasowego pełnienia obowiązków prezesa przez ok. trzy tygodnie w październiku 2022; taką formułą trzeba to opisać. Nie pisać też, że jest radnym sejmiku: w 2014 i 2024 startował i nie uzyskał mandatu (nie występuje w składzie sejmiku). Warto uczciwie odnotować, że jest czynnym menedżerem branży IT (Sagitum, Movie Games, DataConsult), co jest realną kwalifikacją do rady nadzorczej — historia jest o polityce nawiązania, nie o braku kompetencji. || TOŻSAMOŚĆ: Mocna, oparta na trzech niezależnych punktach. (1) KRS podaje w obu spółkach S**** / W***** W******* z PESEL na '6', czyli dwa imiona Wacław Wojciech i rocznik lat 60. (2) rejestr.io/osoby/1195095 prowadzi jedną stronę osoby 'Wacław Wojciech Szary, ur. 30 lipca' (jeden PESEL) obejmującą PGKiM Strzyż"
108,Władysław Kocaj,publish,"[party-membership] Członek Polskiego Stronnictwa Ludowego (deklaracja PKW, wybory do Sejmu 2019, okręg 37 Konin, lista KW PSL, poz. 4: 'członek partii politycznej: Polskie Stronnictwo Ludowe'); wicestarosta koniński i przewodniczący Koalicyjnego Klubu Radnych PSL-KO w Radzie Powiatu Konińskiego, kadencja 2024-2029 | ŹRÓDŁO: PKW, wybory do Sejmu 2019, plik kandydaci_sejm.csv: okręg 37 (Konin), lista nr 1 KOMITET WYBORCZY POLSKIE STRONNICTWO LUDOWE, poz. 4, 'KOCAJ Władysław', zawód: urzędnik samorządowy, zam. Lubomyśle, gm. Ślesin, kolumna 'Przynależność do partii': 'członek partii politycznej: Polskie Stronnictwo Ludowe', 1462 głosy, mandat: Nie. Funkcje bieżące: https://www.powiat.konin.pl/radni-powiatu-koninskiego ('Władysław Kocaj – Wicestarosta Koniński'), https://www.powiat.konin.pl/zarzad-powiatu-koninskiego oraz https://bip2.wokiss.pl/koninp/bip/powiat-i-wladze-powiatu/organy-powiatu/rada-powiatu/kluby-radnych.html (Koalicyjny Klub Radnych PSL-KO, 6 radnych, przewodniczący: Władysław Kocaj).","Jedno bieżące: PGK Wierzbinek, rada nadzorcza od 16.10.2025 — potwierdzone w OdpisPelny (wpis 45 bez wykreślenia) i OdpisAktualny stan na 06.07.2026. Historyczne: prezes zarządu tej samej spółki 27.03.2013–21.01.2015 (w eksporcie poprawnie domknięte). Trap 1: organ to RADA NADZORCZA spółki z o.o., nie rada społeczna. Trap 2: brak zdublowanej krawędzi. Uwaga osobna: funkcja wicestarosty to urząd publiczny, nie posada w spółce — nie liczyć jej do 'kumulacji stanowisk w spółkach', ale opisać, bo to ona jest sednem historii.","verdict=publish || TEZA: Wicestarosta koniński i szef klubu PSL-KO wrócił w październiku 2025 do spółki gminy Wierzbinek, którą sam kierował jako prezes w latach 2013-2015 — tym razem do jej rady nadzorczej, choć mieszka w innej gminie || UWAGA: Nazwisko rzadkie (26 osób w PKW w skali kraju), więc trop rodzinny z family_leads.json — Krzysztof Kocaj, ur. 1962, ten sam powiat, kandydatury 1998 z listy PSL-UP-KPEiR, 2002 SLD-UP, 2006 LiD — jest wiarygodny, ale NIEZWERYFIKOWANY: nie znalazłem żadnej publikacji stwierdzającej pokrewieństwo. Nie drukować. Druga uwaga: mandat w RN spółki komunalnej innej gminy nie jest sam w sobie złamaniem ustawy antykorupcyjnej (art. 6 dopuszcza zgłoszenie przez jednostkę samorządu terytorialnego) — nie sugerować bezprawności, tylko opisać fakt i kolejność zdarzeń. || TOŻSAMOŚĆ: Mocna. W całym pliku PKW (1991-2024) występuje dokładnie jeden Władysław Kocaj: rocznik 1957, powiat koniński, kandydatury 1998, 2002, 2010, 2014, 2018, 2024 plus Sejm 2015 i 2019. KRS maskuje 'K****' / 'W********' z PESEL na '5' (rocznik lat 50.), rejestr.io/osoby/725929 podaje 'ur. 11 kwietnia'; P"
109,Andrzej Żeligowski,publish,"[elected-office] Wiceprzewodniczący Rady Miejskiej w Pabianicach kadencji 2018-2024, wybrany z KWW Koalicja dla Pabianic Grzegorza Mackiewicza (lista 16, poz. 2, 513 głosów); w 2024 r. ponownie kandydował z komitetu prezydenta miasta — KWW Koalicja dla Pabianic G. Mackiewicza (lista 18, poz. 4, 155 głosów), bez mandatu | ŹRÓDŁO: BIP Urzędu Miejskiego w Pabianicach, 'Radni Rady Miejskiej VIII kadencji (2018 - 2024 r.)', https://bip.um.pabianice.pl/artykul/1153/13991/archiwum (data wytworzenia 20.11.2018): pozycja 'Żeligowski Andrzej - Wiceprzewodniczący Rady Miejskiej'. PKW 2018, plik 2018-radni.xlsx: ŻELIGOWSKI Andrzej, Pabianice m., KWW KOALICJA DLA PABIANIC GRZEGORZA MACKIEWICZA, lista 16, poz. 2, 513 głosów. PKW 2024, kandydaci_rady_gmin_powyzej_20k_utf8.csv: ŻELIGOWSKI Andrzej, wiek 78, Rada Miejska w Pabianicach, KWW KOALICJA DLA PABIANIC G.MACKIEWICZA, lista 18, poz. 4, 155 głosów, mandat: Nie.","Trzy w historii, ale TYLKO JEDNO bieżące. Bieżące: ZEC Pabianice (KRS 0000252860), RN od 16.10.2025 — wpis 70 bez wykreślenia, OdpisAktualny stan na 01.06.2026. Zakończone: MPK w Sieradzu (KRS 0000127796, 100% Gmina Miasto Sieradz), RN wpis 71 z 26.05.2023 WYKREŚLONY wpisem 86 z 23.02.2026 — TRAP 2 POTWIERDZONY: eksport ma na tę samą spółkę dwie krawędzie o tej samej dacie startu, jedną domkniętą 2026-02-23 i jedną otwartą; otwarta jest błędna, w aktualnym odpisie (stan 24.06.2026) Żeligowskiego w radzie nie ma, a rejestr.io/osoby/292501 pokazuje 'Aktualne 1'. Zakończone: PGKiM w Łęczycy (KRS 0000078200), RN 22.09.2016–16.02.2018; oraz pierwsza kadencja w ZEC Pabianice 14.03.2006–26.04.2007. Trap 1: wszystkie trzy to RADA NADZORCZA spółki z o.o., żadna rada społeczna.","verdict=publish || TEZA: Wiceprzewodniczący rady miejskiej Pabianic z listy prezydenta Mackiewicza stracił mandat w 2024 — a półtora roku później, 16.10.2025, wszedł do rady nadzorczej miejskiej ciepłowni należącej w 100% do gminy, którą ten prezydent zarządza || UWAGA: Absolutnie nie drukować MPK Sieradz jako stanowiska bieżącego — został wykreślony 23.02.2026, a eksport twierdzi inaczej. Nie nazywać go 'radnym': od kwietnia 2024 nim nie jest, przegrał (155 głosów). Nie przypisywać mu członkostwa w PiS — kandydował z list PiS w 2006, 2010 i 2014, ale PKW nie odnotowuje deklaracji przynależności partyjnej, a od 2018 startuje z lokalnego komitetu prezydenta. Wiek (79/80) warto podać rzeczowo, bez komentarza. || TOŻSAMOŚĆ: Mocna. BIP Pabianic wymienia 'Żeligowski Andrzej' jako wiceprzewodniczącego rady miejskiej 2018-2024; PKW 2018 i 2024 podają Andrzeja Żeligowskiego zamieszkałego w m. Pabianice (TERYT 100802), wiek 71 w 2018 i 78 w 2024; KRS w ZEC Pabianice maskuje 'Ż*********' / 'A******' z PESEL na '4' (rocznik la"
110,Błażej Cisowski,publish,"[elected-office] Radny Rady Powiatu Obornickiego, wybrany w 2024 r. z listy KKW Trzecia Droga PSL-PL2050 Szymona Hołowni (okr. 2, lista 3, poz. 4, 524 głosy, mandat uzyskany), członek Komisji Gospodarki i Rozwoju; w kadencji 2018-2024 również radny powiatu, kandydat KW Polskie Stronnictwo Ludowe (okr. 2, poz. 3, 519 głosów). Ponadto sekretarz Towarzystwa im. Stanisława Mikołajczyka (wpis w KRS od 6.10.2022). | ŹRÓDŁO: https://powiatobornicki.pl/rada-powiatu/ — skład Rady Powiatu Obornickiego kadencji 2024-2029 zawiera Błażeja Cisowskiego (Komisja Gospodarki i Rozwoju). PKW 2024, kandydaci_rady_powiatow_utf8.csv: 'CISOWSKI Błażej', Rada Powiatu Obornickiego, KKW TRZECIA DROGA PSL-PL2050 SZYMONA HOŁOWNI, wiek 41, Parkowo, gm. Rogoźno (TERYT 301602), 524 głosy, 'Czy uzyskał mandat: Tak'. PKW 2018, 2018-radni.xlsx: CISOWSKI Błażej, powiat obornicki, KOMITET WYBORCZY POLSKIE STRONNICTWO LUDOWE, lista 2, poz. 3, 519 głosów. BIP Powiatu Obornickiego publikuje 'oświadczenie majątkowe radnego Błażeja Cisowskiego na koniec kadencji' w dziale 'Oświadczenia majątkowe radnych na koniec VI Kadencji' (https://bip.powiatobornicki.pl/artykul/oswiadczenia-majatkowe-radnych-na-koniec-vi-kadencji) — dowód, że był radnym także w latach 2018-2024. Funkcja w Towarzystwie: rejestr.io/osoby/1198730.","Dwa, oba bieżące. ZUK Piaski — RN od 14.05.2025, wpis 47 bez wykreślenia, OdpisAktualny stan na 26.06.2026 (ostatni wpis 58). PGK Czempiń — RN od 14.10.2025, wpis 40 bez wykreślenia, OdpisAktualny stan na 30.06.2026 (ostatni wpis 46). Trap 2 sprawdzony w obu przypadkach — żywy rejestr potwierdza. Trap 1: w obu spółkach organ nadzoru to RADA NADZORCZA spółki z o.o. (company_krs: supervisory_organ = rada_nadzorcza), żadna rada społeczna.","verdict=publish || TEZA: Radny powiatu obornickiego z listy PSL/Trzeciej Drogi w 2025 r. zebrał dwie rady nadzorcze spółek komunalnych — w Piaskach (maj) i w Czempiniu (październik) — w dwóch innych powiatach, 70-100 km od swojej gminy || UWAGA: Nie sugerować, że powołali go politycy PSL: ani wójt Piask (Dariusz Naskręt, KWW Dariusza Naskręta), ani burmistrz Czempinia (Konrad Malicki, KW Stowarzyszenia Aktywny Samorząd) nie deklarują w PKW przynależności partyjnej. Historia to kumulacja i geografia, nie udowodniona nominacja partyjna. Powiązania Towarzystwa im. Stanisława Mikołajczyka z PSL są tylko domysłem z patrona (Mikołajczyk był prezesem PSL, Towarzystwo od 1994 zabiegało o jego poznański pomnik — pl.wikipedia.org/wiki/Pomnik_Stanisława_Mikołajczyka_w_Poznaniu); nie udało mi się ustalić KRS ani składu władz Towarzystwa, więc funkcję sekretarza drukować jako fakt z KRS, a afiliację partyjną organizacji zostawić jako niezweryfikowaną. Oświadczenia majątkowe Cisowskiego w BIP powiatu obornickiego to skany bez warstwy tekstowej — nie dało się z nich odczytać wynagrodzeń z rad nadzorczych. || TOŻSAMOŚĆ: Mocna mimo dużej odległości między miejscem zamieszkania a spółkami. W całym pliku PKW (1991-2024) jest DOKŁADNIE JEDEN Błażej Cisowski: rocznik 1983/84, Parkowo, gm. Rogoźno, powiat obornicki, kandydatury 2014, 2018 i 2024. Ta sama osoba w KRS: rejestr.io/osoby/1198730 ('ur. 5 lutego', jeden PESEL)"
111,Wioletta Deptuch,publish,"[candidacy-only] Dwukrotna kandydatka KW Bezpartyjni Samorządowcy: Sejm 2023 (okr. 31, poz. 13, 231 głosów, przegrana) i Rada Miejska Wrocławia 2024 (okr. 4, poz. 3, przegrana); zawodowo Dyrektor Wydziału Promocji Województwa w Urzędzie Marszałkowskim Woj. Dolnośląskiego - urzędzie rządzonym przez BS (razem z PSL) od ponad dekady | ŹRÓDŁO: https://sejmsenat2023.pkw.gov.pl/sejmsenat2023/pl/sejm/kandydat/29616/31/2752687 (Sejm 2023, KW Bezpartyjni Samorządowcy, 231 głosów); https://www.wnp.pl/parlamentarny/osoba/wioletta-deptuch,197583.html; Rada Miejska Wrocławia 2024 okr.4 poz.3 KW Bezpartyjni Samorządowcy (portalsamorzadowy.pl/osoba/wioletta-deptuch); https://inwdo.pl/inwestycje-dolnoslaskie/ (spółka powołana uchwałą Sejmiku Woj. Dolnośląskiego)","1 aktualna posada (RN Inwestycje Dolnośląskie od 2025-10-14, potwierdzona żywym odpisem KRS). Brak rady społecznej w grze.","verdict=publish || TEZA: Dwukrotna kandydatka Bezpartyjnych Samorządowców, urzędniczka marszałka, w radzie nadzorczej spółki-córki własnego województwa || UWAGA: Obie kandydatury przegrane - to sam w sobie słaby sygnał; teza opiera się na połączeniu kandydatur BS ze stanowiskiem w UMWD i powołaniem do spółki-córki tego samego urzędu. Nie potwierdzono wprost (statutem/prasą), że to Zarząd Województwa formalnie powołuje RN tej spółki - to rozsądne, ale niezweryfikowane założenie. || TOŻSAMOŚĆ: Wysoka pewność: rzadkie nazwisko (29 osób w PKW ogólnopolsko), teryt kandydatur (0264 Wrocław/24 dolnośląskie) zgodny z lokalizacją spółki i stanowiskiem urzędniczym; inicjały w żywym odpisie KRS zgodne."
112,Beata Macura,ODRZUCONE,"[party-office] Pełnomocnik Ogólnopolskiej Federacji ""Bezpartyjni i Samorządowcy"" w województwie śląskim; radna i Członkini Zarządu Powiatu Cieszyńskiego (od 2024, z listy KW Stowarzyszenie ""Bezpartyjni Samorządowcy"", 700 głosów, 7,38% - trzecia kadencja radnej powiatowej) | ŹRÓDŁO: https://bezpartyjnisamorzadowcy.pl/liderzy-bezpartyjnych/beata-macura/ (tytuł pełnomocnik woj. śląskiego BS - potwierdzony przez podsumowanie wyszukiwarki; bezpośredni fetch strony nie powiódł się, DNS timeout); https://www.portalsamorzadowy.pl/osoba/beata-macura,804.html; https://www.powiat.cieszyn.pl/aktualnosci/czlonkowie-zarzadu-podzielili-miedzy-siebie-zadania; https://bip.powiat.cieszyn.pl/oswiadczenie-majatkowe/20826/macura-beata-vii-kadencja","1 aktualna posada (RN PKM Katowice od 2025-10-10, potwierdzona żywym odpisem KRS). Brak rady społecznej.","verdict=publish || ODRZUCONE PRZEZ WERYFIKATORA: Do not publish the PKM Katowice connection as stated. What holds up on sources actually opened: Beata Macura is radna and Członkini Zarządu Powiatu Cieszyńskiego since the board formed 7 May 2024 (KW Stowarzyszenie ""Bezpartyjni Samorządowcy"", 700 votes/7.38%, district 5) — confirmed via portalsamorzadowy.pl/osoba/beata-macura,804.html and powiat.cieszyn.pl/aktualnosci/czlonkowie-zarzadu-podzielili || TEZA: Śląska liderka partii Bezpartyjni Samorządowcy i członkini zarządu powiatu cieszyńskiego trafia do rady nadzorczej PKM Katowice || UWAGA: Nie udało się bezpośrednio wczytać strony bezpartyjnisamorzadowcy.pl (błąd DNS przy WebFetch) - tytuł 'pełnomocnik woj. śląskiego' pochodzi z podsumowania wyszukiwarki, nie z odczytanej treści strony; warto ponowić próbę przed publikacją, choć inne źródła (portalsamorzadowy) niezależnie potwierdzają jej rolę lidera BS. || TOŻSAMOŚĆ: Wysoka pewność: żywy odpis KRS pokazuje 'Macura Beata' w składzie RN; niezależne źródła (portalsamorzadowy, BIP powiatu, esesja.pl) opisują tę samą osobę jako radną/członkinię zarządu powiatu cieszyńskiego z ciągłą, spójną biografią."
113,Katarzyna Wróblewska,maybe,"[elected-office] Wygrana kandydatura do rady gminy Borzytuchom (pow. bytowski, woj. pomorskie) w 2024 r. z lokalnego, niepartyjnego komitetu KWW ""Razem dla Gminy Borzytuchom"" (candidacy_success=TRUE wg wewnętrznych danych PKW projektu) | ŹRÓDŁO: Dane wewnętrzne projektu: people_enriched.jsonl (join PKW-KRS po imieniu/nazwisku/roku urodzenia/teryt) - rekord: teryt_wojewodztwo 22 / teryt_powiat 2201, KWW RAZEM DLA GMINY BORZYTUCHOM, rok 2024, candidacy_success=TRUE, employed_krs 0000478929 od 2025-10-09. Próby dotarcia do niezależnego publicznego potwierdzenia (BIP/portal posiedzeń gminy Borzytuchom) nie powiodły się - strona jest w całości renderowana przez JS i niedostępna dostępnymi narzędziami.","1 aktualna posada (RN Kopalnia Soli Bochnia od 2025-10-09, potwierdzona żywym odpisem KRS). Brak rady społecznej.","verdict=maybe || TEZA: Radna małej gminy Borzytuchom (woj. pomorskie) w radzie nadzorczej państwowej Kopalni Soli Bochnia - 500 km od domu || UWAGA: Sprawdzić przed publikacją: (1) potwierdzić na BIP/w protokołach rady gminy Borzytuchom, że Katarzyna Wróblewska (w odpowiednim roczniku) zasiada w radzie 2024-2029 (strona JS-owa - potrzebne narzędzie z obsługą JS lub kontakt z urzędem gminy); (2) ustalić, kto/jaka partia rekomendowała ją do RN spółki Skarbu Państwa - lokalny komitet nie deklaruje przynależności partyjnej, więc powiązanie polityczne ponad samą kandydaturą jest nieznane; (3) wykluczyć inną Katarzynę Wróblewską o zbliżonym roku urodzenia. || TOŻSAMOŚĆ: Średnia/słaba pewność: dopasowanie oparte wyłącznie na wewnętrznym joinie projektu (imię+nazwisko+rok urodzenia+teryt), bez niezależnego trzeciego źródła potwierdzającego, że radna gminy Borzytuchom i członkini RN kopalni to ta sama osoba. Nazwisko jest pospolite, co podnosi ryzyko namesake; nie zna"
114,Marcin Pasik,ODRZUCONE,"[elected-office] Radny Rady Powiatu Sokołowskiego od maja 2024, wybrany z Koalicyjnego Komitetu Wyborczego Trzecia Droga Polska 2050 Szymona Hołowni - PSL (okręg 2, 301 głosów, 6,76%), przewodniczący Komisji Budżetu, Finansów, Infrastruktury Technicznej i Rozwoju Gospodarczego; wcześniej dwukrotnie wójt gminy Sokołów Podlaski (2010-2018, własny komitet ""Wyborcy Marcina Pasika"") | ŹRÓDŁO: https://www.portalsamorzadowy.pl/osoba/marcin-pasik,774.html; https://powiatsokolowski.esesja.pl/radny/130945/marcinapasik.htm; https://sokolowpodl.pl/2025/10/marcin-pasik-nowym-prezesem-puik/; https://zyciesokolowa.pl/artykul/wojewoda-wygasil-mandat-n2273146; https://zyciesokolowa.pl/artykul/wojewoda-zada-wygaszenia-n2247226","1 aktualna posada (Prezes Zarządu PUIK Sokołów Podlaski od X 2025, potwierdzona żywym odpisem KRS). Brak rady społecznej - to zarząd, nie RN.","verdict=publish || ODRZUCONE PRZEZ WERYFIKATORA: Publish the councillor/company facts, but the headline and REASON as drafted contain a false central claim that must be removed before publication: ""spółkę, którą kiedyś nadzorował jako wójt"" is not true. PUIK Sokołów Podlaski (KRS 0000175242) is, and per the KRS ""sposobPowstaniaPodmiotu"" clause has been since a 1991 Rada Miejska resolution, wholly owned by MIASTO Sokołów Podlaski (the city/urban  || TEZA: Radny powiatowy Trzeciej Drogi zostaje prezesem gminnej spółki, którą kiedyś nadzorował jako wójt - wojewoda uznał to za niezgodne z prawem || UWAGA: Sprawa wygaszenia mandatu radnego jest w toku odwołania - jego status jako radnego może się zmienić po dacie tego researchu; warto zaktualizować przed publikacją. || TOŻSAMOŚĆ: Bardzo wysoka pewność: obszerna, zindywidualizowana prasa lokalna śledząca dokładnie tę osobę przez kilkanaście miesięcy (kadencja wójta, wybór do rady powiatu, powołanie na prezesa, spór o wygaszenie mandatu), spójna biografia (Sokołów Podlaski, geodezja, ARiMR)."
115,Paweł Odolecki,publish,"[elected-office] Radny i wiceprzewodniczący Rady Miasta Ełku w kadencji 2014-2018, wybrany z listy Komitetu Wyborczego Prawo i Sprawiedliwość, członek klubu ""Lepsze Jutro"" (2 radnych PiS + 2 SLD); w 2018 r. kandydował ponownie z lokalnego komitetu KWW ""Dobro Wspólne"" - osobistego komitetu Marka Chojnowskiego, wieloletniego starosty ełckiego | ŹRÓDŁO: https://ro.com.pl/elccy-radni-podjeli-kolejne-decyzje/01174028 (skład klubu Lepsze Jutro, wiceprzewodniczący 2014-2018); dane pipeline people_enriched.jsonl (kandydatury 2014 KW PiS i 2018 KWW Dobro Wspólne, teryt 2805 Ełk); https://api-krs.ms.gov.pl/api/krs/OdpisAktualny/0000026179 (żywy odpis KRS, Odolecki=przewodniczący, Chojnowski=wiceprzewodniczący)","1 aktualna posada (Przewodniczący RN PRO-MEDICA w Ełku od 2025-10-07, potwierdzona) + 1 zakończona (RN PWiK Ełk 2019-2025, poprawnie zamknięta w żywym odpisie). Brak rady społecznej.","verdict=publish || TEZA: Adwokat z byłej PiS-owskiej rady miasta zostaje przewodniczącym RN miejskiego szpitala - obok starosty, na którego komitecie kiedyś kandydował || UWAGA: Nie potwierdzono, czy kandydatura 2018 na komitecie Dobro Wspólne dotyczyła rady miasta czy rady powiatu (teryt w danych pipeline jest tylko na poziomie powiatu). Nie ustalono, czy Odolecki jest obecnie (kadencja 2024-2029) nadal radnym miasta - obecni wiceprzewodniczący rady są inni, więc prawdopodobnie NIE jest już radnym; connection opiera się na jego historii wyborczej i sieci powiązań z 2014-2018, nie na aktualnym mandacie. || TOŻSAMOŚĆ: Wysoka pewność: nazwisko rzadkie, znany lokalny adwokat w Ełku od lat (kancelaria adwokacka pod tym samym nazwiskiem i miastem), ciągła obecność w radach nadzorczych spółek miejskich od 2019 potwierdzona żywym odpisem KRS w obu przypadkach (obecny skład PRO-MEDICA i brak w obecnym składzie PWiK)."
116,Robert Rozmysłowicz,publish,"[party-office] Członkostwo w PSL potwierdzone wprost przez prasę (Gazeta Olsztyńska, 08.04.2024: ""drugi jest członkiem PSL""); prezes Zarządu Powiatowego PSL w Lidzbarku Warmińskim do ok. czerwca 2025 (wg wyszukiwania, niepotwierdzone bezpośrednio); kandydat PSL/Trzeciej Drogi na wójta gminy Kiwity 2018 i 2024 (II tura 42,96%); radny powiatu lidzbarskiego (V kadencja) i zastępca wójta gminy Kiwity z nadania wójta (Zarządzenie nr 39/19 z 25.06.2019) | ŹRÓDŁO: Gazeta Olsztyńska, ""Jacek Wiśniowski wygrywa w pierwszej turze"", 08.04.2024, https://gazetaolsztynska.pl/lidzbarkwarminski/1037473,Jacek-Wisniowski-wygrywa-w-pierwszej-turze.html (fetched directly); PKW person_pkw candidate dataset (candidacies 2010/2014/2018/2024, teryt gm. Kiwity/pow. lidzbarski); PSL powiat-chairmanship detail via WebSearch summary only, not independently opened","One current post: Rada Nadzorcza, ABK Lidzbark Warmiński, KRS 0000108539, since 30.09.2025, live-confirmed. No rada spoleczna involved.","verdict=publish || TEZA: PSL county chairman and repeat Kiwity candidate, now on a municipal housing company's supervisory board || UWAGA: The 'stepped down as PSL powiat chairman, ~June 2025' detail came only from a WebSearch AI summary — verify with a primary article before publishing that specific sentence. A same-surname, same-powiat family lead (Roman Rozmysłowicz b.1950, Maciej Rozmysłowicz b.1994, both PSL-aligned) is unconfirmed and not used as the cited connection. || TOŻSAMOŚĆ: Company (Lidzbark Warmiński) and all candidacies/appointments (gmina Kiwity, powiat lidzbarski) sit in the same small area; live KRS masked initials match; the press names him directly as a PSL member losing the same 2024 Kiwity runoff recorded in the batch's candidacies. Not a bare namesake match."
117,Andrzej Sabiniarz,publish,"[elected-office] Radny Rady Powiatu Chojnickiego wybrany w 2010 r. z listy KW Platforma Obywatelska RP (candidacy_success=TRUE, dane PKW); zadeklarowane członkostwo w Platformie Obywatelskiej RP przy zgłoszeniu kandydatury na burmistrza Czerska w 2018 r. (dane PKW, teryt 220204); przewodniczący Komisji Rolnictwa i Ochrony Środowiska Rady Powiatu Chojnickiego (protokoły sesji, co najmniej 2014-2017) | ŹRÓDŁO: PKW person_pkw candidate dataset (rows for 'Andrzej Sabiniarz'/'Andrzej Antoni Sabiniarz', elections 1998-2024, teryt 220200/220204); www.portalsamorzadowy.pl/powiat/chojnicki,143.html (fetched directly, confirms he is absent from the 2024-2029 council); BIP Powiatu Chojnickiego session-protocol references found via search but not independently opened","Current: Rada Nadzorcza, PUK Kaliska, since 30.09.2025, live-confirmed, genuine rada nadzorcza. Past (closed): Zarząd, ZZO Nowy Dwór, 2014-2022, live-confirmed closed.","verdict=publish || TEZA: Elected PO county councillor (2010-2018-ish, lost re-election in 2024), now on a water utility's supervisory board || UWAGA: He is NOT on the 2024-2029 powiat council (lost that race) — do not describe the county seat as current, only past. His civil-service job title and association presidency were found via WebSearch summaries only, not opened directly. || TOŻSAMOŚĆ: All PKW candidacies (1998-2024) cluster on the same two adjoining teryt codes (gmina Czersk / powiat chojnicki); both companies sit in the same corner of Pomorskie; live KRS masked initials match his name and 1970s birth decade; portalsamorzadowy's own bio page ties 'radny 2018-2023' and the ZZO Now"
118,Maciej Wyszyński,ODRZUCONE,"[elected-office] Radny m.st. Warszawy od 2006 r. (klub PO, później Koalicja Obywatelska), przewodniczący Komisji Rewizyjnej; w sierpniu 2026 r. zrezygnował z członkostwa w Koalicji Obywatelskiej po ultimatum prezydenta Trzaskowskiego (partia albo stanowisko w miejskiej spółce), by zachować miejsce w zarządzie MPO — cytat prasowy: 'były radny miasta Maciej Wyszyński (zostaje w zarządzie MPO)' | ŹRÓDŁO: warszawa.eska.pl, ""21 polityków KO opuszcza szeregi partii po ultimatum Trzaskowskiego..."", 03-05.08.2026, https://warszawa.eska.pl/21-politykow-ko-opuszcza-szeregi-partii-po-ultimatum-trzaskowskiego-ujawniamy-nazwiska-aa-GmzY-f6An-ZHpu.html (fetched directly); se.pl, ""21 działaczy Koalicji Obywatelskiej z Warszawy rezygnuje z członkostwa w partii..."", 05.08.2026, https://www.se.pl/warszawa/21-dzialaczy-koalicji-obywatelskiej-z-warszawy-rezygnuje-z-czlonkostwa-w-partii-znamy-nazwiska-aa-zMAK-w2HL-E7Z9.html (fetched directly); um.warszawa.pl official council bio page (fetched directly)","One current post: Członek Zarządu, MPO Warszawa, since 24.09.2025, live-confirmed via KRS API. Two rada spoleczna chairmanships (ZUSOK, SPZOZ Ursynów) exist but are correctly excluded as non-trough posts.","verdict=publish || ODRZUCONE PRZEZ WERYFIKATORA: Keep the underlying facts but drop the ""swapped his mandate for the board seat"" causal story — it is not supported and is contradicted by primary sources. Corrected connection: Maciej Wyszyński was radny m.st. Warszawy 2006-2024 (4 terms, PO/KO, Okręg 8 Ursynów-Wilanów; chaired Komisja Rewizyjna, also chaired two SPZOZ rady społeczne, ZUSOK and Warszawa-Ursynów — correctly excluded as non-trough). || TEZA: 18-year PO/KO Warsaw city councillor who quit the council for MPO's board, then quit the party to keep it || UWAGA: I did not find a dedicated article giving the exact date he resigned his council mandate; Polish law generally bars a sitting radny from also sitting on a city company's zarząd, so the Sept 2025 MPO appointment almost certainly forced the resignation, and the Aug 2026 press already calls him 'były radny' — but the precise resignation date is inferred, not directly sourced. || TOŻSAMOŚĆ: um.warszawa.pl's own biography and both 2026 party-resignation articles name him in full alongside the MPO board seat; live KRS composition matches his name exactly by masked letter-count. Not a namesake issue."
119,Hieronim Marszałek,ODRZUCONE,"[candidacy-only] Ośmiokrotny kandydat w latach 2002-2024 z ramienia PSL lub komitetów bezpośrednio powiązanych z PSL w okręgu krotoszyńskim, w tym do Sejmu w 2005 r. i do Senatu w 2007 r. z listy Komitetu Wyborczego Polskiego Stronnictwa Ludowego (nigdy nie wybrany) | ŹRÓDŁO: PKW person_pkw candidate dataset (8 rows for 'Hieronim Marszałek', elections 2002/2005/2006/2007/2010/2014/2018/2024, teryt 301200 pow. krotoszyński / '30' woj. wielkopolskie); rejestr.io/osoby/1061713/hieronim-marszalek and rejestr.io/krs/39691/poznanska-hodowla-roslin (both fetched directly)","One current, senior post: Prezes Zarządu, Poznańska Hodowla Roślin, since 24.09.2025, live-confirmed. No rada spoleczna involved (company has no supervisory organ).","verdict=publish || ODRZUCONE PRZEZ WERYFIKATORA: Refuted at check (f) — the central ""never elected"" claim is false, and it inverts the story's own logic. Multiple independent sources confirm Hieronim Marszałek WON a seat on the Rada Powiatu Krotoszyńskiego (Krotoszyn County Council) in the 2018 local elections, as a PSL candidate in Electoral District 1 (Miasto i Gmina Krotoszyn), with 377 votes, and served the full 2018-2023 term as one of PSL' || TEZA: 22 years, 8 losing PSL candidacies (incl. Sejm, Senat) — now CEO of a state-holding-owned seed company || UWAGA: He never won any of the 8 races and PKW's party_member field is blank for every row — the PSL tie rests on repeated official PSL-list candidacies (including national Sejm/Senat nominations), which is strong circumstantial evidence of affiliation but not a documented membership card. || TOŻSAMOŚĆ: All 8 PKW candidacies share the same teryt (krotoszyński) and birth year (1968); rejestr.io shows one continuous person record linking the Krotoszyn agribusiness/civic history to the Sept 2025 PHR appointment; live KRS masked initials match by exact letter count."
120,Adam Borysiewicz,maybe,"[candidacy-only] Dwukrotny kandydat na radnego (2014, 2018) z Komitetu Wyborczego Wyborców Rafaela Rokaszewicza — polityka będącego starostą głogowskim (2010-2014) i prezydentem Głogowa od grudnia 2014; w 2024 r. sam kandydował na Prezydenta Miasta Głogowa z ramienia KKW Trzecia Droga PSL-PL2050 Szymona Hołowni, przegrywając (dane PKW: candidacy_success=FALSE; zadeklarował 'nie należy do partii politycznej') | ŹRÓDŁO: PKW person_pkw candidate dataset (5 rows for 'Adam Borysiewicz', elections 2010/2014/2018/2024x2, teryt 020301, Głogów); pl.wikipedia.org/wiki/Rafael_Rokaszewicz (fetched directly, confirms Rokaszewicz's starosta/prezydent timeline); rejestr.io/osoby/2371828/adam-borysiewicz and rejestr.io/krs/57475/inova-centrum-innowacji-technicznych (both fetched directly)","One current post: Wiceprezes Zarządu, INOVA (Lubin), since 23.09.2025, live-confirmed. This is his only recorded relationship of any kind on rejestr.io.","verdict=maybe || TEZA: Repeat candidate on a future mayor's ticket, later his rival for the same job — now Wiceprezes at a KGHM subsidiary || UWAGA: No press coverage of the INOVA appointment itself was found — my WebSearch budget was exhausted mid-task and every search engine I tried to reach by direct curl (Bing, DuckDuckGo, Google) blocked or served generic/cached results, so I could not chase local Głogów/Lubin press. The political motive is inferred from timing and geography only. He declared NO party membership on his own PKW registration, and his tie to Rokaszewicz (2014/2018) is to a different, left-wing (SLD/Nowa Lewica) politician than the coalition he ran for himself in 2024 — real, but more circumstantial than the other four people in this batch. Before publishing: check Głogów/Lubin local press for the appointment announcement, and check whether he has an engineering/technical background that would independently explain a Wiceprezes seat at an 'innovation centre' company. || TOŻSAMOŚĆ: All 5 PKW candidacies share the same teryt (020301, Głogów) across 2010-2024; live KRS masked initials match by exact letter count. Birth year drifts 1977/1978 across PKW rows for different election years — ordinary PKW data-entry noise for a repeat candidate at the identical teryt each time, not ev"
121,Arkadiusz Ryszard Mieczyński,ODRZUCONE,"[elected-office] Radny Rady Powiatu Zielonogórskiego, wybrany z listy Koalicyjnego Komitetu Wyborczego Koalicja Obywatelska (okręg 3, 290 głosów, 6,48%), kadencja 2024-2029; wcześniej radny powiatu w kadencji 2018-2023 (też KO) | ŹRÓDŁO: https://www.portalsamorzadowy.pl/osoba/arkadiusz-mieczynski,157290.html (profil radnego, kadencja 2024-2029, KKW Koalicja Obywatelska); https://www.portalsamorzadowy.pl/miasto/zielona-gora,422.html","1 genuinely current-at-appointment public company post (RN Zielonogórskie Wodociągi, Sept 2025-Apr 2026, now ended — trap 2 confirmed via live KRS); no rada społeczna seats found for this person.","verdict=publish || ODRZUCONE PRZEZ WERYFIKATORA: REFUTE. The write-up fabricates a second elected term. Only ONE part of the claimed connection is real: the 2024 Rada Powiatu Zielonogórskiego win. The ""wcześniej radny powiatu w kadencji 2018-2023 (też KO)"" claim is false and must be dropped. (a) CITED SOURCE, 2024 term - PASSES. https://www.portalsamorzadowy.pl/osoba/arkadiusz-mieczynski,157290.html verified by direct fetch: ""Arkadiusz Ryszard M || TEZA: Sitting KO county councillor briefly sat on the city water company's board || UWAGA: The RN departure after 7 months is unexplained; WebSearch budget for this session was exhausted before it could be chased further. Treat the 2026-04-27 end date as confirmed-real (trap 2 verified) but the reason as unknown. || TOŻSAMOŚĆ: Strong — portalsamorzadowy.pl profile uses the identical three-part name ""Arkadiusz Ryszard Mieczyński"" for the sitting powiat radny, matching the batch record exactly; low collision risk given the specific middle name."
122,Bartłomiej Henryk Toszek,publish,"[party-membership] PKW-declared party membership: ""członek partii Polskie Stronnictwo Ludowe"" (declared on his 2011 Senate candidacy under Komitet Wyborczy Polskie Stronnictwo Ludowe); repeat PSL candidate 2007 Sejm, 2009 Europarlament, 2011 Senat; later publicly switched allegiance to Piotr Krzystek's Koalicja Samorządowa in Szczecin | ŹRÓDŁO: person_pkw dataset (versioned/person_pkw/person_pkw.jsonl), row: election_year 2011, election_type senatu, party ""Komitet Wyborczy Polskie Stronnictwo Ludowe"", party_member ""członek partii Polskie Stronnictwo Ludowe""; precomputed pkw_membership_111_280.json (namesake_risk: low, 1 distinct birth year); gs24.pl headline ""Profesor Bartłomiej Toszek wesprze Koalicję Samorządową i prezydenta Szczecina""","Currently 1 genuinely current public-company RN seat (ARMS, confirmed live via KRS); 1 recently-ended RN seat (ZUO, ~2 months, 2025); 1 rada społeczna seat correctly excluded per trap 1 (WOMP, ended 2025); plus a historic RN seat at Polskie Radio Szczecin 2011-2016.","verdict=publish || TEZA: PSL-declared politologist, now aligned with the mayor's list, sits on two Szczecin city boards || UWAGA: The specific 2-month ZUO Szczecin stint (May-July 2025) was not independently explained; the university CV (npb.usz.edu.pl) does not itself mention his PSL role, so the party tie rests on the PKW declaration plus press coverage of his political realignment, not on a self-published party biography. || TOŻSAMOŚĆ: Strong — live KRS lists the full name ""Toszek Bartłomiej Henryk"" verbatim on the current ARMS supervisory board, matching the batch's full name exactly; pkw_membership lead file rates namesake risk ""low"" (only 1 birth year nationally shares this name)."
123,Aneta Jędrzejewska,publish,"[elected-office] Wicemarszałek (Deputy Marshal) Województwa Kujawsko-Pomorskiego since May 2024; member of the Zarząd Województwa 2014-2024; radna Sejmiku Województwa Kujawsko-Pomorskiego since 2018 (most votes in her district); PKW-declared PSL member | ŹRÓDŁO: https://kujawsko-pomorskie.pl/zarzad/aneta-jedrzejewska/ (official voivodeship bio); https://pl.wikipedia.org/wiki/Aneta_J%C4%99drzejewska; https://bip.kujawsko-pomorskie.pl/30234/aneta-jedrzejewska-oswiadczenie-radnego-wojewodztwa-za-2024-r.html (oświadczenie majątkowe); precomputed pkw_membership_111_280.json declaring ""członek partii politycznej: PSL"", 2019 and 2024 elections, namesake_risk low","1 genuinely current public-company RN seat confirmed live via KRS (Ciechocińskie TBS, since Sept 2025); no rada społeczna seats in this batch's record for her; other public-company board roles (airport, spa company) are attached to her voivodeship office rather than in this batch's job list.","verdict=publish || TEZA: Sitting Deputy Marshal of the region sits on a small-town housing company board || UWAGA: None significant — this is a well-corroborated, high-profile case. || TOŻSAMOŚĆ: Strong — live KRS lists the exact full name ""Jędrzejewska Aneta"" on the current RN, matching the batch's name; pkw_membership lead file rates namesake risk ""low"" (1 distinct birth year nationally); she is independently one of the most documented public officials in the region (Wikipedia, official vo"
124,Tomasz Nyga,maybe,"[elected-office] Radny Rady Miasta Bierunia, kadencja 2010-2014; trzykrotny (2014, 2018, 2024) niezależny kandydat na Burmistrza Bierunia z własnego komitetu (KWW Tomasza Nygi), w 2024 r. zadeklarował w PKW ""nie należy do partii politycznej"", uzyskał 10,47% głosów (przegrał z Sebastianem Maciołem) | ŹRÓDŁO: https://www.portalsamorzadowy.pl/osoba/tomasz-nyga,2369.html; https://dziennikzachodni.pl/wybory-2024-kandydaci-na-burmistrza-bierunia-kim-sa/ar/c1-18421707; https://samorzad2024.pkw.gov.pl/samorzad2024/pl/wbp/kandydat/3738071 (Nyga Tomasz Piotr); person_pkw dataset rows for last_name Nyga, teryt 241401 (Bieruń), birth_year 1988, entries 2014/2018/2024 under his own committee","1 genuinely current public-company RN seat (Radio Katowice, since 2025, confirmed live via KRS); 1 recently-ended RN seat (Śląsko-Dąbrowska Spółka Mieszkaniowa, ~2.5 months in 2024, confirmed ended via live KRS); no rada społeczna seats in this batch's record for him.","verdict=maybe || TEZA: Three-time independent mayoral challenger now sits on the state radio board — but was picked as a non-political lawyer || UWAGA: The current board seat was explicitly filled on a non-party, professional basis, so there is no accumulation/timing story tying it to his own past political career — the political connection here is entirely his own decade-old, non-partisan local candidacy history. Also unresolved: whether the same-surname PiS candidate Aleksandra Nyga is a relative (not established; not published). || TOŻSAMOŚĆ: Moderate — no PESEL-level confirmation, but the RN member's masked surname/initial and PESEL-year prefix (8-, consistent with 1988) match, and the RMN appointment press description (""radca prawny specjalizujący się w prawie gospodarczym i cywilnym"") matches independent coverage of his law practice i"
125,Roman Gołębiewski,ODRZUCONE,"[elected-office] Radny Gminy Włocławek, wybrany w 2010 r. z listy PSL i ponownie w 2024 r. z listy KKW Trzecia Droga PSL-PL2050 Szymona Hołowni (obie kandydatury oznaczone candidacy_success=TRUE w bazie PKW); wieloletni kandydat PSL: Sejm 2007 i 2015, samorząd 2006/2010/2014/2018/2024 | ŹRÓDŁO: person_pkw dataset (versioned/person_pkw/person_pkw.jsonl), rows for first_name Roman, last_name Gołębiewski, birth_year 1983, teryt_candidacy 041800/041813 (Gmina Włocławek): 2010 samorządu PSL candidacy_success=TRUE; 2024 samorządu KKW Trzecia Droga PSL-PL2050 candidacy_success=TRUE; 2007/2015 Sejm PSL committees; 2006/2014/2018 samorządu PSL/KWW Razem dla Gminy Włocławek","1 genuinely current public-company RN seat (Gminne Przedsiębiorstwo Komunalne Brudzeń Duży, since Sept 2025, confirmed live via KRS); 1 historic seat correctly relabelled and excluded as rada społeczna (Powiatowe Centrum Zdrowia Włocławek, 2015-2016, trap 1).","verdict=publish || ODRZUCONE PRZEZ WERYFIKATORA: REFUTE — the claimed office is wrong, and the underlying identity link is unresolved. The person actually behind these PKW rows is not a ""Radny Gminy Włocławek"" but ROMAN GOŁĘBIEWSKI, the sitting STAROSTA WŁOCŁAWSKI (head of the executive of Powiat Włocławski / Włocławski County), b. ~1983, resident of Kruszyn (Gmina Włocławek), PSL. Confirmed via multiple independent press sources: portalsamorzad || TEZA: Twice-elected PSL/Trzecia Droga gmina councillor now on a neighboring gmina's water-company board || UWAGA: The current company (Brudzeń Duży, powiat płocki, województwo mazowieckie) is in a different powiat/voivodeship from his home political base (Gmina Włocławek, powiat włocławski, kujawsko-pomorskie) — geographically close (roughly 30-40 km) but a cross-JST board appointment, and the exact appointment mechanism/reasoning was not found within the available search budget (WebSearch exhausted for this session before it could be chased). || TOŻSAMOŚĆ: Strong — the candidacy-year pattern in the batch (2006/2010/2014x2/2018/2024) matches the PKW dataset's Roman Gołębiewski (b.1983) row-for-row, and the live KRS PESEL prefix (8-) is consistent with a 1983 birth year on the currently-serving RN member."
126,Marcin Stanisław Gręblicki,ODRZUCONE,"[elected-office] Radny Rady Miejskiej w Goleniowie przez dwie kadencje (2014-2018, 2018-2024), niezależny, wieloletni prezes lokalnego stowarzyszenia ""Innowacyjna Polska"" w Klińskach, z którego wystawił własny KWW w 2014 r. | ŹRÓDŁO: https://www.portalsamorzadowy.pl/osoba/marcin-greblicki,31606.html ; https://goleniowska.com/nowoczesny-greblicki/ (Gazeta Goleniowska); Facebook ""Marcin Gręblicki - Radny Rady Miejskiej Goleniów 2014-2024""","1 current public post (RN Goleniowskie Wodociągi i Kanalizacja, since 2025-09-16), confirmed current against the live KRS register (trap 2 passed). No other jobs listed in the batch. No rada spoleczna seats present (trap 1 not triggered).","verdict=publish || ODRZUCONE PRZEZ WERYFIKATORA: Do not publish with the sourcing as given - both non-Facebook citations are dead (one redirects to a contentless campaign page, the other to an unrelated Italian hotel site via a squatted domain), and the Facebook link is unverifiable behind a login wall. If the underlying connection is worth keeping, re-source it from links that were actually opened and confirmed to say what's claimed: the BIP co || TEZA: Two-term Goleniów councillor and civic-association chairman appointed to the town's water utility board || UWAGA: Could not confirm with certainty whether he was re-elected to the 2024-2029 council (sources describe him consistently as '2014-2024' radny); if he did not stand or lost in 2024, the RN appointment reads more as a reward to a departed local politician rather than a sitting one. Worth a quick BIP check of the current (2024-2029) council roster before publishing to get the timing story exactly right. || TOŻSAMOŚĆ: Strong. Live KRS record for the RN seat shows surname initial + first name + FULL middle name 'S********' matching 'Stanisław' - the middle name in the koryta record ('Marcin Stanisław Gręblicki') lines up precisely, which is much stronger than a bare surname match."
127,Jacek Kuźniewicz,ODRZUCONE,"[elected-office] I zastępca prezydenta Włocławka (First Deputy Mayor) 2010-2014 under Prezydent Marek Wojtkowski; declared PKW membership ""Platforma Obywatelska Rzeczypospolitej Polskiej"" on his 2018 candidacy (KWW Postaw na Włocławek); repeat PO/KO candidate 2002(SLD)->2015(Sejm)->2024(Sejmik Woj. Kujawsko-Pomorskiego, KKW Koalicja Obywatelska, list position 7). | ŹRÓDŁO: http://archiwum.mst-wloclawek.rbip.mojregion.info/www.bip.um.wlocl.pl/index7335.html (BIP Włocławek, 'I zastępca prezydenta - Jacek Kuźniewicz'); https://ddwloclawek.pl/pl/933_wybory-samorzadowe-2024/64497_wiadomo-czemu-kuzniewicz-pogodzil-sie-z-wojtkowskim-kandyduje.html (2024-03 article); person_pkw record (teryt 046401/040000, party rows 'Komitet Wyborczy Platforma Obywatelska RP' / 'KKW KOALICJA OBYWATELSKA', declared_membership 'Platforma Obywatelska Rzeczypospolitej Polskiej')","1 current confirmed public post (RN Agencja Rewitalizacji Starówki ARS Płock, since 2025-09-11); 1 correctly-closed public post (RN Toruńskie Wodociągi, 2023-2024, verified closed on live KRS - trap 2 passed); 2 older non-public-flagged posts (WOMP RN, MPEC Zarząd) both closed years ago. No rada spoleczna seats present (trap 1 not triggered - all listed as 'Rada Nadzorcza' or 'Zarząd').","verdict=publish || ODRZUCONE PRZEZ WERYFIKATORA: REFUTED at check (a) — the cited BIP source is a dead link (404, verified live) and the core claim it was cited to support is factually wrong. Multiple independent press sources (Radio PiK, 2014-09-24: ""Jacek Kuźniewicz rezygnuje ze stanowiska zastępcy prezydenta""; Gazeta Pomorska ""Wiceprezydent Włocławka Jacek Kuźniewicz zrezygnował""; pl.wikipedia.org/wiki/Prezydenci_Włocławka) establish that Kuź || TEZA: Former Włocławek deputy mayor and declared PO member, now on the supervisory board of a Płock municipal urban-renewal company || UWAGA: Whether he actually won the 2024 sejmik seat (position 7 on the KO list) is unverified - I could not find a results page or news report confirming election; treat as 'stood', not 'won'. The Płock ARS appointment (Sept 2025) has no independent press confirmation beyond the KRS initials match; worth a direct MSiG/KRS search or Płock press check before publishing that specific line. || TOŻSAMOŚĆ: Solid but not airtight for the current post: the live KRS record for ARS Płock is name-masked (privacy redaction now applied to the public API), so confirmation rests on initials (K.../J.) matching plus the pipeline's own name+PESEL-based ingest, not a full name reveal. Identity for the earlier Włoc"
128,Adam Kalinowski,skip,[none] none found,"1 current public post (Zarząd Exalo Drilling, since 2025-09-05, plausibly current based on rejestr.io's own listing of it as a current relation) and 1 closed public post (RN ZGM Piła, 2020-2021) whose link to the same individual is uncertain. No rada spoleczna seats present.","verdict=skip || TEZA: Repeat local candidate over two decades, but no party, office, or family tie surfaced, and the two company posts may not even be the same person || UWAGA: Do not publish without first resolving whether the ZGM Piła (2020-2021) and Exalo Drilling (2025-) posts are the same person - check PESEL-level KRS history or an archived (pre-masking) KRS extract for both companies, and separately try to locate which specific office the four 'Samorząd' candidacies were for (city council vs. something else) since none could be confirmed via press. || TOŻSAMOŚĆ: Weak/unresolved. Four repeat 'Samorząd' candidacies (2002-2024) exist in the batch but could not be matched to any specific PKW row for Piła, and the rejestr.io profile tied to the current Exalo Drilling post does not show the earlier ZGM Piła seat at all, suggesting the two company jobs on this kor"
129,Maciej Olbryś,maybe,"[candidacy-only] Kandydat KKW Koalicja Obywatelska do Rady Powiatu Wyszkowskiego w wyborach samorządowych 2024 (przegrana) | ŹRÓDŁO: https://wdi24.pl/artykul/powolanie-prezesow-n1718911 (article: '...ran in the recent local elections from Civic Coalition for the Wyszków County Council - unsuccessfully'); person_pkw record (first_name Maciej, last_name OLBRYŚ, birth_year 1974, teryt 143500, party 'KKW KOALICJA OBYWATELSKA')","1 current public post (Zarząd WTBS Wyszków, since 2025-09-03), confirmed current on live KRS (trap 2 passed). 1 closed post (Zarząd UCZKiN WUM, 2013-2020, public:false). No rada spoleczna seats among the listed jobs (both are Zarząd roles, not RN).","verdict=maybe || TEZA: New Wyszków social-housing company president lost a 2024 county-council bid on the Koalicja Obywatelska ticket || UWAGA: The appointment process (open competition, mayor's plenipotentiary involved) argues against a simple political-reward story; before publishing, check whether the recruitment competition was genuinely contested or a formality, and try to pin down the unnamed 'social council' membership mentioned in his official bio - if it turns out to be a hospital rada spoleczna it does not count (trap 1), but if it is something else it could strengthen or weaken the case. || TOŻSAMOŚĆ: Solid. Live KRS surname/first-name initials for the current Prezes Zarządu match Olbryś Maciej; the person_pkw candidacy row (birth year 1974, teryt matching Wyszków powiat) lines up with the press article naming him specifically as the incoming WTBS president and 2024 county-council candidate."
130,Marcin Szarek,publish,"[party-membership] Czlonek partii politycznej Platforma Obywatelska RP (deklaracja PKW przy kandydowaniu do Sejmu 2023, KKW Koalicja Obywatelska PO .N IPL Zieloni); wieloletni kandydat PO/KO do samorzadu (2010, 2014) i Sejmu (2023) oraz ponownie do samorzadu (2024, KKW Koalicja Obywatelska) | ŹRÓDŁO: person_pkw record (first_name Marcin, middle_name Edward, last_name SZAREK, birth_year 1984, teryt 246101 [Bielsko-Biała], party_member declared 'członek partii politycznej: Platforma Obywatelska RP' on the 2023 KKW Koalicja Obywatelska PO.N IPL Zieloni Sejm candidacy); batch candidacies rows for n=130 (2010 PO, 2014 PO, 2023 Sejm KKW KO, 2024 KKW KO)","2 current public posts, both confirmed current against the live KRS register (trap 2 passed): Zarząd/Prezes ZGO Bielsko-Biała (since 2025-09-02) and Rada Nadzorcza MSK Sko-Eko Skoczów (since 2025-08-25). 2 correctly-closed public posts (Zarząd Beskidzki Hurt Towarowy 2019-2025, verified closed on live KRS; RN Uzdrowisko Goczałkowice 2023-2024). No rada spoleczna seats present among the listed jobs.","verdict=publish || TEZA: Bielsko-Biała PO/KO politician swapped one municipal company presidency for another within a week, while also joining a second board || UWAGA: The family_leads file's same-surname Szarek candidates (Piotr Szarek - Konfederacja/Nowa Nadzieja; Renata Szarek - PiS; Henryk Szarek - SLD) show no plausible relation - different parties, no press link - and should not be cited as family ties. || TOŻSAMOŚĆ: Strong. Batch's own candidacies for n=130 match the person_pkw row for 'Marcin Edward Szarek', born 1984, teryt 246101 (Bielsko-Biała) exactly on committee names and years; a second, unrelated 'Marcin Cezary Szarek' (born 1988, Kukiz'15, same city) exists in PKW data, confirming the namesake risk wa"
131,Tadeusz Rozpara,publish,"[elected-office] Prezydent Miasta Bełchatowa 1994-2002 z ramienia SLD; współzałożyciel SdRP woj. piotrkowskiego i przewodniczący jej Rady Wojewódzkiej (1990); radny powiatu bełchatowskiego (od 2006); wielokrotny kandydat do Sejmu z list SLD (1991, 1993, 1997) i do Senatu (2001); w 2024 r. kandydat do Rady Miejskiej w Bełchatowie z Koalicji Obywatelskiej (przegrał, 281 głosów, 4,84%) | ŹRÓDŁO: https://pl.wikipedia.org/wiki/Tadeusz_Rozpara; https://www.portalsamorzadowy.pl/wybory-2018/kandydat/tadeusz-rozpara,1248,8.html; PKW pkw_membership_111_280.json (n=131): 'członek Sojuszu Lewicy Demokratycznej', zadeklarowane w wyborach 2010/2014/2019","1 confirmed-current public-company RN seat (PKTiUK Gminy Bełchatów, live-KRS verified), 1 past public-company RN seat (EXPO-Łódź, press-confirmed), 1 past private-company RN seat (ADVADIS, excluded as not public), 1 past association board role (Związek Miast Polskich, not a company). No rada spoleczna among them.","verdict=publish || TEZA: Były prezydent Bełchatowa (SLD) w radzie nadzorczej spółki gminy, którą kiedyś rządził || UWAGA: None found is not applicable - he lost his most recent (2024) election bid, so he is not currently an officeholder; the political connection rests on his past mayoralty and party history, which is still first-class evidence per project rules. PKW namesake_risk flagged 'medium' (2 birth years share the name) but the press/Wikipedia corroboration resolves it. || TOŻSAMOŚĆ: Strong. Wikipedia biography, portalsamorzadowy candidate records and press (Dziennik Łódzki/i.pl on the Expo-Łódź appointment) all independently converge on the same former-mayor-of-Bełchatów Tadeusz Rozpara; the live KRS board listing for the Bełchatów gmina company matches his name pattern and geo"
132,Paweł Cieślewicz,maybe,"[elected-office] Likely (not fully confirmed): Przewodniczący Rady Miejskiej w Tucholi, kadencja 2024-2029, wybrany z KWW Porozumienie Samorządowe dla Tucholi (radny od 2024, przewodniczący co najmniej od 2026 wg uchwał RM) | ŹRÓDŁO: https://samorzad2024.pkw.gov.pl/samorzad2024/pl/rada_gminy/kandydat/3357508 (candidate row: CIEŚLEWICZ Paweł Maciej); https://www.portalsamorzadowy.pl/osoba/pawel-cieslewicz,113667.html; official Rada Miejska w Tucholi resolutions signed as Przewodniczący, e.g. https://edzienniki.bydgoszcz.uw.gov.pl/WDU_C/2026/1327/akt.pdf (27.02.2026); tuchola.naszemiasto.pl 'Nowi radni miejscy w Tucholi to Paweł Cieślewicz i Adam Brzoszczyk'","1 confirmed-current public-company RN seat (Grupa Przemysłowa Baltic, corrected from the batch's stale end date via live KRS), 1 past public-company Zarząd seat (Opakomet, confirmed ended), plus 1 out-of-scope but significant state-foundation presidency (Fundacja ARP) not captured in the batch's company jobs list at all. No rada spoleczna encountered.","verdict=maybe || TEZA: President of the ARP state foundation and a supervisory-board seat, possibly held by a sitting small-town council chairman - identity unconfirmed || UWAGA: Before publishing: get a birth year for the Tuchola council chairman (an oświadczenie majątkowe filed with the Tuchola BIP, or a bio press release from Fundacja ARP announcing the new prezes, would settle it) and confirm it is NOT the older Paweł Krzysztof Cieślewicz (b.1959) who also has a Tuchola council record. If the identity does not resolve to the same person, this drops to skip - the ARP/GPBaltic appointments alone, without a named political connection, are exactly the 'career professional with no connection' case the brief says not to publish. || TOŻSAMOŚĆ: Weak-to-moderate. Two independent official sources give the same first+middle name ('Paweł Maciej') for the ARP-linked executive and the 2024 Tuchola candidate, but no birth year or PESEL cross-check was obtainable, and a different, older Paweł Cieślewicz is independently confirmed as a longtime Tuc"
133,Cezary Szeliga,ODRZUCONE,"[elected-office] Kandydat Komitetu Wyborczego PSL w wyborach samorządowych w powiecie goleniowskim w 2010 r. - mandat zdobyty (candidacy_success=TRUE); kandydat KW PSL do Sejmu w 2007 r.; kandydat KW PSL w wyborach samorządowych w 2002 r. | ŹRÓDŁO: data/pipelines/versioned/person_pkw/person_pkw.jsonl (queried via duckdb): rows for last_name='Szeliga', first_name='Cezary' - (2010, samorządu, birth_year 1973, teryt_candidacy 320000, teryt_living 321701, candidacy_success TRUE, 'KOMITET WYBORCZY POLSKIE STRONNICTWO LUDOWE'); (2007, sejmu, teryt 32, 'Komitet Wyborczy Polskiego Stronnictwa Ludowego'); (2002, samorządu, teryt 326201, 'KW Polskiego Stronnictwa Ludowego')","1 confirmed-current public-company RN seat (Nieruchomości i Opłaty Lokalne, live-KRS verified, PESEL-decade cross-checked against PKW birth year), 3 past public-company RN seats (PEC Goleniów, PKP, Kolejowe Zakłady Łączności), 1 past private-company RN seat (Rolsped, excluded), and 1 rada spoleczna seat at SPZOZ 'Zdroje' (excluded per Trap 1, despite export labelling it Rada Nadzorcza).","verdict=publish || ODRZUCONE PRZEZ WERYFIKATORA: The drafted connection is built on a TERYT-decoding error and must not be published as written, though a different (and stronger) version of the same connection is independently verifiable. Error found: teryt_living=321701 does NOT decode to ""powiat goleniowski."" TERYT powiat codes: 3204=goleniowski, 3217=wałecki (confirmed via wykaz.rky.pl/p3204.html and p3217.html, and independently via WebSearc || TEZA: PSL local-government winner turned two-decade serial public-company board member, now clustered with another politician on a Szczecin municipal board || UWAGA: The family lead (Sebastian Szeliga, Lewica candidate 2010, same powiat, 'medium' strength) does not corroborate - different party, no other link - so it was not used; the connection rests entirely on Cezary Szeliga's own PSL candidacy and 2010 win. The 2014/2015/2018/2024 candidacies listed in the batch (Sejm 2015, Samorząd 2014/2018/2024) were NOT found in person_pkw.jsonl (only 2002/2007/2010 rows exist for him there) - could not confirm which party those later runs were on; treat only the PSL 2002/2007/2010 facts as confirmed. || TOŻSAMOŚĆ: Moderate-strong. The current RN member's PESEL at Nieruchomości i Opłaty Lokalne begins with '7' (born 197x), matching the PKW record's birth_year 1973 for the PSL candidate exactly in decade; the Goleniów company's location matches the PSL candidate's teryt_living (powiat goleniowski) precisely. Su"
134,Shivan Fate,publish,"[party-membership] Członek partii Platforma Obywatelska RP (deklaracja PKW, kandydatura do Sejmu 2023); radny wybrany w wyborach samorządowych 2024 z listy Koalicyjnego Komitetu Wyborczego Koalicja Obywatelska (candidacy_success=TRUE wg PKW, powiat policki) | ŹRÓDŁO: pkw_membership_111_280.json (n=134): declared_membership 'członek partii politycznej: Platforma Obywatelska RP', declared in 2023 election, namesake_risk LOW; cross-checked against data/pipelines/versioned/person_pkw/person_pkw.jsonl rows for last_name='FATE': (2023, sejmu, teryt_living 321102, KKW Koalicja Obywatelska PO.N IPL Zieloni, candidacy_success FALSE, party_member 'członek partii politycznej: Platforma Obywatelska RP'); (2024, samorządu, birth_year 1980, teryt 321100/321102, 'KKW KOALICJA OBYWATELSKA', candidacy_success TRUE)","1 confirmed-current public-company RN seat (Nieruchomości i Opłaty Lokalne, live-KRS verified), 1 confirmed-current association board seat (SSOM, Sekretarz, live-KRS verified, not itself a company), 1 past public-company RN seat (PEC Police, ended 2024-12-27, timing-consistent with taking a council seat). No rada spoleczna encountered.","verdict=publish || TEZA: Declared PO member who won a 2024 council seat in the Police area, now on two Szczecin-region public company boards including one shared with another batch subject || UWAGA: Could not obtain direct press coverage of his 2024 election win or find out exactly which gmina council/rada he sits on (teryt 321102 is a specific gmina within powiat policki that I could not fully decode without a TERYT lookup table); the SSOM secretary role suggests he represents a member gmina but I could not confirm whether he holds an executive (wójt/burmistrz) or ordinary councillor mandate - state only 'elected local office' not the specific body. || TOŻSAMOŚĆ: Strong. 'Shivan Fate' is an unusual name with namesake_risk explicitly flagged LOW by the precomputed file (only 1 distinct birth year nationally); the live-KRS RN member's PESEL prefix '8' matches PKW's birth_year 1980 for the same name exactly; the geographic match (Police-area employer, Police-ar"
135,Kamil Kowaleczko,ODRZUCONE,"[party-membership] Kandydat Komitetu Wyborczego Prawo i Sprawiedliwość w wyborach samorządowych 2014 i 2018 (dwukrotnie w 2018 wg danych partii); zadeklarowana przynależność do PiS; brat i siostra (Jakub Kowaleczko, Karolina Kowaleczko) również kandydowali z list PiS w tym samym powiecie zambrowskim w latach 2010-2018 | ŹRÓDŁO: batch top-level 'parties': ['PiS'] and candidacies (2018 x2, 2014, all 'Komitet Wyborczy Prawo i Sprawiedliwość'); cross-checked in data/pipelines/versioned/person_pkw/person_pkw.jsonl: (2014, samorządu, first_name 'Kamil', last_name 'Kowaleczko', birth_year 1992, teryt_candidacy 143401, 'Komitet Wyborczy Prawo i Sprawiedliwość'); family_leads_111_280.json (n=135): Jakub Kowaleczko b.1986, 3 candidacies (2010/2014/2018) same teryt/powiat, all PiS committees, strength 'strong' (12 people nationally with this surname); person_pkw also shows Karolina Kowaleczko b.1988, 2014, teryt 143400, PiS","1 confirmed-current public-company post as CEO (Szpital Powiatowy w Zambrowie, live-KRS verified, upgraded from a just-ended RN seat at the same company), 2 past public-company RN seats (PZU, EURO-EKO Mielec). No rada spoleczna encountered.","verdict=publish || ODRZUCONE PRZEZ WERYFIKATORA: Refuted as submitted: the claimed geographic link (""teryt 1434 = powiat zambrowski"") is wrong. TERYT 1434 is Powiat Wołomiński (Mazowieckie); Powiat Zambrowski's code is 2014 (Podlaskie). None of Kamil/Jakub/Karolina Kowaleczko's candidacies (all teryt 143400/143401) occurred anywhere near Zambrów - they were in powiat Wołomiński, ~150km away in a different voivodeship. The ""family political machi || TEZA: PiS candidate from a family of PiS candidates in powiat zambrowski, now president of the powiat's hospital company || UWAGA: The exact family relationship (brother/sister) to Jakub and Karolina Kowaleczko is inferred from shared rare surname + same powiat + same party + overlapping election years, not from an explicit published statement identifying them as siblings - report it as 'likely family, unconfirmed by name' rather than a settled fact. Both PZU and PZU-adjacent posts are large state companies where seat allocation is centrally, not locally, controlled - worth noting as an even stronger 'party network reach' signal than the hospital post alone. || TOŻSAMOŚĆ: Strong. The live-KRS CEO's name matches Kowaleczko Kamil by exact character count; the PKW record for 'Kamil Kowaleczko' independently gives birth_year 1992 and teryt powiat zambrowski, matching the hospital's own location; party field ('PiS') is consistent across the batch's own top-level data, the"
136,Andrzej Skwarek,ODRZUCONE,"[elected-office] Wybrany radny Rady Miasta Łuków (kadencja 2024-2029) z listy KW Prawo i Sprawiedliwość, okręg 1, pozycja 4/2, 191 głosów (4,59%) | ŹRÓDŁO: https://www.portalsamorzadowy.pl/osoba/andrzej-skwarek,17218.html (wyniki wyborów 2024) and https://lukow.esesja.pl/radny/132020/andrzejaskwarek.htm (current council roster)","2 genuine public trough posts: PKS Łuków RN (KRS 0000041089) 2001-2013 and 2025-current (confirmed live via api-krs.ms.gov.pl - S****** A****** length-matches Skwarek/Andrzej in the current Rada Nadzorcza roster as of 2026-09-03); PKS Międzyrzec Podlaski RN (KRS 0000302534) 2019-2025, confirmed genuinely ended - live roster now shows different surnames. Neither organ is rada_spoleczna. The Stanin ZGK seat is excluded as public:false.","verdict=publish || ODRZUCONE PRZEZ WERYFIKATORA: Do not publish as framed. The elected-office claim itself checks out (portalsamorzadowy.pl/osoba/andrzej-skwarek,17218.html and lukow.esesja.pl/radny/132020/ both confirm: KW Prawo i Sprawiedliwość, Rada Miasta Łuków, okręg 1, lista 4/pozycja 2, 191 głosów/4.59%, mandate obtained, kadencja 2024-2029, current as of an Aug-2026 session; PKW person_pkw rows for birth_year=1961/teryt 061101 corroborat || TEZA: PiS city councillor sits on the transport-company board he used to run || UWAGA: The family_leads file flags a medium-strength Skwarek cluster in the same powiat, including a Sławomir Skwarek (b.1963) who ran on his own committee locally - a person of this name later became a PiS Sejm poseł and wójt of Gmina Adamów, also in powiat łukowski. No published source ties Andrzej to Sławomir or to the other same-surname candidates (Grażyna, Tadeusz, Katarzyna Skwarek); this is left unconfirmed and not used in the connection above, per the family-tie sourcing bar. If pursuing further, check press or Sejm biographical notes for a stated family relationship. || TOŻSAMOŚĆ: Strong. radiopodlasie.pl and telewizja.lukow.pl explicitly identify the PKS Łuków board member/chairman as also 'radny Rady Miasta Łuków'; portalsamorzadowy and esesja independently confirm the council seat, committee, and vote count for the same name in the same town. Live KRS API roster is consist"
137,Michał Syrkiewicz,skip,[none] none found,"1 post: Uzdrowisko Krynica-Żegiestów RN (KRS 0000056964), current, confirmed via live KRS. Not rada_spoleczna.","verdict=skip || TEZA: No public information found beyond a single fresh board seat || UWAGA: Tried: name + party (PiS/PSL/Sejmik Małopolska), name + rada nadzorcza/uzdrowisko, name + town, name + prawnik/adwokat (Nowy Sącz), name + LinkedIn. All came back empty or irrelevant. If revisited, try the company's own BIP/annual report for a fuller CV, or the appointing body's (likely Ministry of Health / Skarb Państwa, since Polish state spa companies are usually treasury-owned) press release for the August 2025 nomination. || TOŻSAMOŚĆ: weak - nothing beyond the job record and a rejestr.io link (which returned 403 and could not be read) to cross-check against. The live KRS roster does show a current member whose surname/first-name letter counts match 'Syrkiewicz Michał', so he is genuinely seated, but there is no independent source"
138,Katarzyna Bernaciak,maybe,"[candidacy-only] Kandydatka do Rady Powiatu Starachowickiego 2024 z listy KW-TST-Twój Samorząd Teraz (okręg 3, pozycja 5, 263 głosy, 2,99%, mandatu nie uzyskała); wcześniej kandydatka lokalnego KWW Marzeny Bernat (2014) | ŹRÓDŁO: person_pkw.jsonl (2024 samorządu row: teryt_candidacy 261100, party 'KW-TST-TWÓJ SAMORZĄD TERAZ', candidacy_success FALSE) cross-checked against https://www.portalsamorzadowy.pl/osoba/katarzyna-bernaciak,226425.html and https://echodnia.eu/swietokrzyskie/... (TST committee composition: PO, Nowa Lewica, Polska 2050, local associations)","1 currently public trough post: ZGM Zębiec Zarząd/Prezes (KRS 0000049427), confirmed current via live KRS despite the batch's recorded 2026-04-06 end date. Odlewnicza Izba Gospodarcza (KRS 0000149572) is public:false and its organ is a trade-chamber Komisja Rewizyjna, not counted; confirmed ended via live KRS.","verdict=maybe || TEZA: State-company president who lost a 2024 county-council bid || UWAGA: What to check: (1) whether the ARP 'postępowanie kwalifikacyjne' (competitive selection) for her presidency had any political sponsorship, versus the purely merit-based framing in local press; (2) the family_leads file lists a same-powiat Renata Bernaciak (b.1971, KW Prawo i Sprawiedliwość candidate, 2018) and a Zygmunt Bernaciak (b.1945) and Tadeusz Bernaciak (b.1951) of plausible parent age - no published relationship to Katarzyna (b.1973) was found, so this is not used above; a direct inquiry or obituary/genealogical source could settle it. (3) Confirm directly with Starostwo Powiatowe w Starachowicach whether TST has a specific named political patron beyond the coalition-party list. || TOŻSAMOŚĆ: Consistent geography: teryt_living from PKW (261102, gmina Brody, powiat starachowicki) matches press describing her as a resident of Lubienia, gmina Brody, and matches the company's Starachowice-district location. Live KRS shows a Bernaciak/Katarzyna-length match (9/9 characters) as current Prezes."
139,Ilona Nasiadka,publish,"[party-membership] Członek partii PSL (deklaracja PKW w wyborach 2011 i 2019); wielokrotna kandydatka PSL do Sejmu (2011, 2015, 2019, okręg 14) i samorządu (2014, 2018/2019), a w 2024 kandydatka do Sejmiku Województwa Mazowieckiego z listy KKW Trzecia Droga PSL-Polska 2050 Szymona Hołowni (nie uzyskała mandatu) | ŹRÓDŁO: person_pkw.jsonl, party_member field: '""członek partii PSL""' (2011 Sejm candidacy) and '""członek partii politycznej: Polskie Stronnictwo Ludowe...""' (2019 Sejm candidacy); pipeline-computed parties field already lists [""PSL"", ""Polska 2050""]","2 posts: MCR Stocer Zarząd (KRS 0000337011), current (confirmed live), not rada_spoleczna; PEC Pułtusk RN (KRS 0000167042), 2025-08-20 to 2025-11-03, confirmed genuinely ended (not a duplicate-edge artifact) via live KRS, not rada_spoleczna.","verdict=publish || TEZA: Long-time PSL candidate runs a state rehab hospital's board || UWAGA: Could not independently corroborate via open-web press (search budget was exhausted mid-task and DuckDuckGo/Bing WebFetch results were unusable - CAPTCHA/irrelevant results); the PKW primary-source records (dated, government database) and the live KRS cross-check are strong enough to stand on their own, but a local Pułtusk-press confirmation of her PSL role would strengthen the page further if available later. || TOŻSAMOŚĆ: Consistent: PKW teryt_living 146511 (Pułtusk) matches PEC Pułtusk's location; single birth-year cohort (1968) across all PKW candidacy rows; live KRS confirms current Stocer Zarząd membership and confirms absence from PEC Pułtusk's current roster, matching the recorded dates exactly."
140,Krzysztof Bagiński,ODRZUCONE,"[elected-office] Burmistrz Białogardu 2010-2018 (KWW Porozumienie Samorządowe, deklarowany 'członek Prawa i Sprawiedliwości' w chwili wyboru w 2010); ponownie kandydat do Rady Powiatu Białogardzkiego w 2024 (KWW Wspólny Samorząd - Powiat Białogardzki), bez mandatu | ŹRÓDŁO: person_pkw.jsonl (2010 samorządu row, teryt 320101/Białogard, party 'KOMITET WYBORCZY WYBORCÓW POROZUMIENIE SAMORZĄDOWE...', position 'Burmistrz', candidacy_success TRUE, party_member '""członek Prawa i Sprawiedliwości""'), corroborated by pl.wikipedia.org/wiki/Białogard (list of mayors: '2010-2018 - Krzysztof Bagiński')","3 posts, all confirmed genuinely public and none rada_spoleczna: RWiK Białogard RN (KRS 0000053791) 2011-2019 (ended, coextensive with mayoral term); MPGK Darłowo Zarząd (KRS 0000024924) Jan-Aug 2019 (ended); TBS Lokum Świnoujście RN (KRS 0000851315) 2020-2025, confirmed genuinely ended via live KRS (absent from current roster); Komunikacja Autobusowa Świnoujście RN (KRS 0000234039), current, confirmed via live KRS.","verdict=publish || ODRZUCONE PRZEZ WERYFIKATORA: Publishable, but not as framed. The headline ""Former two-term PiS mayor collects consecutive utility board seats"" and the REASON's ""documented two-term PiS-declared mayoralty"" are materially misleading and would not survive Bagiński's complaint. He WAS a PiS-declared candidate at his first election in 2010 (PKW: teryt 320101, position ""Burmistrz"", party_member ""\""czlonek Prawa i Sprawiedliwosci\"""" || TEZA: Former two-term PiS mayor collects consecutive utility board seats || UWAGA: The family_leads file's Białogard-area PKW rows (Tomasz, Zbigniew, Paweł Bagiński, and a PSL-declared Mieczysław Bagiński) were not investigated as relatives - surname strength is flagged 'weak (common surname)' and no published relationship exists; not used above. Did not independently confirm via local Świnoujście or Darłowo press why he moved regions in 2019-2020 or who nominated him to the Świnoujście boards - worth a targeted search if pursuing further, but not needed for the verdict given the mayoral-to-utility-board link is already well documented. || TOŻSAMOŚĆ: Strong despite a HIGH namesake-risk flag (9 distinct birth years share this name nationally in PKW). Resolved via convergence: PKW teryt_living (320101, Białogard) matches the location of his first employer (RWiK Białogard); the RN seat's 2011-2019 dates align almost exactly with the independently-s"
141,Roman Kurek,publish,"[candidacy-only] Three-time unsuccessful SLD/Lewica candidate for elected office in Kraków (2002 Rada Miasta Krakowa; 2014 and 2018 Sejmik Województwa Małopolskiego), and twice appointed by Gmina Kraków to the supervisory board of a city-owned company: Krakowski Holding Komunalny SA (2003-2007) and now MPEC Kraków SA (2025-present). | ŹRÓDŁO: https://wybory2018.pkw.gov.pl/pl/geografia/120000 (Roman Kurek, Koalicyjny KW SLD Lewica Razem, okręg 5, pozycja 7, mandat: Nie) and https://www.mpec.krakow.pl/o-nas/wladze-spolki (""RADA NADZORCZA - Osoby reprezentujące Gminę Kraków: ... Roman Kurek - Członek"")","2 public-company board posts total: MPEC Kraków SA rada nadzorcza (2025-08-19-present, confirmed current via live KRS as of 28.05.2026) and Krakowski Holding Komunalny SA rada nadzorcza (2003-09-17 to 2007-07-31, long ended). Neither organ is rada spoleczna.","verdict=publish || TEZA: Kraków city board seat for a three-time SLD/Lewica candidate || UWAGA: The KRS API now redacts full names to initial+asterisks, so the identity match is by name length/initials plus the MPEC website's full-name listing, not a PESEL cross-check; treat as strong but not airtight. No result data was found for the 2002 or 2014 candidacies beyond his appearing on the ballot (only 2018 has a sourced 'did not win mandate'). || TOŻSAMOŚĆ: Live-KRS redacted entry on MPEC's rada nadzorcza ('K****'/'R****') is length-consistent with Kurek/Roman; MPEC's own website names him in full among members representing Gmina Kraków. Disambiguated from the PKW-membership-lead namesake by cross-checking middle name (none for ours; 'Jarosław' for the"
142,Edyta Lubańska,ODRZUCONE,"[elected-office] Elected radna miasta Żyrardowa for the 2018-2023 term, running both then and in 2024 on KWW Lucjana Krzysztofa Chrzanowskiego - the personal election committee of Żyrardów's sitting mayor - and appointed by that same city administration in August 2025 to the supervisory board of the city housing company. | ŹRÓDŁO: https://www.portalsamorzadowy.pl/osoba/edyta-lubanska,54705.html (""kandydat na radnego kadencji 2018-2023 w: Żyrardów"") and person_pkw committee rows for teryt 143801 (KWW Lucjana Krzysztofa Chrzanowskiego, 2018 and 2024); absence confirmed from the official 2024-2029 council roster at https://www.zyrardow.pl/sklad-rady-miasta/ and https://zyrardow.esesja.pl/grupa/34863/radni.htm","1 public-company board post: PGM Żyrardów rada nadzorcza (2025-08-18-present, confirmed current via live KRS as of 08.07.2026), not rada spoleczna. Plus 1 completed elected term as radna miasta Żyrardowa (2018-2023, not a company post).","verdict=publish || ODRZUCONE PRZEZ WERYFIKATORA: Publish only a materially reframed version, and only after re-sourcing the ""elected"" claim. What survives independent verification: Edyta Lubańska was a candidate for Żyrardów city council in 2018 on KWW Lucjana Krzysztofa Chrzanowskiego (mayor's personal committee), district 3, list position 6 — but she LOST that race (63 votes, 2.02% of the district's valid votes; official PKW record: ""Mandat: N || TEZA: Ex-councillor from the mayor's own list now sits on the city housing board || UWAGA: The 'chaired the mayor's council club' detail came from a WebSearch synthesis, not a page I opened myself - excluded from the cited connection and flagged here rather than asserted as fact. The core connection (elected term + mayor's-committee candidacies + current city appointment) rests on directly-opened sources. || TOŻSAMOŚĆ: Live-KRS redacted entry length-matches Lubańska/Edyta on PGM's board. Multiple independently opened sources (portalsamorzadowy candidate page, PKW committee row at the same small-town teryt 143801, the current council roster confirming her absence) converge on one person in one town; surname is rare"
143,Kornelia Cieśla,skip,"[candidacy-only] A single, 23-year-old, non-partisan local candidacy: 2002, Rada Miasta/Gminy at teryt 241304 (Tarnowskie Góry area), KWW Inicjatywa Społeczna Wspólnota Samorządowa - no party, no committee tied to any named politician, no result data, and no reappearance in politics since. | ŹRÓDŁO: person_pkw row: Kornelia Cieśla, b.1974, teryt 241304, election_year 2002, election_type samorządu, party ""KWW Inicjatywa Społeczna Wspólnota Samorządowa"" - the only Kornelia Cieśla in the national PKW file","1 public-company board post: Wielospecjalistyczny Szpital Powiatowy rada nadzorcza (2025-08-18-present, confirmed current via live KRS as of 18.08.2026). Not a rada spoleczna.","verdict=skip || TEZA: One old nonpartisan candidacy, otherwise a private-practice therapist || UWAGA: Could not identify the second, paywalled historical KRS connection rejestr.io flags for her; it may or may not be relevant and was not accessible without a paid plan. || TOŻSAMOŚĆ: rejestr.io resolves the KRS board seat to 'Kornelia Maria Cieśla' by its own person-ID/PESEL matching; the live-KRS redacted entry is length-consistent. The PKW person_pkw table has only one Kornelia Cieśla nationally (b.1974, same region), so no namesake risk on the political-trace side. The match "
144,Joanna Bala,publish,"[party-office] Declared Prawo i Sprawiedliwość member (PKW 2023, 2024) who holds three party offices simultaneously per PiS's own website - Sekretarz Komitetu Terenowego PiS for gminy Zabrodzie, Somianka, and Rząśnik - has repeatedly stood as a PiS candidate (Sejm 2015 and 2023, Europarlament 2024, Wójt Gminy Zabrodzie 2024, local council 2014/2018), and, per local press, previously served as a Mazovian sejmik councillor (radna wojewódzka) and as director of the Mazowieckie branch of KRUS. | ŹRÓDŁO: https://pis.org.pl/osoba/joanna_bala (lists ""Sekretarz Komitetu Terenowego - Zabrodzie"", ""- Somianka"", ""- Rząśnik""); person_pkw rows declaring ""członek partii politycznej: Prawo i Sprawiedliwość"" for 2023 and 2024; https://tubawyszkowa.pl/pl/19_z-powiatu/20436_do-sejmu-z-pis-jednak-dwie-kobiety.html (radna wojewódzka / KRUS director background)","2 public-company board posts: PEC Serwis Siedlce rada nadzorcza (2025-08-13-present, confirmed current via live KRS as of 24.04.2026) and Wojskowe Zakłady Lotnicze Nr 2 rada nadzorcza (2021-09-07 to 2024-05-29, ended, timed to the change of national government). Neither is rada spoleczna.","verdict=publish || TEZA: PiS local-committee secretary, three times over, on two state-company boards || UWAGA: The 'radna wojewódzka' (Mazovian sejmik) claim rests on one press article and was not independently confirmed against a PKW 'elected' flag or a sejmik roster; treat that specific detail as press-sourced, not register-confirmed. The KRUS-director/investigation detail is likewise press-sourced (article notes proceedings were discontinued without charges). || TOŻSAMOŚĆ: Live-KRS redacted entry on PEC Serwis's board length-matches Bala/Joanna. person_pkw has a single, internally consistent Joanna Bala nationally (b.1979, Zabrodzie/Wyszków, teryt 140000/143506 across every election 2014-2024), matching the PiS website profile and press coverage - no namesake risk."
145,Gabriela Szklarz,skip,"[none] None found. No candidacies in the batch data, no PKW declared-membership lead, no family lead entry for this batch, and no press or party-site trace despite searching her name with PiS/KO/radna/polityk and with the company name.","0 genuinely current public-company board posts. Both recorded Opakomet seats (Zarząd, 1 day; Rada Nadzorcza, 2025-08-12 to 2026-04-06) are confirmed ended via live KRS (26.08.2026 state). Her one other, apparently current, board seat (Akademia Unia Tarnów, since 2024-01-09) is outside this batch's public-company scope. Neither Opakomet organ was rada spoleczna while held.","verdict=skip || TEZA: Both her 'current' board seats had already ended || UWAGA: The Opakomet seats being already-ended (per both our own end-date field and the live-KRS check) means the underlying premise for this page - a currently-held public-company post - does not hold as of today; this alone would argue against publishing even before considering the political connection, which was not found. || TOŻSAMOŚĆ: Anchored on rejestr.io's own person-ID (osoby/3191839), which matches by PESEL rather than name-plus-birth-year, so cross-person collision risk is low. Live-KRS redacted entries were checked to confirm her absence from Opakomet's current organs. No independent second source (press, BIP, party site) "
146,Adrian Palonek,publish,"[elected-office] Radny Rady Miejskiej w Wieliczce, kadencja 2024-2029 (okręg nr 3, pozycja 7, KWW Artura Kozioła, 383 głosy, mandat uzyskany); zastępca dyrektora Powiatowego Urzędu Pracy w Wieliczce | ŹRÓDŁO: https://www.portalsamorzadowy.pl/osoba/adrian-palonek,282798.html (radny profile, kadencja 2024-2029, KWW Artura Kozioła, okręg 3/poz.7, 383 głosy); https://bip.malopolska.pl/umigwieliczka,a,2494714,adrian-palonek.html (BIP bio referencing his PUP Wieliczka post)","One current public post: Rada Nadzorcza, Opakomet S.A., since 12 Aug 2025. Live KRS check (OdpisAktualny 0000245701, rejestr P, stan z dnia 26.08.2026) still lists a masked member 'P******, A*****' consistent with Palonek among three current RN members - so despite the dataset's 06 Apr 2026 end date (a kadencja-length figure, not a removal), he is still serving as of one week before today. Genuine spółka akcyjna Rada Nadzorcza, not a rada spoleczna (company is not a hospital).","verdict=publish || TEZA: Wieliczka city councillor and deputy labour-office director joins a State Treasury packaging group's supervisory board || UWAGA: The Kozioł-patronage narrative is circumstantial (timing only, no direct source); the elected-office fact (radny 2024-2029) and the current Opakomet seat are each independently well sourced and sufficient on their own for the connection. Confirm before publishing that the 06 Apr 2026 'end' date in the dataset is indeed a kadencja marker and not evidence he already left (live KRS as of 26 Aug 2026 argues he is still on the board, but re-check closer to publication). || TOŻSAMOŚĆ: Full electoral-roll name is Adrian Michał Palonek (portalsamorzadowy.pl). Wieliczka (his council seat and PUP post) is immediately adjacent to Kraków (Opakomet's registered seat and the KRS court), a plausible geography for this kind of appointment. Live-KRS masked initials ('P******,A*****') are co"
147,Paweł Kamiński,skip,[none] none found (credible),"Four public posts across 2019-2025 (one still current at LOTAMS and one still current at Gdynia port), all genuine spółka Rada Nadzorcza seats (S.A./sp. z o.o., not hospitals) - trap 1 not applicable.","verdict=skip || TEZA: Serial State-Treasury board nominee on four maritime/aviation companies since 2019 - no political tie substantiated || UWAGA: Do not print the PiS-membership claim without a PESEL or press statement tying that specific birth-year record to this board member; his own career (retained/promoted through the 2023 government change) is evidence against it. If a future pass finds an oświadczenie majątkowe or CV for this specific Kamiński, revisit. || TOŻSAMOŚĆ: Not settled. Only public identifier found for the board member is 'Przedstawiciel Skarbu Państwa'; no profession, hometown or CV was located. The PKW membership lead's underlying record (Paweł Jerzy Kamiński, b.1972, Śląskie) has no demonstrated link to this person. Given 29 distinct national namesa"
148,Michał Deptuch,publish,"[elected-office] Burmistrz Sulęcina (PSL), sworn in 18 Nov 2002, multiple terms; następnie wicestarosta sulęciński (zastępca starosty), odwołany 19 Nov 2015 przez radę powiatu - prasa łączyła odwołanie z odsunięciem PSL od wpływów; deklarowana przynależność do PSL w zgłoszeniach kandydatów PKW (wybory 2010, 2011) | ŹRÓDŁO: pkw_membership_111_280.json (declared_membership: 'członek Polskiego Stronnictwa Ludowego', elections 2010/2011, namesake_risk low - 1 distinct birth year nationally); https://gazetalubuska.pl/michal-deptuch-burmistrz-sulecina/ar/7834291; https://gazetalubuska.pl/michal-deptuch-odwolany-nie-jest-juz-wicestarosta-sulecinskim/ar/9102611","Two public posts, both in Sulęcin: current RN seat at Komunalnik (heating utility) since Aug 2025, confirmed still serving via live KRS (OdpisAktualny 0000060007: masked current member 'D******, M*****' consistent with Deptuch, Michał); a past RN seat at ZUK (waste utility) 2018-2020. Neither is a rada spoleczna.","verdict=publish || TEZA: Two-decade PSL mayor, purged as deputy county chief in 2015, now sits on both municipal utility boards in his own hometown || UWAGA: Two press snippets disagreed on his total years as burmistrz ('7 years as of 2010' vs. a garbled '21 years' reference) - pin down exact term dates from the PKW kadencja archive (kadencja.pkw.gov.pl/obs/pl/080000/080704.html) before publishing specific year ranges. Treat 'elected: null' on individual PKW rows as unknown, not as a loss, except where press explicitly states the outcome (sworn in 2002; removed by council vote 2015 are both confirmed by name, not by the elected flag). || TOŻSAMOŚĆ: High confidence: namesake_risk is low (only 1 distinct birth year nationally carries this exact name in PKW records). The town is identical across his ~20-year political career (burmistrz, wicestarosta) and both board seats (Sulęcin). Live KRS confirms a current masked member matching his initials."
149,Sylwia Nowakowska,skip,[none] none found,"Five public posts across 2009-2025, all genuine Rady Nadzorcze (none a rada spoleczna).","verdict=skip || TEZA: Five state-company board seats across 16 years and five unrelated regions - no political tie substantiated || UWAGA: This is a case where extensive, well-dated board history does not add up to any traceable political story - do not infer a party tie from the weak/common-surname family lead or from unlocated candidacy rows. || TOŻSAMOŚĆ: Unresolved. None of the three national 'Sylwia Nowakowska' PKW records line up geographically with any of her five company seats, so it is unclear which (if any) is her, or whether her repeated candidacies are even locatable in the PKW data at all. Live KRS confirms a current masked member 'N*******"
150,Mariusz Kotarba,publish,"[party-membership] Declared member of 'Wiosna Roberta Biedronia' per 2019 PKW candidate filing; earlier repeat SLD candidate (2010, 2014, 2019) and 2019 European Parliament candidate; most recently 2024 Samorząd candidate for Koalicyjny Komitet Wyborczy Koalicja Obywatelska (PO) | ŹRÓDŁO: pkw_membership_111_280.json lead (declared_membership: 'Wiosna Roberta Biedronia', elections: 2019, namesake_risk: medium, 2 distinct birth years nationally); person_pkw duckdb records (both national 'Mariusz Kotarba' rows share birth_year 1975 and Dolnośląskie teryt codes 022100/026501); batch's own precomputed 'parties' field already lists ['PO','SLD'] from his candidacy history","One current public post: Rada Nadzorcza, Uzdrowisko Szczawno-Jedlina, since 06 Aug 2025. Live KRS (OdpisAktualny 0000110745) confirms a current masked member 'K******, M******' with a PESEL prefix indicating a 1970s birth year, consistent with the 1975 birth year shared by both national PKW 'Mariusz Kotarba' records. No past public-company posts in the record.","verdict=publish || TEZA: Fifteen-year SLD-to-Wiosna-to-Koalicja Obywatelska candidate lands a spa-company board seat ten months after his 2024 KO run || UWAGA: No independent press profile of him was located in this pass (session's web-search quota was exhausted partway through, so this relied on PKW/duckdb records, the batch's own precomputed party field, and the live KRS check rather than a news article); recommend a follow-up search of Wałbrzych-area local press for coverage of either his 2024 KO candidacy or the Aug 2025 board appointment before publishing. || TOŻSAMOŚĆ: Namesake risk is medium (only 2 distinct birth years nationally). Both PKW records for this exact name share birth year 1975 and a Dolnośląskie teryt code, geographically consistent with Szczawno-Zdrój/Wałbrzych. Live-KRS masked initials and PESEL-prefix are consistent with this. Reasonable identity"
151,Stefan Luszowiecki,publish,"[elected-office] Radny gminy Radgoszcz, kadencja 2010-2014 (KWW ""Twoja Gmina - Twój Dom"", wybory samorządowe 2010, wygrana - PKW/person_pkw dataset, wiersz election_year=2010, candidacy_success=TRUE). Siedmiokrotny kandydat w wyborach samorządowych 2002-2024 na szczeblu gminy Radgoszcz i powiatu dąbrowskiego, w tym w 2018 r. z listy KW Prawo i Sprawiedliwość do rady powiatu dąbrowskiego (przegrana) i w 2024 r. z KWW Wspólnota Samorządu Powiśla Dąbrowskiego do rady powiatu (przegrana, candidacy_success=FALSE). | ŹRÓDŁO: person_pkw dataset (PKW wybory samorządowe), rows for Luszowiecki Stefan (birth_year 1956) 2002/2006/2010/2014(x2)/2018/2024; only one national match for the surname","1 public post, currently held and KRS-confirmed (RN, Gminne Centrum Medyczne Radgoszcz). No rada spoleczna posts in his record.","verdict=publish || TEZA: Two-decade perennial local candidate, one term as radny (2010-14), lands RN seat 9 months after his 2024 defeat || UWAGA: No press coverage found, only PKW candidate-database rows and the live KRS register - solid but entirely primary-source, no journalism corroborating the RN appointment or naming who proposed him. Worth a look at the gmina council minutes/resolution appointing the GCM board in Aug 2025 before publishing, to see who nominated him. || TOŻSAMOŚĆ: Strong: surname is nationally unique in the PKW dataset (single Stefan Luszowiecki, b.1956); KRS masked-name pattern matches exactly; his private business address (Luszowice, gmina Radgoszcz) matches the company's home gmina."
152,Joanna Kaczmarska,skip,"[candidacy-only] No declared party membership and no family tie found. Her only PKW trace is her own losing 2024 candidacy for Żagań gmina council (KW Nasze Miasto - person_pkw dataset, teryt 081000/081002, candidacy_success=FALSE). She was personally proposed for the presidency of Subbus (Nowa Sól) in 2025 by Nowa Sól's mayor Beata Kulczycka, but no prior working relationship with Kulczycka was found - reads as a standard executive hire of an experienced transport-company manager, not political patronage. | ŹRÓDŁO: https://regionalna24.pl/artykul/z-prezesa-na-prezesa-n1480541 (article on the MZK Żagań -> Subbus move); person_pkw dataset row for Kaczmarska Joanna b.1983, 2024 candidacy","2 public executive posts (both Prezes Zarządu, not RN): Subbus Nowa Sól (current, KRS-confirmed) and MZK Żagań (2017-2025, confirmed ended). No rada spoleczna involvement.","verdict=skip || TEZA: 21-year transport-company manager, cross-town move on the mayor's recommendation - no party or family thread || UWAGA: This is a skip on the political-connection test specifically, not on the facts - there is a real, well-sourced career story here, it just isn't a political one. If a party membership or an older tie to a Żagań-area politician turns up later, revisit. || TOŻSAMOŚĆ: Solid: two distinct Kaczmarska Joanna PKW rows exist nationally, disambiguated by birth year (1983) and teryt matching the Żagań/Nowa Sól (Lubuskie) area; press narrative and KRS transitions line up exactly with the same person moving between the two named companies."
153,Marcin Politewicz,publish,"[family] Syn Tadeusza Politewicza (ur. 1.04.1947, Olsztyn), radnego Sejmiku Województwa Warmińsko-Mazurskiego z listy PO/KO od 2007 r., reelected na 5. kadencję w 2024 r., przewodniczącego Komisji Zdrowia, Polityki Społecznej, Rodziny i Sportu - stated by name in press: ""Czy rada nadzorcza PWiK w Olsztynie, to synekury dla dzieci polityków?"". Marcin sam kandydował do rady miasta Olsztyna w 2010 r. z listy KW Platforma Obywatelska (przegrana) i - wg danych PKW/person_pkw - wygrał mandat radnego powiatu olsztyńskiego w 2024 r. z listy KKW Koalicja Obywatelska (candidacy_success=TRUE; nie znalazłem niezależnego potwierdzenia prasowego tego konkretnego mandatu w dostępnym czasie). | ŹRÓDŁO: https://www.debata.olsztyn.pl/wiadomoci/olsztyn/8446-czy-rada-nadzorcza-pwik-w-olsztynie-to-synekury-dla-dzieci-politykow-najnowsze-slajd-kafelek.html (~X/XI 2022, corroborated by the company's own sprostowanie of 8.11.2022 which disputes relevance but not the parentage); https://pl.wikipedia.org/wiki/Tadeusz_Politewicz; https://www.portalsamorzadowy.pl/osoba/tadeusz-politewicz,25010.html (kadencja 2024-2029)","2 public RN posts, both currently active and KRS-confirmed (WMARR since 2025-07-28, PWiK Olsztyn since 2022-01-31). Neither is a rada spoleczna.","verdict=publish || TEZA: Son of a sitting PO/KO sejmik radny, holds two supervisory board seats plus a senior Marshal's Office post, and by PKW's own data won a county council seat himself in 2024 || UWAGA: The 2024 powiat-council win is sourced only from the person_pkw dataset row (WebSearch quota was exhausted before I could locate an independent BIP/press confirmation of the seat itself) - verify against powiat olsztyński's official 'Skład Rady' page before printing that specific line; the family-tie connection is solid regardless and does not depend on it. || TOŻSAMOŚĆ: Strong: ""Politewicz"" is nationally rare (7 people per the family-leads file); the debata.olsztyn.pl article names him explicitly as Tadeusz's son and as the Marshal's Office administration director while discussing the PWiK board seat, tying the family fact directly to one of the two KRS-confirmed p"
154,Artur Bochenek,publish,"[elected-office] Radny Rady Miasta Nowego Sącza, kadencja 2024-2029, wybrany z własnego komitetu prezydenta miasta - KWW Koalicja Nowosądecka Ludomira Handzla (708 głosów, 8,88%, okręg 1 - zwycięstwo). Obecnie I Zastępca Prezydenta Miasta Nowego Sącza pod prezydentem Ludomirem Handzlem. Ten sam komitet (Koalicja Nowosądecka) już w 2014 r. | ŹRÓDŁO: https://www.portalsamorzadowy.pl/osoba/artur-bochenek,236947.html (2024 election result); https://bip.malopolska.pl/nowysacz,m,286338,i-zastepca-prezydenta.html; https://twojsacz.pl/system-stolek-za-stolek-w-rozkwicie-tym-razem-przyjazn-na-linii-nowy-sacz-swietochlowice/","3 public RN posts total, only 1 currently active and KRS-confirmed (MPGK Gorlice since 2023-02-10); the Świętochłowice chairmanship (2025-07-23 to 2026-01-08) and Tarnów seat (2022-08-23 to 2024-07-04) have both ended - do not present either as current. None are rada spoleczna.","verdict=publish || TEZA: Sitting Nowy Sącz deputy mayor collects RN seats on three unrelated communal companies across two voivodeships || UWAGA: He and mayor Handzel were detained by CBA/EPPO on 23 Oct 2025 over an unrelated training-tender matter (not the board seats) and later returned to duty after a court overturned their suspension - relevant context for how current/notable he is, but not itself part of the RN-seat story. Why the Świętochłowice seat ended in Jan 2026 (routine reshuffle vs. fallout from press/scandal) was not found and is worth checking before publishing that seat as historical fact. || TOŻSAMOŚĆ: Strong, and namesake risk explicitly resolved: two Artur Bocheneks exist in PKW nationally with different birth years; ours (b.1979) is pinned to Nowy Sącz by teryt code, the Koalicja Nowosądecka committee name, and portalsamorzadowy's exact vote count matching his current radny mandate."
155,Mariusz Filipiuk,publish,"[elected-office] Starosta bialski (przewodniczący zarządu powiatu) od 30.03.2016, reelected 2018 i ponownie na kadencję 2024-2029 (PSL, 17 głosów za w radzie powiatu). | ŹRÓDŁO: https://bialasiedzieje.pl/informacje-bialskie/psl-sprytnie-zapanowalo-nad-powiatem-bialskim/CrYrMN0oo6KsuOWcwNQF (~V 2024); https://pl.wikipedia.org/wiki/Mariusz_Filipiuk; https://radiobiper.info/2026/06/25/jaki-byl-rok-2025-dla-powiatu-bialskiego-starosta-bialski-mariusz-filipiuk-podsumowal-prace-samorzadu-w-2025-roku/ (25.06.2026, confirms still in office)","1 public post, currently held and KRS-confirmed (RN, PUK Międzyrzec Podlaski). 1 further job excluded under trap 1 (rada spoleczna, WSS Biała Podlaska, already ended 2019).","verdict=publish || TEZA: Sitting PSL starosta of Powiat Bialski holds a paid RN seat at his hometown's communal utility company || UWAGA: A sitting starosta holding a paid supervisory-board seat at a gmina-owned company may run into Poland's 1997 local-government anti-corruption/incompatibility act (which generally bars powiat/gmina executives from spółka boards); I could not resolve within the time budget whether that ban's scope crosses JST tiers (powiat official vs. gmina company) in this case. Flag for legal review before framing this as improper, but the political-connection story (elected-office) stands on its own regardless of that question. || TOŻSAMOŚĆ: Very strong: birth date/place (16.01.1974, Międzyrzec Podlaski) matches the company's home town exactly; the live KRS masked entry matches his name precisely; he is independently and repeatedly identified by name across Wikipedia and several local outlets as the currently serving starosta of the ver"
156,Piotr Maziarz,publish,"[elected-office] Burmistrz Kudowy-Zdroju 2014–2018 (KWW My dla Kudowy, bezpartyjny, wygrana w II turze z Andrzejem Kaneckim); wcześniej radny miejski Kudowy-Zdroju z listy KW Na Rzecz Rozwoju Miasta Kudowa-Zdrój (wybory 2002, lista nr 12); w 2024 kandydat nr 1 na liście KWW Porozumienie Obywatelskie Ziemi Kłodzkiej do Rady Powiatu Kłodzkiego, okręg 6 (Duszniki-Zdrój, Kudowa-Zdrój, Szczytna, Lewin Kłodzki) — nie wybrany | ŹRÓDŁO: pl.wikipedia.org/wiki/Władze_miasta_Kudowa-Zdrój (lista burmistrzów, kadencja 2014–2018, i wynik radnego 2002); 24klodzko.pl 'Wybory Samorządowe 2024. Kandydaci do Rady Powiatu Kłodzkiego' (lista/komitet/miejsce zamieszkania); bip.powiat.klodzko.pl/940/sklad-rady-powiatu-klodzkiego.html (brak go na liście 27 radnych VII kadencji, więc przegrał)","1 aktualny liczony post publiczny: RN Dusznicki Zakład Komunalny (KRS 0000450624) od 22.07.2025, potwierdzone jako aktualne przez api-krs.ms.gov.pl OdpisAktualny (stan na 31.07.2026; zamaskowany wpis 'M******'/'P****' — 7 i 5 znaków, zgodne z długością 'Maziarz'/'Piotr'). Organ realny (rada_nadzorcza), nie rada społeczna — pułapka 1 nie dotyczy. Dwa zakończone posty historyczne opisane w 'reason'.","verdict=publish || TEZA: Były burmistrz Kudowy-Zdroju, po przegranej w 2024 r. walce o radę powiatu, rok później zasiada w radzie nadzorczej sąsiedniej spółki komunalnej || UWAGA: Nie był wybrany do Rady Powiatu Kłodzkiego w 2024 r. — nie pisać, że jest obecnie radnym powiatowym. Komitetu z kandydatury do Sejmu 2007 nie udało się ustalić. Dolnośląski Park Innowacji i Nauki (KRS 0000319739) ma public:false w naszych danych i nie znalazłem go na sprawdzonych listach hardcoded (SPOLKI_SKARBU_PANSTWA, MKiDN) w list.py — nie twierdzę więc, że to fałszywy negatyw is_public, ale nie jest to pewne w drugą stronę. || TOŻSAMOŚĆ: Ta sama postać przez całą karierę: burmistrz sąsiedniej gminy w tym samym powiecie kłodzkim, kandydat 2024 mieszkający w Kudowie-Zdroju i startujący w okręgu obejmującym wprost Duszniki-Zdrój, obecnie w RN spółki komunalnej Duszniki-Zdroju — spójna, jedna osoba działająca lokalnie od 1998 r. Zamasko"
157,Seweryn Gutkowski,ODRZUCONE,"[party-office] Przewodniczący Koła Tarnów (okręg wyborczy nr 15) partii Polska 2050 Szymona Hołowni; kandydat koalicji Trzecia Droga (Polska 2050) do Sejmiku Województwa Małopolskiego w okręgu nr 5 w wyborach 2024 (2023 głosy, 0,93%, nie wybrany) | ŹRÓDŁO: polska2050.pl/kolo/malopolskie/15-tarnow/ oraz polska2050.pl/ludzie/seweryn-gutkowski/ (strona własna partii, dostęp 2026-09-03); wynik wyborczy Sejmik Małopolski okręg 5, 2024 (podsumowanie prasowe wiadomosci.wp.pl)","1 aktualny liczony post publiczny: Wiceprezes Zarządu Tarnowskich Wodociągów (KRS 0000085822) od 18.07.2025, potwierdzone jako aktualne i jako WICEPREZES (nie prezes) przez api-krs.ms.gov.pl OdpisAktualny (stan 30.07.2026) oraz przez BIP spółki (tw.tarnow.4bip.pl, aktualizacja 11.07.2025) — zamaskowany wpis 'G********'/'S******' zgodny z długością 'Gutkowski'/'Seweryn'. Prezesem jest Ryszard Kowalczyk, osoba trzecia wyłoniona w konkursie po odejściu wieloletniego prezesa Tadeusza Rzepeckiego (22 lata na stanowisku).","verdict=publish || ODRZUCONE PRZEZ WERYFIKATORA: The single load-bearing claim in this dossier -- that Seweryn Gutkowski is Przewodniczacy Kola Tarnow (partii Polska 2050) -- does not survive opening the cited source. Fetched and parsed directly (curl, raw HTML, both https://polska2050.pl/ludzie/seweryn-gutkowski/ and https://polska2050.pl/kolo/malopolskie/15-tarnow/, confirmed by post-id 1864 / canonical URL match, retrieved 2026-09-04): his ow || TEZA: Szef koła Polski 2050 w Tarnowie: trzy miesiące po przegranej kampanii do sejmiku trafia do rady nadzorczej miejskich wodociągów, rok później zostaje wiceprezesem || UWAGA: Wcześniejsze automatyczne podsumowanie wyszukiwania błędnie podawało, że został 'prezesem' — zweryfikowane jako nieprawdziwe (jest wiceprezesem; prezesem jest inna osoba, Ryszard Kowalczyk). Nie mylić tych dwóch nazwisk na stronie. || TOŻSAMOŚĆ: Spójna, jedna biografia powtórzona identycznie na stronie partii i w prasie: 20 lat w samorządzie małopolskim (sekretarz gminy, wiceburmistrz Ryglic i Świątnik Górnych), obecnie szef koła Polski 2050 w Tarnowie i członek zarządu Tarnowskich Wodociągów — bez sprzeczności ani ryzyka homonimii."
158,Aldona Węgrzynowicz,publish,"[elected-office] Radna Sejmiku Województwa Śląskiego kadencji 2024–2029, wybrana z Koalicyjnego Komitetu Wyborczego Koalicja Obywatelska w okręgu nr 7 (Sosnowiec, Dąbrowa Górnicza, Jaworzno, powiaty będziński i zawierciański), 5876 głosów; wcześniej kandydatka Komitetu Wyborczego Platforma Obywatelska RP w wyborach samorządowych 2014 | ŹRÓDŁO: bip.slaskie.pl/sejmik_wojewodztwa/radni_sejmiku/aldona-wegrzynowicz.html (oficjalny profil BIP Sejmiku Śląskiego); portalsamorzadowy.pl/osoba/aldona-wegrzynowicz,283714.html","2 aktualne liczone posty publiczne: Prezes Zarządu PK Ogrodzieniec (KRS 0000053459) od 18.07.2025 — potwierdzone aktualne przez api-krs.ms.gov.pl (stan 26.08.2026; zamaskowany wpis 'W***********'=12 znaków zgodny z 'Węgrzynowicz', 'A*****'=6 zgodny z 'Aldona'); RN PUK Zawiercie (KRS 0000621821) od 12.07.2024 — potwierdzone aktualne (stan 07.07.2026, ta sama zgodność maski). 2 posty wyłączone jako rada społeczna (pułapka 1): SPZOZ Toszek i SPZOZ Sosnowiec.","verdict=publish || TEZA: Urzędująca radna sejmiku śląskiego (KO): trzy miesiące po wyborach 2024 trafia do rady nadzorczej spółki komunalnej, rok później zostaje prezesem drugiej i zasiada w dwóch radach społecznych szpitali || UWAGA: Nie opisywać dwóch rad społecznych SPZOZ jako rad nadzorczych/stanowisk w korycie — projekt świadomie je wyklucza (pułapka 1), mimo że w naszych danych są oznaczone rolą 'Rada Nadzorcza'. Oba liczone stanowiska zaczęły się już w trakcie trwającej kadencji sejmikowej, więc to kumulacja na istniejącym mandacie, nie nagroda za jednorazowy wynik wyborczy. || TOŻSAMOŚĆ: Wszystkie stanowiska i okręg wyborczy leżą w tym samym klastrze Zagłębia (Sosnowiec/Dąbrowa Górnicza/Zawiercie/Ogrodzieniec), zgodnie z jej bazą w Dąbrowie Górniczej i wiceprezesurą w Zagłębiowskiej Izbie Gospodarczej. Data urodzenia 4.03.1979 podana na jej oficjalnym profilu BIP sejmiku."
159,Krzysztof Mejer,publish,"[elected-office] Radny Rady Miasta Ruda Śląska wybrany w 2024 r. z listy Koalicji Obywatelskiej — zrezygnował z mandatu po ok. 3 miesiącach (sierpień 2024), bo ustawa antykorupcyjna zakazuje łączenia mandatu radnego z funkcją członka zarządu spółki, w której gmina (Ruda Śląska) jest udziałowcem (Fundusz Górnośląski); wcześniej doradca, a od 1.06.2015 do VI.2022 zastępca prezydenta Rudy Śląskiej Grażyny Dziedzic | ŹRÓDŁO: rudaslaska.com.pl/artykuly/artykul/krzysztof-mejer-rezygnuje-z-mandatu-radnego-miasta-ruda-slaska; slaskaopinia.pl/2024/08/01/byly-wiceprezydent-rudy-slaskiej-rezygnuje-z-mandatu-radnego/; pl.wikipedia.org/wiki/Krzysztof_Mejer","1 aktualny liczony post publiczny: Członek Zarządu Trakcja S.A. (KRS 0000084266, koleje; public:false w naszych danych mimo nominacji przez państwową ARP) od 7.11.2025 — potwierdzone aktualne przez api-krs.ms.gov.pl (stan 03.07.2026; zamaskowany wpis 'M****'/'K********' — 5 i 9 znaków, zgodny z 'Mejer'/'Krzysztof', prefiks PESEL '6*' zgodny z rokiem urodzenia 1969). Wszystkie pozostałe 8 stanowisk wymienionych w 'reason' są w naszych danych zamknięte (end != null) — bez śladu pułapki 2 (zdublowanych otwartych wpisów).","verdict=publish || TEZA: Wybrany z list KO w 2024 r., oddał mandat radnego po trzech miesiącach dla stanowiska wiceprezesa wojewódzkiej spółki, rok później trafił do zarządu Trakcji S.A. z nominacji ARP || UWAGA: Fundusz Górnośląski i Trakcja mają w naszych danych public:false, choć są powiązane ze skarbem państwa/samorządem wojewódzkim (nominacja ARP dla Trakcji, właścicielem Funduszu Górnośląskiego jest województwo śląskie) — nie znalazłem ich na dwóch sprawdzonych listach hardcoded (SPOLKI_SKARBU_PANSTWA, MKiDN) w list.py, więc nie twierdzę, że to potwierdzony fałszywy negatyw is_public, tylko sygnalizuję do sprawdzenia pełniejszej listy. Formalnie przez większość kariery był 'bezpartyjny' — najmocniejszym, w pełni udokumentowanym wątkiem politycznym jest relacja robocza z Grażyną Dziedzic (kategoria E), a nie sama przynależność partyjna. || TOŻSAMOŚĆ: Bardzo dobrze potwierdzone: dziesiątki artykułów prasowych (rudaslaska.com.pl, Śląska Opinia, tag Dziennika Zachodniego, Wikipedia) opisują tę samą osobę — byłego wiceprezydenta Rudy Śląskiej. Zamaskowany wpis KRS dla Trakcji zgadza się literowo i rokiem urodzenia."
160,Marian Skrętkowicz,publish,"[elected-office] Wiceprzewodniczący Rady Miejskiej w Jelczu-Laskowicach (potwierdzone bezpośrednim cytatem prasowym z sesji 19.06.2009: 'wiceprzewodniczący rady Marian Skrętkowicz, który prowadził obrady' — dokładne granice kadencji nieustalone); wieloletni kandydat samorządowy w Jelczu-Laskowicach (2002, 2006, 2010, 2014, 2018 — bez partii w naszych danych, wynik 2018: 98 głosów, 2,99%, przegrana) | ŹRÓDŁO: tuolawa.pl/artykul/16718,wiceburmistrz-kontra-ksiadz (artykuł z 19.06.2009, cytat wprost); jbc.jelenia-gora.pl (Wiadomości Oławskie 2007, wzmianka o dyżurach wiceprzewodniczącego, treść niedostępna do pełnej weryfikacji)","1 aktualny liczony post publiczny: RN ZGM-TBS Jelcz-Laskowice (KRS 0000124144) od 15.07.2025, potwierdzone aktualne przez api-krs.ms.gov.pl OdpisAktualny (stan 01.07.2026; zamaskowany wpis 'S**********'=11 znaków zgodny z 'Skrętkowicz', 'M*****'=6 zgodny z 'Marian', prefiks PESEL '4*' spójny z wiekiem długoletniego lokalnego działacza). Organ realny (rada_nadzorcza) — pułapka 1 nie dotyczy żadnego z trzech stanowisk.","verdict=publish || TEZA: Wieloletni wiceprzewodniczący rady miejskiej, nieprzerwanie od 2004 r. w radach nadzorczych lokalnych spółek komunalnych — bez potwierdzonej etykiety partyjnej || UWAGA: Nie potwierdziłem samodzielnie treści postanowienia Komisarza Wyborczego we Wrocławiu z 25.09.2023 (dot. obwodowych komisji wyborczych) — wyszukiwarka streściła je jako zgłoszenie tej osoby przez KKW Koalicja Obywatelska, ale nie zdołałem odczytać oryginalnego PDF-a (brak narzędzi do ekstrakcji tekstu w tym środowisku), więc NIE umieszczam tego jako potwierdzonego faktu w polu connection. Plik family_leads oznacza 'silny' (rzadki, 14 osób w kraju) trop rodzinny do Piotra Skrętkowicza (ur. 1970, kandydat PO/KO w tym samym powiecie w 2010/2014/2018) — realny trop wart sprawdzenia (np. syn), ale nie znalazłem żadnego opublikowanego stwierdzenia tej relacji, więc traktuję to wyłącznie jako trop, nie fakt do publikacji. || TOŻSAMOŚĆ: Wszystkie stanowiska i funkcja radnego dotyczą tego samego małego miasta (Jelcz-Laskowice, powiat oławski); cytat prasowy z 2009 r. i wynik kandydatury 2018 (98 głosów) opisują tę samą, jedną lokalną postać — nie znalazłem sprzeczności ani ryzyka homonimii, choć nie udało się potwierdzić dokładnej k"
161,Paweł Wiśniewski,ODRZUCONE,"[board-co-appearance] Prezes Zarządu spółki wojewódzkiej Regionalny Ośrodek Zrównoważonego Rozwoju w Przysieku (100% udziałów Województwa Kujawsko-Pomorskiego) nieprzerwanie od 17.11.2010 r. — funkcja obsadzana/utrzymywana przez Zarząd Województwa, któremu od 2006 r. bez przerwy przewodniczy marszałek Piotr Całbecki (PSL). Od 22.04.2026 r. ten sam Paweł Wiśniewski reprezentuje też Województwo Kujawsko-Pomorskie w Radzie Nadzorczej Portu Lotniczego Bydgoszcz S.A. | ŹRÓDŁO: https://rozr.pl/organy-spolki/ (ROZR Przysiek, strona 'Organy spółki': 'Paweł Wiśniewski – Prezes Zarządu'; 'Województwo Kujawsko-Pomorskie – 100% udziałów'); https://plb.pl/rada-nadzorcza/ (Port Lotniczy Bydgoszcz S.A., oficjalna strona: 'Paweł Wiśniewski – Członek Rady Nadzorczej, Województwo Kujawsko-Pomorskie'); https://kujawsko-pomorskie.pl/zarzad/piotr-calbecki/ (marszałek od 2006 r., PSL, potwierdzone też m.in. przez polskieregiony.pl 'marszałek Piotr Całbecki ponownie na czele zarządu województwa')","4 currently held and KRS-verified as of Sept 2026 (ROZR Przysiek since 2010, Port Lotniczy Bydgoszcz since Apr 2026, ZGK Sępólno since Jul 2025, Nowy Szpital Nakło since Dec 2024). None are rada spoleczna (the one rada spoleczna seat in his batch record, Szpital Specjalistyczny Toruń, is historical, 2016–2020, and correctly excluded).","verdict=publish || ODRZUCONE PRZEZ WERYFIKATORA: Do not publish the write-up as drafted. The four current board/executive seats and the trap-4 namesake catch are all solid and verified — but the headline and CLAIMED CONNECTION rest on a false statement about a named, easily-checkable public official: marszałek Piotr Całbecki is NOT PSL. He is Platforma Obywatelska / Koalicja Obywatelska (elected 2002 on a PO-recommended list, AWS before that, PO || TEZA: A career board-sitter kept in place for 16 years by a PSL-run regional government just landed the airport board too — but at least one of his ten listed jobs belongs to a different Paweł Wiśniewski || UWAGA: This node conflates at least two, possibly three or four, different men named Paweł Wiśniewski (the batch's remaining historical entries in Władysławowo/Gdańsk 2006–2020 and Włocławek 2004–2005 were not individually re-verified against a live PESEL, given only OdpisAktualny — not historical — data is available via the free KRS API). Before publishing, get an unredacted extract (paid rejestr.io/KRS) or a press bio for the ROZR prezes to nail down his personal party card and disambiguate him from the Toruń/PO namesake in the 2010 PKW data. || TOŻSAMOŚĆ: Confirmed via live KRS API cross-check: all four current seats above show the same masked identity pattern (surname 'W' + 9 asterisks = 10 letters = 'Wiśniewski'; first name 'P' + 4 asterisks = 5 letters = 'Paweł'; PESEL prefix '8') — same person across all four. However, the batch's fifth 'current'"
162,Łukasz Jan Lach,skip,[none] none found,"1 current (Miejski Zakład Komunalny w Polanicy-Zdroju, rada nadzorcza member, since 2025-07-10), confirmed genuinely current via live KRS API.","verdict=skip || TEZA: A Polanica-Zdrój water-and-transport entrepreneur with one supervisory seat and no discoverable political trace || UWAGA: Family lead (Władysław Lach, born 1948, ran on committees tied to Mariusz Szpilarewicz — plausibly the mayor of a neighbouring Kłodzko-powiat town) is flagged 'weak (common surname)' by the tool and I found no published statement tying the two Lachs together; per the family-research scope limit, not used. Do not resurrect this lead without an actual published relationship statement. || TOŻSAMOŚĆ: Confirmed by matching the live KRS masked entry ('L***'/'Ł*****', PESEL prefix '9') to the rejestr.io profile (id 3144318) at the same company; rejestr.io independently corroborates his four other current business connections under the same name."
163,Adrian Legęncki,publish,"[candidacy-only] Kandydat na Prezydenta Miasta Tomaszowa Mazowieckiego w wyborach samorządowych 7 kwietnia 2024 r., z ramienia lokalnego komitetu KWW 'Wszyscy Razem w Tomaszowie Mazowieckim' (założonego w 2010 r. przez byłego starostę tomaszowskiego Piotra Kagankiewicza); przegrał z urzędującym prezydentem Marcinem Witko, który uzyskał reelekcję. | ŹRÓDŁO: format3a.pl, 'Kandydat na prezydenta Tomaszowa Mazowieckiego Adrian Legęncki odpowiada na pytania', 04.04.2024 (https://format3a.pl/kandydat-na-prezydenta-tomaszowa-mazowieckiego-adrian-legencki-odpowiada-na-na-pytania/); tomaszowmazowiecki.naszemiasto.pl, 'Wszyscy Razem w Tomaszowie prezentują kandydatów i program...', 16.03.2024 (https://tomaszowmazowiecki.naszemiasto.pl/wszyscy-razem-w-tomaszowie-prezentuja-kandydatow-i-program/ar/c1-9647287); result confirmed by tomaszowmazowiecki.naszemiasto.pl headline 'Wyniki wyborów w Tomaszowie 2024: Marcin Witko ponownie...'","1 current (Energetyka Cieplna Skierniewice, rada nadzorcza, since 2025-07-08, confirmed current via live KRS + the company's own board page); 1 closed short stint (ŁARR, Oct–Dec 2024); 1 older closed stint (Wytwórnia Filmów Oświatowych, 2013–2019).","verdict=publish || TEZA: A Tomaszów Mazowiecki lawyer ran for city president in April 2024, lost, and within a year picked up two regional public-company board seats || UWAGA: No PKW-declared party membership found (pkw_membership lead file returned null), and he explicitly ran as an independent, so do not describe him as party-affiliated — the story here is candidacy + accumulation, not partisanship. || TOŻSAMOŚĆ: Live KRS OdpisAktualny for Energetyka Cieplna Skierniewice shows masked 'L*******'/'A*****' (8+6 letters = Legęncki/Adrian) with PESEL prefix '8'; the naszemiasto.pl campaign article states he was 38 in March 2024 (born ~1985/86) and identifies him as an adwokat living in Niebrów (gmina Tomaszów Maz"
164,Marcin Harasimowicz,publish,"[board-co-appearance] Powołany 5 czerwca 2024 r. przez nowo wybranego prezydenta Legnicy Macieja Kupaja (Koalicja Obywatelska/PO, wygrał wybory samorządowe 2024 kończące 22-letnie rządy poprzedniej ekipy) do Rady Nadzorczej Miejskiego Przedsiębiorstwa Komunikacyjnego w Legnicy, w ramach szerokiej wymiany składów rad nadzorczych spółek miejskich przeprowadzanej przez nowego prezydenta. | ŹRÓDŁO: tulegnica.pl, Piotr Kanikowski, 'Zmiany w radach nadzorczych SAG-u i MPK Legnica', 05/06/2024 (https://tulegnica.pl/artykul/zmiany-w-radach-nadzorczych-n1586493): 'W radzie nadzorczej MPK Legnica w miejsce Adama Wszołka, Wojciecha Popławskiego i Pawła Kalety znaleźli się również adwokat Marcin Harasimowicz i Mariusz Gołębiowski'; wroclaw.wyborcza.pl, 'PO odbiła Legnicę po 22 latach. Maciej Kupaj nowym prezydentem'","2 current: WPEC Legnica (since 2024-06-20) and TBS Kamienna Góra (since 2025-07-03), both KRS-confirmed current; 1 closed (MPK Legnica, 2024-06-24 to 2025-06-04) — the one directly named in the Kupaj-reshuffle article.","verdict=publish || TEZA: Legnica lawyer installed on the transit-company board in the new PO mayor's clean-out of city company boards, then picked up two more regional seats || UWAGA: The family lead (Krzysztof Harasimowicz, teryt in gmina Nowogród, powiat łomżyński, Podlaskie, candidacies 2002/2010) is geographically unrelated to Dolnośląskie (Legnica/Kamienna Góra) and I found no PKW record at all for Marcin Harasimowicz himself despite the batch listing a 2024 candidacy — could not independently verify that candidacy (a dataset gap also seen for other people in this batch, e.g. n=165's 2018/2024 rows), so I have not relied on it; the MPK Legnica press citation stands on its own regardless. || TOŻSAMOŚĆ: Live KRS PESEL-prefix match ('8', born 198x) plus firmy.ai birth record (7 Oct 1981) plus consistent identification across multiple sources as 'adwokat Marcin Harasimowicz' practicing in Legnica. Checked and explicitly excluded a namesake: a Polish Wikipedia article for a different 'Marcin Harasimow"
165,Marek Marian Bednarczyk,publish,"[elected-office] Radny Rady Gminy Mokobody (powiat siedlecki, woj. mazowieckie), kadencja 2010-2014, mandat objęty 21.11.2010 z własnego komitetu KWW BEDNARCZYK (okręg wyborczy nr 1); wcześniej kandydował w tej samej gminie z listy PSL (2002) i PiS (2006), a ponownie z własnego komitetu w 2014 r. | ŹRÓDŁO: kadencja.pkw.gov.pl official PKW register of councillors, term 2010–2014, gm. Mokobody: https://kadencja.pkw.gov.pl/obs/pl/140000/142604.html — lists 'Bednarczyk Marek Marian, Data objęcia mandatu: 2010-11-21, Komitet: KWW BEDNARCZYK, Rada Gminy w Mokobodach, Okręg wyborczy nr 1'; person_pkw dataset confirms the earlier 2002 PSL and 2006 PiS candidacies at the same teryt (142604)","1 current (PWiK Siedlce, rada nadzorcza, current spell since 2025-07-01, continuing a seat held since 2002), confirmed genuinely current via live KRS API.","verdict=publish || TEZA: A Mokobody councillor has sat on the Siedlce water utility's board almost continuously since 2002, after runs on PSL, then PiS, then his own ticket || UWAGA: The family_leads file's same-surname candidates (Józef, Wojciech, Maria, Milena Bednarczyk, all in Słopnice/Ludźmierz, powiat nowotarski, Małopolskie/Podhale) are a different region entirely from Siedlce/Mokobody (Mazowieckie) and were not used — flagged by the tool as 'weak (common surname)' and geography confirms they are unrelated. || TOŻSAMOŚĆ: Full name match, including the uncommon middle name 'Marian', against the official PKW councillor register (kadencja.pkw.gov.pl) at the same teryt as the earlier PSL/PiS candidacies; live-KRS PESEL prefix '6' is consistent with the PKW-recorded birth_year 1963."
166,Wojciech Skruch,publish,"[elected-office] czlonek partii politycznej: Prawo i Sprawiedliwosc (PKW declaration, 2011/2019/2023/2024); radny Sejmiku Wojewodztwa Malopolskiego (PiS), reelected/retained April 2024 | ŹRÓDŁO: PKW person_pkw candidate rows (declared_membership field, elections 2011/2019/2023/2024, namesake_risk=low); rdn.pl, 9 kwietnia 2024, headline 'Wojciech Skruch zostaje w sejmiku wojewodzkim'; rdn.pl, 29 kwietnia 2024, 'Wojciech Skruch nowym przewodniczacym sejmiku wojewodztwa malopolskiego?'; rdn.pl, 25 wrzesnia 2024, 'Wojciech Skruch znow na czele spolki Dorzecze Bialej' (all found via Google News RSS for rdn.pl; full article bodies blocked by Google's consent wall, headline+outlet+date used as citation)","2 confirmed-current public-company posts (Dorzecze Bialej prezes; Niedomice RN), both re-verified live via the KRS API; 1 hospital rada spoleczna seat correctly excluded per trap 1.","verdict=publish || TEZA: PiS regional councillor who chairs a communal water company he was reappointed to head right after the 2024 vote || UWAGA: Could not fetch full text of the rdn.pl articles (Google News redirect hits a consent wall that automated fetch could not clear); relied on outlet+date+headline from the RSS feed rather than full body text. Do not print the Kol-Med hospital seat as a company post. || TOŻSAMOŚĆ: PKW namesake_risk explicitly LOW (only 1 birth year nationally shares this exact name). Live-KRS redacted name/pesel-prefix ('S***** W*******', prefix 7) is consistent across both current company filings. Geographic cluster (Tarnow/Tuchow/Niedomice) matches a single Tarnow-area PiS sejmik councillor"
167,Piotr Maniara,publish,"[candidacy-only] Five-time samorzad candidate 1998-2024 in powiat glogowski, running successively for Glogowska Liga Samorzadowa (1998), Platforma Obywatelska RP (2010), Komitet Wyborczy Wyborcow Zbigniewa Rybki (2014, personal committee of a former Glogow mayor), Koalicyjny KW Platforma.Nowoczesna Koalicja Obywatelska (2018) and KKW Koalicja Obywatelska for the Lubuskie sejmik (2024) | ŹRÓDŁO: person_pkw records (person_pkw.jsonl, rows for 'Piotr Jan Maniara' b.1966, teryt 020300/020301, election_years 1998/2010/2014/2018/2024); corroborating context: Google News RSS hit 'Zbigniew Rybka chce wrocic do ratusza', Portal i.pl, 9 wrzesnia 2014, and 'Legenda o rybaku...czyta Zbigniew Rybka, prezes GPK Glogow', MyGlogow, 6 marca 2026","1 job total, confirmed current (TBS Glogow RN, 2025-07-01-present, verified live via KRS); no rada spoleczna involved.","verdict=publish || TEZA: Five-time PO/KO local candidate seated on Glogow's municipal housing company board || UWAGA: Maniara never declared formal PKW party membership (only ran on party/coalition committee tickets); his 2024 sejmik run lost. No press profile of Maniara personally was found - the only independent corroboration is of Zbigniew Rybka, the namesake of the 2014 committee he ran on. || TOŻSAMOŚĆ: Single 'Piotr Jan Maniara' nationally in PKW records, birth year 1966, teryt_living 020300/020301 (powiat glogowski) consistent across all 5 candidacies 1998-2024. family_leads flags the surname as 'strong' rarity (6 nationally) with a namesake Wioleta Maniara (PO candidate, 2014, same powiat) - no "
168,Tomasz Jamka,maybe,"[candidacy-only] Three-time losing PiS candidate 2010/2014/2024 in the Kielce area, most recently (2024) for the Swietokrzyskie regional sejmik on KW Prawo i Sprawiedliwosc | ŹRÓDŁO: person_pkw records (rows for 'Tomasz Jamka' teryt_living 266101/Kielce, committees 'Komitet Wyborczy Prawo i Sprawiedliwosc' 2010/2014 and 'KW Prawo i Sprawiedliwosc' 2024, position 'Rada sejmiku'); Radio Kielce, 8 kwietnia 2024, 'W radzie powiatu kieleckiego bedzie rzadzilo PiS'; TVP Kielce, 7 maja 2024, 'Tomasz Pleban z PiS nowym starosta powiatu kieleckiego'","1 confirmed-current post (ZGK Miedziana Gora RN, verified live); 2 past communal-company posts; 1 past hospital rada spoleczna post correctly excluded per trap 1; 1 past private-company seat not counted.","verdict=maybe || TEZA: Repeat losing PiS candidate seated on a Kielce-area water utility board after PiS took the powiat || UWAGA: No press coverage of Jamka personally was found despite several targeted searches (Bing web, Bing News, Google News) - the whole case rests on official PKW candidate rows plus KRS filings, not journalism. He never declared formal PKW party membership, only ran on PiS-committee tickets, and lost every race he entered. Before publishing, worth checking whether gmina Miedziana Gora / Piekoszow (not just the surrounding powiat) is itself PiS-aligned, and searching Echo Dnia / wKielcach.info archives directly (they were not reachable via the search tools used here). || TOŻSAMOŚĆ: Only one 'Tomasz Jamka' nationally in PKW records; all three of his own candidacy rows share teryt_living 266101. A fourth PKW row for 'Tomasz Miszalski-Jamka' at a different teryt is a different, unrelated person and was not conflated. Birth year is recorded inconsistently as 1972 (2024) vs 1973 (2"
169,Łukasz Mikołajczyk,publish,"[elected-office] Former PiS Senator RP (2015-2019) and PiS-appointed Wojewoda Wielkopolski (Nov 2019-Jan 2021); declared PiS member in PKW filings 2019/2023; elected radny Sejmiku Wojewodztwa Wielkopolskiego in both 2010 and 2024 | ŹRÓDŁO: person_pkw records (2019 senatu and 2023 senatu rows: declared_membership 'czlonek partii politycznej: Prawo i Sprawiedliwosc'; 2010 and 2024 samorzad rows for teryt 301701/Ostrow Wielkopolski marked candidacy_success=TRUE); Glos Wielkopolski, 25 listopada 2019, 'Byly senator PiS, Lukasz Mikolajczyk zostal nowym wojewoda wielkopolskim'; Wiadomosci Onet, 29 stycznia 2021, 'Michal Zielinski nowym wojewoda wielkopolskim' (confirms his dismissal); wlkp24.info, 1 marca 2021, 'Lukasz Mikolajczyk ma nowe stanowisko. Bedzie pracowal w Kaliszu'","1 post that the batch shows as ended but is CONFIRMED CURRENT via live KRS (CRK Zielen i Rekreacja RN); 1 past post (ZKS Labedy RN, genuinely ended Dec 2024, not re-disputed).","verdict=publish || TEZA: Dismissed PiS voivode who landed on two public-company boards - one still current, contrary to the pipeline's record || UWAGA: Full text of the cited news articles could not be fetched (Google News consent-wall blocked automated access); relied on outlet+date+headline from the RSS feed. The current-status finding for CRK Zielen i Rekreacja is a genuine trap-2 catch and should be flagged explicitly if this goes live, since the pipeline's own data says the post ended. || TOŻSAMOŚĆ: namesake_risk HIGH in the precomputed file (4 distinct birth years share 'Lukasz Mikolajczyk' nationally in PKW data). Checked directly: the press-documented senator/wojewoda is birth year 1977, teryt_living 301701 (Ostrow Wielkopolski) - this matches exactly the location of the CRK Zielen i Rekreac"
170,Jarosław Pucek,publish,"[working-relationship] Former Unia Wolnosci activist and declared member (2001 PKW filing); ran for Poznan city council in 2014 on the personal election committee of former PO mayor Ryszard Grobelny; by 2018-2019 ran his own committee and was floated/considered running for Poznan mayor against the sitting PO mayor | ŹRÓDŁO: person_pkw records (2001 sejmu: declared_membership 'czlonek Unii Wolnosci'; 1997 sejmu: party field 'Zarzad Unii Wolnosci'; 2014 samorzad: 'Komitet Wyborczy Wyborcow Ryszarda Grobelnego...'; 2018 samorzad: 'Komitet Wyborczy Wyborcow Jaroslawa Pucka...'; 2019 senatu: KW Prawo i Sprawiedliwosc); poznan.wyborcza.pl, 10 pazdziernika 2019, 'Byly prezydent Ryszard Grobelny ma wystartowac w wyborach do rady miasta z listy Jaroslawa Pucka'; poznan.wyborcza.pl, 8 pazdziernika 2019, 'Jaroslaw Pucek kandydatem na prezydenta zamiast Ryszarda Grobelnego?'; poznan.wyborcza.pl, 12 pazdziernika 2019, 'Jaroslaw Pucek: Startuje, nie odpuszczam. Najwiekszym zagrozeniem dla Jaskowiaka jest on sam'; Fakt, 26 sierpnia 2014, 'Prezes ZKZL zrezygnowal!'; poznan.wyborcza.pl, 8 maja 2020, 'Jaroslaw Pucek byl wiceprezesem spolki HCP tylko pol roku. Zlozylem rezygnacje'","1 post the batch shows as ended but is CONFIRMED CURRENT via live KRS (Wagrowieckie TBS RN); 3 past public-company posts (Modertrans, ZKZL, H. Cegielski), all independently reported/resigned in contemporary press; 1 private-foundation role correctly excluded from the count.","verdict=publish || TEZA: Poznan political operator who cycled through three city-controlled company boards and nearly ran for mayor || UWAGA: Full text of the cited Wyborcza/Fakt articles could not be fetched (Google News consent-wall blocked automated access); relied on outlet+date+headline from the RSS feed. A stray search hit linking a 'Fundacja im. Macieja Frankiewicza' search to the PiS-era 'Fundusz Patriotyczny' grant-scandal coverage was NOT corroborated - the foundation appears to be an apolitical memorial/sports-charity foundation for a deceased Poznan deputy mayor, and this should not be printed as a connection without independent confirmation. || TOŻSAMOŚĆ: namesake_risk HIGH in the precomputed file (3 distinct birth years share 'Jaroslaw Pucek' nationally). Checked directly: our board member is the Poznan-based Jaroslaw Pucek, birth year 1976, teryt_living 306401/300000 (Poznan). A second, unrelated Jaroslaw Stanislaw Pucek (birth 1968/69, Slaskie reg"
171,Łukasz Pachucki,publish,"[committee-role] Czterokrotny kandydat do rady miasta Ełku (2010, 2014, 2018, 2024) na liście komitetu prezydenta Ełku Tomasza Andrukiewicza ""Dobro Wspólne"" (w 2010 r. z ramienia Platformy Obywatelskiej RP) | ŹRÓDŁO: PKW person_pkw/people_pkw_merged (teryt 2805/280501, powiat ełcki): 2010 ""KOMITET WYBORCZY PLATFORMA OBYWATELSKA RP"", 2014 ""Komitet Wyborczy Wyborców Dobro Wspólne"", 2018 ""KOMITET WYBORCZY WYBORCÓW DOBRO WSPÓLNE"", 2024 ""KWW DOBRO WSPÓLNE 2024"" (candidacy_success FALSE where recorded); pl.wikipedia.org/wiki/Tomasz_Andrukiewicz confirms ""Dobro Wspólne [rok]"" as Andrukiewicz's own committee brand since 2002/2006","3 total posts across 2 companies (1 current, 2 closed); all confirmed genuinely rada nadzorcza (not rada spoleczna) and the current one confirmed still current on the live KRS register (18.06.2026 filing).","verdict=publish || TEZA: Four-time candidate for the mayor's own list, now on the mayor's investment-company board || UWAGA: The family_leads file flags Rafał Pachucki (b.1981, ran once in 2018 for a different Ełk-area committee, KWW Krzysztofa Łapińskiego, same powiat, surname flagged ""strong"") as a possible relative. I found no published statement, BIP page, or press mention establishing an actual family tie, and WebSearch was unavailable (session quota exhausted) to chase it further — treat as an unconfirmed lead only, do not print as a family connection. || TOŻSAMOŚĆ: Live KRS extract letter-count match (surname 8 letters starting P, first name 6 letters starting Ł) is unique among the 3 supervisory seats and matches rejestrIo id 2149272 on the node. PKW teryt (2805/Ełk) matches the employer's home gmina exactly across all 4 candidacies. Surname is uncommon natio"
172,Wioletta Kacprzak,publish,"[candidacy-only] Kandydatka Koalicji Obywatelskiej (KKW Koalicja Obywatelska) w wyborach samorządowych 2024 w powiecie ełckim | ŹRÓDŁO: PKW people_pkw_merged, last_name=Kacprzak first_name=Wioletta, teryt 2805 (powiat ełcki), election_year 2024, party ""KKW KOALICJA OBYWATELSKA"", candidacy_success FALSE","1 post total, current, confirmed genuinely rada nadzorcza and genuinely still current on the live register.","verdict=publish || TEZA: 2024 KO candidate placed on Ełk's city-owned investment company board within the year || UWAGA: Thin outside the one job and one candidacy — no press coverage or other public record found (general web search was unavailable this session). The story rests on timing (2024 candidacy loss -> mid-2025 board seat) and being seated the same day as another 2024 loser on the same small board; that co-occurrence is suggestive but not proof of a coordinated reward. || TOŻSAMOŚĆ: KRS letter-count match unique among the 3 RN seats; rejestrIo id 3273550 matches the node; single, unambiguous PKW record with teryt matching the employer's home gmina."
173,Wojciech Piniewski,maybe,"[candidacy-only] PKW's single national ""Wojciech Piniewski"" record (b. 1959/1960): candidate/councillor in powiat inowrocławski 2006-2024 (won 2010; ran repeatedly for ""Porozumienie Ryszarda Brejzy""; 2024 on Koalicja Obywatelska's list, won, with a declared PO membership on file) — identity vs. the company board member is UNCONFIRMED | ŹRÓDŁO: pkw_membership_111_280.json #173 (declared ""członek partii politycznej: Platforma Obywatelska RP"", declared in the 2024 election, namesake_risk: medium); person_pkw.jsonl rows for last_name=Piniewski/first_name=Wojciech, elections 2006/2010/2014/2018/2024, all teryt_candidacy 0407xx (powiat inowrocławski)","Only 1 confirmed post (Toruń, current, genuinely rada nadzorcza). The Inowrocław ""posts"" are PKW candidacy rows only, one of them (2010) recorded as a win (candidacy_success TRUE) — a real elected office IF it is the same person.","verdict=maybe || TEZA: Possibly a PO-declared Inowrocław councillor — but the board seat is 60km away in a different powiat, unverified as the same man || UWAGA: Before publishing, establish whether the Toruń board member and the Inowrocław Piniewski (councillor, declared PO member) are the same person — e.g. a full birth date from the Toruń city council appointment resolution or an oświadczenie majątkowe, checked against the 1959/1960 PKW birth years, or a press mention linking the two. Do not print the Inowrocław/PO material as this person's connection until that is settled; if refuted, this becomes a skip (career/professional appointee with no found political tie). || TOŻSAMOŚĆ: WEAK — rests on an exact name match only. A real geographic gap (Inowrocław vs Toruń, different powiats) and a birth-year inconsistency (1959 vs 1960) in the underlying PKW data were found and could not be resolved: WebSearch quota was exhausted for this session, and Bing/DuckDuckGo/Google scraping "
174,Andrzej Łuczyszyn,publish,"[committee-role] Kandydat do rady powiatu milickiego w 2024 r. z komitetu ""KWW Sławomira Strzeleckiego"" — ówczesnego, odchodzącego starosty milickiego (25.06.2019-7.05.2024) | ŹRÓDŁO: person_pkw.jsonl: election_year 2024, teryt_candidacy 021300/living 021303 (powiat milicki), party ""KWW SŁAWOMIRA STRZELECKIEGO"", candidacy_success FALSE; pl.wikipedia.org/wiki/Powiat_milicki lists starostowie milicy, confirming ""Sławomir Strzelecki (25 czerwca 2019 - 7 maja 2024)""","2 posts across 2 companies (1 closed, 1 current); both confirmed genuinely rada nadzorcza, and the current one confirmed still current on the live register.","verdict=publish || TEZA: Losing candidate for the outgoing county chief's list, picked up two public boards within a year || UWAGA: Could not independently confirm which faction/mayor Strzelecki's committee was aligned with beyond the confirmed starosta dates, or trace the local coalition politics that moved Łuczyszyn from a powiat-owned company to a gmina-owned one a year later (WebSearch was unavailable this session) — worth a press check on Milicz's 2024-2025 local coalition politics before publishing the ""reward"" framing too strongly, though the bare facts (committee, timing, two boards) stand on their own. || TOŻSAMOŚĆ: KRS letter-count match unique among the current RN seats; PKW teryt (021300/021303, powiat milicki) matches both employers' home county exactly; surname is uncommon nationally (only ~7 distinct Łuczyszyn candidates found in the whole PKW database, none else near Milicz)."
175,Radosław Paweł Adamski,ODRZUCONE,"[elected-office] Radny wybrany w 2010 r. z listy Platformy Obywatelskiej RP w Aleksandrowie Łódzkim (kandydował dla PO 2002-2014); w 2018 i 2024 kandydat komitetu urzędującego burmistrza Jacka Lipińskiego ""KWW Jacka Lipińskiego"" | ŹRÓDŁO: person_pkw.jsonl/people_pkw_merged, last_name=Adamski first_name=Radosław second_name=Paweł, teryt 1020 (powiat zgierski/gmina Aleksandrów Łódzki): 1998 ""Komitet Wyborczy Akcja Wyborcza Solidarność"", 2002 ""KW Platforma Obywatelska Rzeczypospolitej Polskiej"", 2010 ""KOMITET WYBORCZY PLATFORMA OBYWATELSKA RP"" (candidacy_success TRUE), 2014 ""Komitet Wyborczy Platforma Obywatelska RP"", 2018 ""KOMITET WYBORCZY WYBORCÓW JACKA LIPIŃSKIEGO"", 2024 ""KWW JACKA LIPIŃSKIEGO"" (candidacy_success FALSE); pl.wikipedia.org/wiki/Aleksandrów_Łódzki names Jacek Lipiński as the town's burmistrz","1 post at 1 company, but with a ~20-year real tenure (2006-2026), now genuinely ended; confirmed not rada spoleczna (explicit ""RADA NADZORCZA"" on the live register).","verdict=publish || ODRZUCONE PRZEZ WERYFIKATORA: Do not publish as framed. The identity check is incomplete: it ruled out national PKW namesakes and confirmed he's off the live KRS board, but never checked for a local namesake at PGKiM itself. An official Aleksandrów Łódzki gmina news item dated 12.02.2024 (aleksandrow-lodzki.pl) names ""Radosław Adamski, kierownik Działu Organizacyjnego PGKiM"" — i.e. this same rare name (only one nationally tied || TEZA: Two decades on the water company board of the town he was elected to serve — a post the live register shows he no longer holds || UWAGA: This is a FORMER, not current, post — the node's ""currentlyEmployed: True"" flag and the open-ended 2025-06-23 job record are a duplicate-edge data bug (classic trap 2) and should be corrected/removed before publishing; publish on the strength of the ~20-year, just-ended tenure plus the two committee ties (PO win 2010, mayor's list 2018/2024), not as an active board seat. || TOŻSAMOŚĆ: Live KRS confirms no current Adamski on the board (rules out an active-seat identity error). Birth year (1964) is consistent across all 6 PKW election records for this exact name+second-name combination; PKW teryt (1020) matches the company's home gmina exactly every time. Four other, clearly distin"
176,Tomasz Hanczarek,publish,"[elected-office] Six-time Wrocław local-election candidate (2002-2024), running four times on Rafał Dutkiewicz's own personal mayoral committees (KWW Rafała Dutkiewicza 2002; KWW Rafał Dutkiewicz z Platformą 2014; KWW Wyborców Rafała Dutkiewicza - Sojusz dla Wrocławia 2018) and twice on Platforma Obywatelska RP's Wrocław ticket (2006, 2010) -- winning a seat in 2010 (candidacy_success=TRUE in the PKW record). Dutkiewicz was Prezydent Wrocławia 2002-2018. | ŹRÓDŁO: person_pkw pipeline dataset (sourced from PKW samorząd candidate/results rolls), teryt 026401 (Wrocław): rows for 2002/2006/2010/2014/2018/2024 with the committee names above, 2010 row flagged candidacy_success=TRUE. Committee identity corroborated against https://pl.wikipedia.org/wiki/Rafa%C5%82_Dutkiewicz (confirms 'KWW Rafał Dutkiewicz z Platformą' is literally Dutkiewicz's 2014 re-election committee).","3 rada nadzorcza seats (ZOO Wrocław current; Wrocławski Park Wodny and WARR past), all genuinely public, none rada społeczna; sequential with almost no gaps 2014-present.","verdict=publish || TEZA: Six-time candidate on the mayor's own committee, now rotating through three Wrocław city-company boards without a gap || UWAGA: The 2010 win is recorded only as candidacy_success=TRUE in the PKW pipeline data (position field is blank, so the exact seat -- Rada Miejska Wrocławia -- is inferred from the samorząd/teryt context, not an external source I could independently confirm given the web-search budget was exhausted); worth a press/BIP check on the 2010-2014 Rada Miejska Wrocławia roster before publishing the 'elected' claim as a headline fact rather than as a strong inference. || TOŻSAMOŚĆ: Live KRS extract for ZOO Wrocław lists an RN member whose masked surname (8 letters, 'H' + 8 asterisks) and first name (6 letters, 'T' + 5 asterisks) match 'Hanczarek'/'Tomasz' exactly, with a PESEL first digit of '6' consistent with the 1968/69 birth years recorded across his PKW candidacies. All 6"
177,Jacek Jakub Wolski,maybe,"[candidacy-only] Repeat local-election candidate in the Trzebiatów/powiat gryficki area across at least five elections (1998 SLD's 'Krajowy Komitet Wyborczy SLD'; 2002 his own personal committee 'KWW J. Wolski'; 2014 'Komitet Wyborczy Wyborców Ziemia Gryficka'; 2018 on Prawo i Sprawiedliwość's own official ticket; 2024 'KWW MDM', lost) -- never won a seat in any of them. | ŹRÓDŁO: person_pkw pipeline dataset (PKW samorząd candidate rolls), teryt 320508 (gmina in powiat gryficki, zachodniopomorskie), rows for 1998/2002/2014/2018/2024, first_name='Jacek', middle_name='Jakub', last_name='Wolski', birth_year=1956 -- an exact full-name match to the batch person.","1 rada nadzorcza seat, genuinely public, not rada społeczna, current.","verdict=maybe || TEZA: 26-year perennial local candidate, once on PiS's own ticket, never elected, now on a small Trzebiatów utility board || UWAGA: What to check before publishing: (a) whether Wolski held any formal role (zarząd, pełnomocnik) in the 2018 PiS powiat gryficki structure rather than being a plain list candidate; (b) local Trzebiatów/Gryfice press or BIP council minutes around the June 2025 RN appointment, to see who nominated him and whether that person/party is politically aligned with any of his past committees -- I could not run this search because the session's WebSearch budget was exhausted and WebFetch-based search-engine queries were blocked by CAPTCHA/bot walls for this name. Without that, the story is a bare 'perennial candidate' pattern, which the brief says to report honestly as weak rather than as a settled 'publish'. || TOŻSAMOŚĆ: Full-name match ('Jacek Jakub Wolski', including the uncommon middle name 'Jakub') plus consistent geography (all candidacies and the board seat are in the same gmina/powiat) and a consistent PESEL-prefix/birth-year signal. Solid identity match despite the common surname."
178,Bartosz Krystian Ławrowski,publish,"[elected-office] Elected in 2024 to Rada Powiatu Głogowskiego on KWW Rafaela Rokaszewicza -- the personal election committee of Rafael Rokaszewicz, the sitting Prezydent Głogowa (mayor of the city of Głogów since 2014, re-elected 2018 and 2024, Nowa Lewica/ex-SLD) -- and is now the council's Przewodniczący (Chairman). | ŹRÓDŁO: person_pkw pipeline dataset (PKW samorząd candidate/results rolls), teryt 020300 (powiat głogowski council election): 2018 row 'KOMITET WYBORCZY WYBORCÓW RAFAELA ROKASZEWICZA'; 2024 row 'KWW RAFAELA ROKASZEWICZA', candidacy_success=TRUE, first_name='Bartosz', middle_name='Krystian', last_name='Ławrowski', birth_year 1981/1982. Council chairmanship confirmed live at https://powiat.glogow.pl/sklad-rady-powiatu/ (lists 'Bartosz Ławrowski -- Przewodniczący', retrieved 2026-09-03). Rokaszewicz's biography (https://pl.wikipedia.org/wiki/Rafael_Rokaszewicz) confirms he has been Prezydent Głogowa since 2014.","2 rada nadzorcza seats, both genuinely public (one 100% city-owned, one majority city-owned), neither rada społeczna; one current, one immediately preceding it with no gap.","verdict=publish || TEZA: Chairman of the county council, elected on the sitting mayor's own list, sits on two of that mayor's city-owned company boards || UWAGA: The council BIP page I fetched (https://powiat.glogow.pl/sklad-rady-powiatu/) did not show party/committee labels next to the roster, so the 'chairman' fact and the 2024 candidacy record were cross-checked independently (PKW dataset + council page) rather than from a single source; worth grabbing a direct screenshot/URL of the BIP roster page before publishing since I could not run a broader press search (WebSearch budget exhausted this session). || TOŻSAMOŚĆ: Full name match including the distinctive middle name 'Krystian', consistent PESEL prefix/birth year, and identical teryt (powiat głogowski) across his 2018/2024 candidacies, his council seat, and both company board seats -- a very strong, multiply-corroborated identity match, not a bare name match."
179,Paweł Marwicki,ODRZUCONE,"[elected-office] Wójt of Łagów 2014-2018, then Burmistrz Miasta i Gminy Łagów 2018-2024 (10 years as elected head of the gmina); declared 'członek partii politycznej: PSL' on his own 2024 PKW candidate registration; lost re-election in 2024; appointed 8 months later to the supervisory board of the water utility of the neighboring gmina (Pierzchnica), both in powiat kielecki. | ŹRÓDŁO: Precomputed pkw_membership_111_280.json lead (declared_membership='członek partii politycznej: PSL', declared_in_elections=['2024'], namesake_risk='low', distinct_birth_years_sharing_this_name=1) -- verified directly against person_pkw pipeline dataset: 2024 row, teryt_candidacy 260407 (gmina Łagów), party 'KWW - GMINA ŁAGÓW PONAD PODZIAŁAMI', position '""Burmistrz Miasta i Gminy Łagów""', candidacy_success=FALSE, party_member='""członek partii politycznej: PSL""', birth_year 1974. Wójt/Burmistrz history confirmed at https://pl.wikipedia.org/wiki/%C5%81ag%C3%B3w_(wojew%C3%B3dztwo_%C5%9Bwi%C4%99tokrzyskie) (section 'Wójtowie Łagowa': 'Paweł Marwicki (2014-2018)'; section 'Burmistrzowie Łagowa': 'Paweł Marwicki (2018-2024)', succeeded by 'Sławomir Miechowicz (od 2024)').","1 rada nadzorcza seat, genuinely public, not rada społeczna, current.","verdict=publish || ODRZUCONE PRZEZ WERYFIKATORA: Keep the person, office history, PSL declaration, and RN seat (all independently verified and solid) but fix the timing claim before publishing: Marwicki lost the Burmistrz Miasta i Gminy Łagów race in the 2024 local elections held 7/21 April 2024 (not ""October 2024""), and his appointment to the Zakład Komunalny w Pierzchnicy rada nadzorcza on 16 June 2025 came roughly 14 months later (not ""roughl || TEZA: Ten-year mayor of Łagów, declared PSL member, lost re-election in 2024, parachuted onto the neighboring gmina's water-utility board eight months later || UWAGA: Which gmina body/whose signature made the June 2025 appointment (i.e., whether Pierzchnica's wójt is PSL-aligned, which would sharpen the 'why him' story) is unverified -- I could not confirm the current Pierzchnica wójt's party from the sources I could reach. || TOŻSAMOŚĆ: PKW record's teryt (gmina Łagów, powiat kielecki), the Wikipedia-documented Wójt/Burmistrz tenure dates (2014-2024) and the live-KRS PESEL prefix/birth-year all line up with the batch person; namesake_risk flagged 'low' by the precomputed lead (only 1 distinct birth year nationally shares this exact"
180,Michał Vogt,skip,[none] none found,"1 rada nadzorcza seat, genuinely public (100% Województwo Wielkopolskie), not rada społeczna, current.","verdict=skip || TEZA: No political trace found for this hospital-holding-company board appointee || UWAGA: This session's WebSearch budget was fully exhausted before reaching this person, and WebFetch-based search-engine queries (Bing, DuckDuckGo, Google) were consistently blocked by CAPTCHA/bot-detection or returned generic non-results for this name -- I could not run a genuine press search for a Sejmik Wielkopolski appointment announcement or any biographical profile beyond the two KRS-sourced facts above. Before fully closing this out, a press/BIP UMWW search for the June 2025 Zarząd Województwa Wielkopolskiego resolution appointing the Szpitale Wielkopolski RN would be the one thing worth doing that I couldn't. || TOŻSAMOŚĆ: Live-KRS masked initials and PESEL prefix are consistent with 'Michał Vogt', and rejestr.io's own profile (id 2797333) resolves to the same KRS 385647 entity plus the one private company -- this is a single, unambiguous person, just one with no documented political trace."
181,Wiesława Alicja Bojarska,ODRZUCONE,"[party-membership] ""członek partii Platforma Obywatelska RP"" – deklaracja złożona PKW przy kandydaturze do Sejmu 2011 (okręg 28, KW Platforma Obywatelska RP); wcześniej kandydowała też z list PO do Parlamentu Europejskiego 2009 i w wyborach samorządowych 2010; w 2018 kandydowała już z lokalnego KWW ""Nasz Powiat"" (bez PO) | ŹRÓDŁO: versioned/person_pkw/person_pkw.jsonl (pipeline artifact, 2026-08-29), wiersz kandydatury Sejm 2011: pkw_name ""Bojarska Wiesława Alicja"", party_member: ""członek partii Platforma Obywatelska RP""; korespondujący wiersz w pkw_membership_111_280.json","2 stanowiska publiczne, oba Zarząd/Prezes Zarządu (nie RN, nie rada społeczna). Oba już zakończone (odpowiednio 20.01.2026 i 22.01.2026) i potwierdzone jako nieaktualne w żywym KRS – zastąpił ją jeden następca w obu spółkach tego samego tygodnia.","verdict=publish || ODRZUCONE PRZEZ WERYFIKATORA: Refute — the identity link between the PKW candidate and the Ruciane-Nida company president is not established, and the brief's own ""teryt matches Ruciane-Nida"" claim is factually wrong. What checks out (checks a, c, d, e, f): - (a) Cited connection: person_pkw.jsonl row for election_year=2011/sejmu, pkw_name ""Bojarska Wiesława Alicja"", does contain party_member = ""członek partii Platforma Obywate || TEZA: Deklarowana działaczka PO, na 7 miesięcy jednocześnie prezeską obu spółek komunalnych gminy, usunięta z obu naraz || UWAGA: Deklaracja członkostwa w PO pochodzi z 2011 r. (14 lat przed objęciem stanowisk), a w 2018 r. kandydowała już z niezależnego komitetu lokalnego, nie PO – to udokumentowana przeszłość polityczna, niekoniecznie aktualna. Wyszukiwanie prasowe nie dało nic ponad strony gminne/BIP (silny rate-limiting wyszukiwarek w trakcie tej sesji). Ciekawszy wątek do podkreślenia niż sama PO to właśnie jednoczesne objęcie obu spółek i wspólne odwołanie – to samo w sobie wygląda na lokalną roszadę, niekoniecznie partyjną. || TOŻSAMOŚĆ: Teryt kandydatur PKW (powiat piski) pasuje do Ruciane-Nida; BIP oświadczeń majątkowych wymienia ją pełnym imieniem i nazwiskiem z dokładną funkcją w obu spółkach; namesake_risk ""low"" (jeden rocznik urodzenia w PKW dla tego imienia i nazwiska). Tożsamość pewna."
182,Michał Wroniecki,skip,"[candidacy-only] Kandydat KWW ""Niezależni dla Powiatu"" w wyborach samorządowych 2010 (komitet lokalny, bezpartyjny), przegrana | ŹRÓDŁO: versioned/person_pkw/person_pkw.jsonl, wiersz: pkw_name ""Wroniecki Michał Tomasz"", ur. 1982, election_year 2010, party ""KOMITET WYBORCZY WYBORCÓW NIEZALEŻNI DLA POWIATU"", candidacy_success FALSE; ten sam wiersz jest już w danych batcha","1 stanowisko publiczne, Zarząd (Wiceprezes), potwierdzone jako AKTUALNE żywym KRS i rejestr.io (od 16.06.2025). Nie jest to rada społeczna.","verdict=skip || TEZA: Jedyny ślad to jedna, bezpartyjna, przegrana kandydatura sprzed 15 lat – reszta to czysta kariera zawodowa || UWAGA: Rekomenduję nie publikować bez dodatkowego materiału – jedyny trop polityczny to jedna bezpartyjna kandydatura sprzed 15 lat, bez żadnego potwierdzenia prasowego czy powiązania z konkretnym politykiem. Silne ograniczenia wyszukiwarek w tej sesji (DuckDuckGo zablokowane niemal cały czas, Bing zwracał losowe/nietrafione wyniki) mogły zaniżyć to, co dałoby się znaleźć – warto powtórzyć wyszukiwanie ""Michał Wroniecki"" + ""Wielkopolskie Inwestycje Samorządowe"" z innej sesji/IP zanim ostatecznie odrzucicie. || TOŻSAMOŚĆ: rejestr.io (Michał Tomasz Wroniecki) podaje dokładnie tę samą spółkę, funkcję i datę startu co rekord w batchu; żywy KRS pokazuje wpis W******* M***** T***** na stanowisku Wiceprezesa, spójny z PESEL zaczynającym się na 8 (rocznik 1982 pasuje). Tożsamość pewna, ale poza rejestrami nie znalazłem żadn"
183,Maksymilian Ślusarczyk,publish,"[candidacy-only] Kandydat KW Prawo i Sprawiedliwość w wyborach samorządowych 2018 (powiat starachowicki) i do Sejmu 2019 (okręg 26, świętokrzyskie) – w 2019 r. z deklaracją ""nie należy do partii politycznej"" (kandydował z listy PiS, nie będąc jej członkiem) | ŹRÓDŁO: versioned/person_pkw/person_pkw.jsonl, dwa wiersze: election_year 2018 (""ŚLUSARCZYK Maksymilian"", KOMITET WYBORCZY PRAWO I SPRAWIEDLIWOŚĆ, teryt 266101) i election_year 2019 (""ŚLUSARCZYK Maksymilian Krzysztof"", KOMITET WYBORCZY PRAWO I SPRAWIEDLIWOŚĆ, teryt 26, party_member ""nie należy do partii politycznej"")","2 stanowiska publiczne, oba Rada Nadzorcza (nie rada społeczna). Oba już zakończone (31.12.2025 i 01.07.2024) i potwierdzone jako nieaktualne żywym KRS.","verdict=publish || TEZA: Dwukrotnie przegrany kandydat PiS, potem RN w specjalnej strefie ekonomicznej dokładnie w latach rządów PiS w sejmiku świętokrzyskim || UWAGA: To kandydatury na listach PiS, nie deklarowane członkostwo – w 2019 r. sam zadeklarował, że nie należy do partii. Powiązanie czasowe mandatu w SSE Starachowice z okresem rządów PiS w sejmiku jest wnioskowaniem z dat, nie ma bezpośredniego źródła prasowego łączącego tę nominację z polityką – warto to sprawdzić przed publikacją, jeśli chcecie mocniejszego zdania niż samo zestawienie dat. || TOŻSAMOŚĆ: infoveriti.pl łączy ""Ślusarczyk, Maksymilian, Starachowice, ur. 1986"" ze spółkami z okolic Starachowic (Polmozbyt, Starachowicki Inkubator Przedsiębiorstw); wiek zgadza się z PKW (32 lata w 2018). Prowadzi własną kancelarię radcy prawnego ""dr Maksymilian Ślusarczyk"" w tym regionie (mslusarczyk.pl), "
184,Renata Staszkiewicz,publish,"[candidacy-only] Kandydatka na Wójta Gminy Krośnice w wyborach samorządowych 2024 z komitetu KWW Ziemia Krośnicka – 746 głosów (23,03%), 2. miejsce za urzędującym wójtem Andrzejem Białym (62,95%, wygrana w I turze); zadeklarowała brak przynależności partyjnej | ŹRÓDŁO: https://www.glosmilicza.pl/article/oficjalne-wyniki-wyborow-na-wojta-gminy-krosnice/ (oficjalne wyniki, 2024); https://miliczinfo.pl/wiadomosci/rozmowa-z-renata-staszkiewicz-kandydatka-na-wojta-gminy-krosnice/ (wywiad, 2024-03-14); versioned/person_pkw/person_pkw.jsonl, wiersz ""Wójt Gminy Krośnice"", KWW ZIEMIA KROŚNICKA, party_member ""nie należy do partii politycznej""","2 stanowiska publiczne, oba Rada Nadzorcza (nie rada społeczna). 1 aktualne (OSiR Milicz, od 13.06.2025, potwierdzone żywym KRS), 1 zakończone (Milickie Centrum Medyczne, potwierdzone jako nieaktualne żywym KRS).","verdict=publish || TEZA: Przegrała wybory na wójta o 23%, w niecały rok zebrała dwa mandaty w radach nadzorczych spółek powiatu i gminy || UWAGA: Trop rodzinny z pliku family_leads (Jacek Robert Staszkiewicz, KWW Patriotyczny Milicz, 2024) NIE został potwierdzony – inna gmina (Milicz, nie Krośnice), inny komitet lokalny, zero wspólnych wzmianek prasowych. Nie umieszczajcie tezy o pokrewieństwie – opierajcie się wyłącznie na jej własnej kandydaturze na wójta, która jest solidnie udokumentowana. Warto zauważyć: nominacje przyszły z ciał (Powiat Milicki, Gmina Milicz) innych niż to, o które się ubiegała (Gmina Krośnice) – to sugeruje sieć powiatową, nie bezpośrednią nagrodę od tych, których próbowała pokonać. || TOŻSAMOŚĆ: Trzy niezależne źródła (wyborysamorzadowe.pl – lista kandydatów 2024, glosmilicza.pl – wyniki wyborów, miliczinfo.pl – wywiad) opisują tę samą ""Renatę Staszkiewicz"" związaną z Gminą Krośnice/powiatem milickim, dokładnie tam gdzie leżą obie spółki z batcha (Gmina Milicz, Powiat Milicki). Żywy KRS pot"
185,Marek Białka,publish,"[candidacy-only] Kandydat Koalicyjnego KW Sojusz Lewicy Demokratycznej – Unia Pracy w wyborach samorządowych 2002 (powiat brzeski, małopolskie); w latach 2009–2012 pracownik Ministerstwa Skarbu Państwa (główny specjalista) | ŹRÓDŁO: versioned/person_pkw/person_pkw.jsonl, wiersz election_year 2002: ""Białka Marek"", party ""Koalicyjny KW Sojusz Lewicy Demokratycznej – Unia Pracy"", party ""SLD"" (ten sam rekord jest już w candidacies batcha); https://brzesko.ws/_brzesko/documents/news/2017/09/Marek-Bialka-dziennikarz-obywatelski-portalu-brzesko.ws.html (biografia, 2017)","6 stanowisk publicznych/quasi-publicznych od 2009, wszystkie Rada Nadzorcza (żadna rada społeczna). 1 aktualne (Wielospecjalistyczny Szpital Powiatowy Tarnowskie Góry, potwierdzone żywym KRS), 4 potwierdzone zakończone (krzyżowo w edges.pkl / żywy KRS), 1 (Gliwicka Agencja Turystyczna, 2012–2014, oznaczona public:false w batchu) nie do zweryfikowania na żywo – numer KRS 0000029718 zwraca dziś HTTP 204 (podmiot niezarejestrowany/wykreślony).","verdict=publish || TEZA: 22 lata nieprzerwanej kariery w radach nadzorczych spółek Skarbu Państwa i komunalnych, licząc od jednej kandydatury SLD-UP w 2002 r. || UWAGA: Kandydatura SLD-UP ma 23 lata, a osoba ta posiada formalne, zawodowe kwalifikacje do zasiadania w radach nadzorczych spółek Skarbu Państwa (i szkoli innych kandydatów) – to sugeruje, że jego wieloletnia kariora w radach nadzorczych jest częściowo wyjaśniona specjalizacją zawodową, nie tylko polityczną protekcją; jego stanowiska utrzymywały się przez rządy PO-PSL, PiS i obecną koalicję. Trop rodzinny z pliku family_leads (Wiesława Białka, kandydatka PiS 2010, to samo rzadkie nazwisko) wskazuje w PRZECIWNĄ stronę politycznie i NIE został potwierdzony jako pokrewieństwo – pomińcie go. Wpis Gliwicka Agencja Turystyczna (2012–2014) nie dał się dziś zweryfikować w żywym KRS (podmiot niezarejestrowany) – potraktujcie ownership tej jednej pozycji jako niepotwierdzone. || TOŻSAMOŚĆ: Niezależna, szczegółowa biografia własna z 2017 r. (brzesko.ws) zgadza się punkt po punkcie z listą stanowisk z batcha (Krynica-Żegiestów, PKS Nowy Targ, Gliwicka Agencja Turystyczna, Tauron Ekoserwis) oraz podaje rok urodzenia 1972. Żywy KRS pokazuje aktualnego członka RN o inicjałach i strukturze "
186,Janusz Radzikowski,publish,"[elected-office] Były radny Rady Miejskiej Inowrocławia i wiceprezydent miasta; w 2014 kandydował do rady na liście własnego komitetu ""Wyborców Porozumienie Ryszarda Brejzy"" (komitet ówczesnego wieloletniego prezydenta Inowrocławia, PO); w 2018 sam startował na prezydenta miasta z własnym komitetem ""Janusza Radzikowskiego Inowrocław Na Tak"" (przegrana) | ŹRÓDŁO: pomorska.pl ""Janusz Radzikowski powalczy o fotel prezydenta Inowrocławia"" (pomorska.pl/janusz-radzikowski-powalczy-o-fotel-prezydenta-inowroclawia/ar/12413268); pomorska.pl ""Janusz Radzikowski: To ludzie powinni zdecydować o powstaniu spalarni w Inowrocławiu!"" (identyfikuje go jako ""były radny i wiceprezydent Inowrocławia""); person_pkw (PKW) candidate rows 2014/2018, teryt 040701","1 posada publiczna, aktualna, potwierdzona żywym KRS. Brak rady społecznej w grze.","verdict=publish || TEZA: Ex-wiceprezydent i wieloletni radny Inowrocławia, raz na komitecie Ryszarda Brejzy — dziś prezes miejskich wodociągów || UWAGA: Dokładne lata pełnienia funkcji wiceprezydenta nie są przypięte (prasa mówi ogólnie ""przez wiele lat""); nie potwierdzono, czy powołanie na prezesa wodociągów w 2025 pochodzi od władz miasta powiązanych z Brejzą (w 2018 Radzikowski startował już przeciw głównemu nurtowi na własnym komitecie, więc ciągłość polityczna nie jest jednoznaczna). Lead rodzinny (Andrzej Radzikowski, SLD, ten sam powiat) jest niepotwierdzony i nieużyty jako dowód. || TOŻSAMOŚĆ: Prasa (Pomorska, WPROST via bing) wprost nazywa ""Janusz Radzikowski"" ""prezesem Wodociągów"" w Inowrocławiu oraz ""byłym radnym i wiceprezydentem Inowrocławia"" — to nie jest zbieg samego nazwiska, tylko bezpośrednie utożsamienie w lokalnej prasie tej samej osoby z tą samą funkcją i miastem. Dodatkowo m"
187,Zygmunt Pietras,maybe,"[candidacy-only] Trzykrotny kandydat do rady miejskiej Świdnicy z listy/komitetu Platformy Obywatelskiej: 2010 (Komitet Wyborczy Platforma Obywatelska RP, przegrana), 2014 (Komitet Wyborczy Platformy Obywatelskiej RP), 2018 (Koalicyjny KW Platforma.Nowoczesna Koalicja Obywatelska) | ŹRÓDŁO: person_pkw (dane PKW), kandydatury 2010/2014/2018, teryt 021900/021901 (powiat świdnicki / Świdnica)","4 posady publiczne na przestrzeni 20 lat (1 zarząd, 3 RN), z czego 1 aktualna (potwierdzona żywym KRS); 1 posada niepubliczna (spółka usługowa Tauron).","verdict=maybe || TEZA: Wieloletni menedżer grupy Tauron i wodociągów w Świdnicy, trzykrotny kandydat PO do rady miejskiej — nigdy niewybrany || UWAGA: Mimo kilku różnych zapytań (nazwisko + Świdnica, + Tauron, + Energiapro, + Platforma) nie znaleziono ŻADNEJ wzmianki prasowej — całkowicie ""cichy"" internetowo poza bazami PKW/KRS. Brak potwierdzenia, czy kiedykolwiek wygrał mandat radnego (jeden wynik jawnie FALSE, pozostałe nieokreślone). Nie ustalono, czy jest zadeklarowanym członkiem PO, czy tylko powtarzalnym kandydatem na jej liście. Do sprawdzenia: kto rządzi Świdnicą po wyborach 2024 i czy to wyjaśnia czerwcowe powołanie do RN MZEC. || TOŻSAMOŚĆ: Oparta wyłącznie na zgodności maskowanego imienia/nazwiska (długość znaków) i dekady PESEL w żywym KRS — brak niezależnego potwierdzenia prasowego. Umiarkowana pewność."
188,Damian Walczak,publish,"[party-membership] Zadeklarowana przynależność partyjna w PKW: ""członek partii politycznej: Platforma Obywatelska RP"", zgłoszona przy kandydowaniu do Sejmu w 2019 r. (Koalicyjny Komitet Wyborczy Koalicja Obywatelska PO .N IPL Zieloni, przegrana) | ŹRÓDŁO: person_pkw (dane PKW), wiersz kandydata Sejm 2019, pole party_member: ""członek partii politycznej: Platforma Obywatelska RP"", teryt 32 (okręg zachodniopomorski)","1 posada publiczna, aktualna, potwierdzona żywym KRS.","verdict=publish || TEZA: Zadeklarowany członek Platformy Obywatelskiej, kandydat PO w gminie Police od 2014 r. — dziś w radzie nadzorczej PEC Police || UWAGA: Flaga ""elected"" z 2024 r. (candidacy_success=TRUE w danych PKW) stoi w sprzeczności z brakiem tej osoby na aktualnej liście radnych Rady Miejskiej w Policach — może to być błąd danych, wygaszony/zastąpiony mandat, albo błędne zmapowanie teryt po mojej stronie; NIE należy twierdzić, że obecnie piastuje mandat radnego. Zadeklarowana przynależność partyjna z 2019 r. jest jednak twardym, samodzielnym faktem niezależnym od tej niejasności. Zero trafień prasowych mimo kilku prób wyszukiwania. || TOŻSAMOŚĆ: Plik leadów oznaczył namesake_risk jako HIGH (4 różne roczniki urodzenia noszące to nazwisko w bazie PKW ogólnokrajowo). Rozstrzygnięte przez dopasowanie gminy (teryt 321104 = Police) i rocznika (1996/97) do prefiksu PESEL ""9"" posiadacza mandatu w RN PEC Police z żywego KRS — zgodność lokalizacji i "
189,Piotr Kościelny,maybe,"[candidacy-only] Samodzielny kandydat na prezydenta Kalisza w 2018 r. z własnym komitetem ""Kaliszanie Piotr Kościelny"" (przegrana); w 2014 kandydat do rady miejskiej Kalisza z komitetu ""Wspólny Kalisz"" | ŹRÓDŁO: person_pkw (dane PKW), wiersze kandydata 2014/2018, teryt 306101 (Kalisz, miasto na prawach powiatu), pozycja ""P"" (Prezydent) w wierszu 2018","1 posada publiczna, aktualna, potwierdzona żywym KRS.","verdict=maybe || TEZA: Były kandydat na prezydenta Kalisza (2018, przegrana) — dziś w radzie nadzorczej Sport Pleszew || UWAGA: Zero trafień prasowych mimo kilku różnych zapytań (kandydatura na prezydenta Kalisza 2018, komitet ""Kaliszanie"", Sport Pleszew) — wyszukiwarka zwracała wyłącznie szum niepowiązany z osobą. Nie potwierdzono wyniku głosowania ani żadnej aktywności politycznej po 2018 r. Leady rodzinne (Tomasz Kościelny — Kukiz'15 2018; Marek Kościelny — KWW Katowice2050 2024) nie wykazują żadnego związku poza wspólnym nazwiskiem i powiatem — nieużyte jako dowód. Do sprawdzenia: dlaczego kaliski polityk trafia do rady nadzorczej spółki w Pleszewie — możliwy związek sportowy/branżowy, niekoniecznie polityczny. || TOŻSAMOŚĆ: Zgodność miasta (Kalisz) i tła sportowego (zarząd klubu Włókniarz Kalisz w przeszłości, dziś RN spółki sportowej) — ale sama spółka ""Sport Pleszew"" leży w INNYM mieście/powiecie niż baza polityczna kandydata (Kalisz), co jest niewyjaśnioną niespójnością geograficzną."
190,Artur Michalski,publish,"[candidacy-only] Kandydat do Sejmu w 2015 r. z Komitetu Wyborczego Wyborców Kukiz'15 (okręg łódzki, teryt ""10""), przegrana | ŹRÓDŁO: person_pkw (dane PKW), wiersz kandydata Sejm 2015, party: ""Komitet Wyborczy Wyborców Kukiz'15"", teryt 10","7 posad publicznych (6 historycznych + 1 aktualna, po korekcie is_public dla Energi) na przestrzeni 20 lat w sześciu województwach; aktualność posady w ZWiK Sochaczew potwierdzona żywym KRS.","verdict=publish || TEZA: Dwudziestoletnia kariera w radach nadzorczych/zarządach spółek publicznych w sześciu województwach — w tle jedna przegrana kandydatura sejmowa z listy Kukiz'15 (2015) || UWAGA: Sam związek z polityką jest SŁABY: jedna przegrana kandydatura do Sejmu z listy Kukiz'15 dekadę przed najnowszymi posadami, bez zadeklarowanej przynależności partyjnej i bez ustalonego ""patrona""/ministerstwa nominującego do rad nadzorczych spółek Skarbu Państwa (Energa, Tauron Pomiary) — mimo kilku prób wyszukiwania nie znaleziono żadnej wzmianki prasowej (nazwisko zbyt popularne dla wyszukiwarki). Werdykt ""publish"" opiera się przede wszystkim na skali/akumulacji kariery w radach nadzorczych spółek publicznych, a nie na mocnym tagu politycznym — operator powinien traktować wątek partyjny jako wciąż otwarty i wart osobnego sprawdzenia (raporty bieżące ESPI, komunikaty Ministerstwa Aktywów Państwowych o nominacjach) zanim opublikuje coś więcej niż samą kandydaturę z 2015 r. || TOŻSAMOŚĆ: Nazwisko bardzo popularne ogólnokrajowo (777 różnych kandydatów PKW o tym nazwisku w bazie) — wysokie ryzyko kolizji namesake. Rozstrzygnięte przez ręczne porównanie maskowanej sygnatury imię/nazwisko + dekada PESEL (""7"", rocznik lat 70.) w PEŁNYCH odpisach KRS (OdpisPelny) wszystkich sześciu histor"
191,Piotr Mazurkiewicz,maybe,"[candidacy-only] possible candidacy: KKW Koalicja Obywatelska, Rada Miasta Zielona Góra, wybory samorządowe 2024 (przegrana) - identity not confirmed | ŹRÓDŁO: person_pkw dataset (data/pipelines versioned/person_pkw/person_pkw.jsonl), row: Piotr Mazurkiewicz b.1977, teryt 086201, KKW Koalicja Obywatelska, 2024, candidacy_success=FALSE","1 current (KZN Lubuskie Trójmiasto RN, since 29.04.2025, live-KRS-confirmed); 1 past, short Zarząd stint at the same company (26.05.2025-12.09.2025, confirmed ended); neither is rada społeczna (housing company, not a hospital)","verdict=maybe || TEZA: Zielona Góra housing-initiative board seat; a same-name, same-city 2024 KO council candidate, unconfirmed || UWAGA: Before publishing, get independent confirmation (city council minutes, a press mention, or a search tool that isn't currently blocked) that the KZN board member is the b.1977 Zielona Góra KO candidate and not one of the other three national namesakes. || TOŻSAMOŚĆ: weak - the live masked KRS record (surname 12 chars, first name 5 chars, PESEL prefix 8) only confirms A Piotr Mazurkiewicz sits on the board, not which one; geography narrows four national namesakes to one plausible match (b.1977, Zielona Góra) but no independent source ties that candidate to the K"
192,Andrzej Bilewski,publish,"[committee-role] kandydat na liście KWW JERZEGO SZYDŁOWSKIEGO (osobisty komitet obecnego burmistrza Buska-Zdroju), wybory samorządowe 2024 | ŹRÓDŁO: person_pkw dataset, row: Andrzej Bilewski b.1958, teryt 260101, KWW JERZEGO SZYDŁOWSKIEGO, 2024, candidacy_success=FALSE; mayor confirmed at https://www.umig.busko.pl (""Władze Gminy"" names Jerzy Szydłowski as sitting Burmistrz)","1 current (MPGK Busko-Zdrój RN, since 26.05.2025, live-KRS-confirmed); 2 past (MPGK RN 2008-2011; PHU Lotos Busko-Zdrój RN 2004-2011, now w likwidacji); none rada społeczna","verdict=publish || TEZA: Busko-Zdrój utility board seat follows a spot on the new mayor's own election list || UWAGA: His own 2024 candidacy lost - state the connection precisely as ""ran on the mayor's list"", not as him holding elected office himself. || TOŻSAMOŚĆ: solid - live masked KRS entry (surname/first-name letter counts and PESEL-prefix) is consistent; the same name recurs at the same company across three non-contiguous periods and at a second Busko-Zdrój company, always at the same teryt (260101), across PKW candidacies from 1998 to 2024"
193,Beata Krajewska,skip,[none] none found,"2 current simultaneously (ZGK Mrocza RN since 22.05.2025; ZGKiM Kamień Krajeński RN since 19.05.2025), both live-KRS-confirmed; none rada społeczna","verdict=skip || TEZA: Two simultaneous water-utility board seats, no confirmed political tie despite the search || UWAGA: This is a real accumulation worth a non-political flag if the site tracks that, but do not assert any party tie. Revisit if a local BIP council-minutes search (Mrocza / Kamień Krajeński) becomes reachable - that would likely resolve identity either way. || TOŻSAMOŚĆ: not established - no PKW candidacy geographically matches either company's gmina; the SLD/Lewica ""Beata Krajewska"" found nationally is registered in a different powiat and cannot be confirmed as the same person"
194,Paulina Polak,publish,"[elected-office] wicestarosta powiatu olkuskiego od 13.09.2021 (nominacja starosty Bogumiła Sobczyka), członek Zarządu Powiatu Olkuskiego od 2019; kandydatka KWW Wspólnota Samorządowa Powiatu Olkuskiego 2018 (Rada Powiatu) i KWW Pewna Przyszłość 2024 | ŹRÓDŁO: https://przeglad.olkuski.pl/paulina-polak-wicestarosta-powiatu-olkuskiego/ (13.09.2021); https://sp.olkusz.pl/powiat/zarzad-powiatu/sklad-zarzadu (current board roster, confirms she is no longer on it); person_pkw dataset (Paulina Patrycja Polak b.1972)","1 current (Nowy Szpital w Olkuszu RN, since 21.05.2025, live-KRS-confirmed); confirmed NOT rada społeczna","verdict=publish || TEZA: Hospital board seat follows her exit as Powiat Olkuski's wicestarosta || UWAGA: Her 2024 gmina-level candidacy shows conflicting won/lost flags within the same source table (a data-quality duplicate); report it as ""stood"", not ""won"" or ""lost"", unless independently confirmed - it isn't needed for the publish case, which rests on the wicestarosta record. || TOŻSAMOŚĆ: solid - live masked KRS entry matches her name's letter counts and a PESEL-prefix consistent with b.1972; PKW and two independent web sources (press article + official powiat site) corroborate the same Paulina Polak across her county career"
195,Adam Rudzewicz,publish,"[party-membership] czlonek partii Polska Jest Najważniejsza (deklaracja PKW, wybory do Sejmu 2011); czlonek partii Inicjatywa dla Polski (deklaracja PKW, wybory do Parlamentu Europejskiego 2004) | ŹRÓDŁO: person_pkw dataset, rows: Adam Rudzewicz, teryt 28, europarlamentu 2004 (Komitet Wyborczy Inicjatywa dla Polski, party_member ""Inicjatywa dla Polski"") and sejmu 2011 (Komitet Wyborczy Polska Jest Najważniejsza, party_member ""członek partii Polska Jest Najważniejsza""); corroborated by pkw_membership_111_280.json lead file","1 current (PWiK Orneta RN, since 16.05.2025, live-KRS-confirmed); 1 past (GPW Benchmark RN, 22.11.2018-29.09.2022, confirmed ended via KRS wpis history); none rada społeczna","verdict=publish || TEZA: Declared minor-party member who sat on the Warsaw Stock Exchange's benchmark subsidiary board || UWAGA: The family lead (Barbara Rudzewicz, teryt 200101, Podlaskie, SLD-UP 2002) is geographically inconsistent with this Adam Rudzewicz's warmińsko-mazurskie base - treat as refuted, not as a family tie. || TOŻSAMOŚĆ: solid - KRS wpis dates for GPW Benchmark exactly match the batch's job dates; live PWiK Orneta record's PESEL-prefix (7) is consistent with the b.1972 Olsztyn-area PKW candidate, and teryt 28 geography ties the whole candidacy history to the same region as Orneta"
196,Daniel Zaborowski,publish,"[candidacy-only] Repeated ""Samorząd"" candidacies in Szczytno powiat (teryt 281700) in 2010 (KW Stow. ""Razem dla Mieszkańców""), 2014 (same), 2018 (KWW Porozumienie Szczycieńskie) and 2024 (KKW Koalicja Obywatelska) — the same four years listed in his koryta job record's candidacies field — with the person_pkw dataset marking the 2024 run as successful (candidacy_success=true, not independently corroborated against a live council roster). | ŹRÓDŁO: person_pkw dataset (data/pipelines/versioned/person_pkw/person_pkw.jsonl), rows for Daniel Zaborowski b.1978, teryt_living 281700, election_year 2010/2014/2018/2024","2 current public posts (ZKM Szczytno prezes since 16 maja 2025; EKO-SZCZYTNO NON PROFIT prezes since 10 grudnia 2025), both confirmed current against the live KRS API (trap 2 passed). A third relation (VIA-Z) is private, not counted. supervisoryOrgan on the batch's one listed job reads rada_nadzorcza, not rada_spoleczna — not a trap-1 case (and in any case his role there is Zarząd, not a supervisory seat).","verdict=publish || TEZA: Repeat Szczytno local candidate now runs two of the city's wholly-owned companies at once || UWAGA: The 2024 'candidacy_success=true' in the person_pkw dataset was NOT independently verified against a live PKW results page or a current Rada Powiatu Szczycieńskiego roster — search-engine tooling (Bing/DuckDuckGo/Google) returned degraded, non-relevant results throughout this session (WebSearch quota exhausted; scraped SERPs fell back to generic name-etymology pages), so I could not confirm press coverage of his council seat or the two appointments. Treat 'elected' as reported-by-dataset, not press-confirmed. One historical relation on rejestr.io is paywalled and unseen. || TOŻSAMOŚĆ: Live KRS API for KRS 0000098801 (ZKM) and 0001210692 (EKO-SZCZYTNO) both show the sole board member's redacted PESEL starting with '7' (born in the 1970s). The person_pkw dataset's matching Daniel Zaborowski (candidacies exactly matching the batch's 2010/2014/2018/2024 years, same teryt 281700) has "
197,Wojciech Marcin Czarnota,publish,"[party-membership] Declared party membership on his own 2023 Sejm candidacy: ""członek partii politycznej: Platforma Obywatelska RP"" (KOALICYJNY KOMITET WYBORCZY KOALICJA OBYWATELSKA PO .N IPL ZIELONI, okręg 24 śląskie, lost). He also ran in every Tychy local election since 2010 on PO/KO-branded committees, most recently winning (per dataset) the 2024 seat under KKW Koalicja Obywatelska. | ŹRÓDŁO: person_pkw dataset, row for Wojciech Marcin Czarnota, election_year=2023, election_type=sejmu, party_member field (verbatim PKW candidate declaration)","1 current public post (Nadwiślańska Agencja Turystyczna, wiceprezes since 15 maja 2025), confirmed current against live KRS (trap 2 passed) and matching rejestr.io, which lists it as his only current relation (plus 1 paywalled historical one). supervisoryOrgan on the batch job reads rada_nadzorcza but his actual role is Zarząd (management board), not a supervisory seat — no trap-1 issue.","verdict=publish || TEZA: Declared PO member and Tychy KO candidate made vice-president of a state coal-holding tourism subsidiary in Tychy || UWAGA: The 2024 local-election win (candidacy_success=true) could not be corroborated against a live Rada Miasta Tychy roster or press coverage — search tooling in this session (WebSearch/Bing/DuckDuckGo) was non-functional for Polish-language niche queries throughout. The declared 2023 PO membership itself is a primary-source PKW citation and does not depend on that corroboration. Family leads file rated 'medium' but no Czarnota candidate in the same powiat shares his birth year or teryt_living, so no family claim is made. || TOŻSAMOŚĆ: The precomputed PKW-membership lead flagged namesake_risk HIGH (4 distinct birth years share this name nationally). Resolved: all five of his person_pkw candidacy rows (2010, 2014, 2018, 2023, 2024) share the same birth_year (1970) and the same teryt_living (247701/Tychy), and the four Samorząd year"
198,Paweł Sendrowski,skip,[none] none found,"3 public posts total, 1 currently active (Fundusz Rozwoju Spółek, since 14 maja 2025) — trap 2 passed via rejestr.io's live 'Aktualne' listing. The other two (Cegielski, Geotermia Pyrzyce) are correctly recorded as closed (end dates in the batch match rejestr.io). All three organs are genuine rada_nadzorcza, not rada_spoleczna — no trap-1 issue.","verdict=skip || TEZA: Poznań lawyer rotates through three public-company supervisory boards with no traceable party or committee tie || UWAGA: This is a case where a lot of concrete, checkable activity (17-year law practice, liquidator role, three separate SOE supervisory board seats in 13 months) simply does not resolve into a political story. His one PKW declaration explicitly denies party membership. It remains possible he holds these seats via the state exam-qualified independent-director pool used to fill Skarb Państwa company boards rather than any political channel, but I found nothing connecting him to a party, committee, or politician, so I am not asserting that either. || TOŻSAMOŚĆ: rejestr.io's single profile page (born 25 stycznia, consistent across all 20 relations including the 17-year-old law firm) gives high confidence this is one person; no namesake ambiguity encountered."
199,Marcin Półrolniczak,ODRZUCONE,"[party-membership] Declared party membership on his own 2010 candidacy: ""członek Polskiego Stronnictwa Ludowego"" (KOMITET WYBORCZY POLSKIE STRONNICTWO LUDOWE, position field ""Burmistrz""), plus PSL candidacies again in 2014 and a switch to the local KWW Katarzyny Szymkowiak committee in 2018 and 2024, all in Gmina Piaski (powiat gostyński) — the same gmina that wholly owns the company where he now sits on the supervisory board. | ŹRÓDŁO: person_pkw dataset, row for Marcin Półrolniczak b.1982, teryt_living 300602, election_year=2010, position=""Burmistrz"", party_member field (verbatim PKW candidate declaration)","1 current public post (ZUK Piaski, rada nadzorcza, since 14 maja 2025), confirmed current against live KRS (trap 2 passed). supervisoryOrgan reads rada_nadzorcza (genuine supervisory board), not rada_spoleczna — no trap-1 issue.","verdict=publish || ODRZUCONE PRZEZ WERYFIKATORA: Refute. The person_pkw source does not say what the connection claims. Every PKW row for Marcin Półrolniczak b.1982 (2010 x2 incl. the ""Burmistrz""/PSL-declaration row, 2014, 2018, 2024/KWW Katarzyny Szymkowiak) carries teryt 300602, unchanged for 14 years. Decoded via Wikipedia infoboxes and cross-checked inside the same PKW dataset (2024 row for Dariusz Naskręt, teryt 300405, position ""Wójt Gminy || TEZA: Long-time PSL/local-committee candidate in Gmina Piaski now on the board of the gmina's own utility company || UWAGA: I checked the current Rada Gminy Piaski roster (bip.piaski-wlkp.pl) directly and it does NOT list a Półrolniczak among its 15 members — so despite the dataset's candidacy_success=true for 2024, he does not currently hold a council seat there (or the flag is unreliable the way trap 3 warns, similar to the batch's own 'elected' field). The cited connection here rests on the declared 2010 PSL party membership, which is independent of that discrepancy. The Marian Półrolniczak family link is a lead only, not corroborated by a published statement. || TOŻSAMOŚĆ: namesake_risk LOW in the precomputed lead file — only one birth year nationally shares this exact name, and the person_pkw teryt_living (300602) matches the company's own KRS-registered gmina (Gmina Piaski, powiat gostyński) exactly, giving very high identity confidence."
200,Lesław Królak,ODRZUCONE,"[candidacy-only] 2024 Samorząd candidacy for KW Prawo i Sprawiedliwość in M. Siedlce (teryt 141200), which the person_pkw dataset marks as successful (candidacy_success=true, not independently corroborated); also ran in 2018 under the local Komitet Wyborczy Wyborców Adama Ciszkowskiego, same city. | ŹRÓDŁO: person_pkw dataset, rows for Lesław Królak b.1980, teryt_living 141207, election_year=2018 and 2024","3 public posts in total (2 currently active: PWiK Siedlce since 13 maja 2025, PKS Garwolin since 18 marca 2025; 1 past: Bestgum Polska 2021–2022). Both current posts confirmed against the live KRS API (trap 2 passed; redacted PESELs on both boards start with '8', consistent with a 1980 birth year). supervisoryOrgan reads rada_nadzorcza on all — no trap-1 rada spoleczna issue.","verdict=publish || ODRZUCONE PRZEZ WERYFIKATORA: Do not publish the page as drafted. The person_pkw rows for Lesław Królak (b.1980) are real and do show a 2018 candidacy for KWW Adama Ciszkowskiego and a 2024 candidacy for KW Prawo i Sprawiedliwość (marked candidacy_success=true, itself unverified independently) — but both are for Gmina Halinów / Powiat Miński (Mińsk Mazowiecki), TERYT 1412/141207, not ""M. Siedlce"" as the connection claims. Powi || TEZA: PiS 2024 Siedlce candidate has stacked three separate public-company board seats since 2021 || UWAGA: The 2024 PiS win (candidacy_success=true) could not be independently corroborated: repeated attempts to reach a current Rada Miasta Siedlce roster (official site, BIP, Wikipedia) all 404'd or returned no member list, and general web search was non-functional for this niche query throughout the session (WebSearch quota exhausted; Bing/DuckDuckGo scraping returned generic, non-matching results). The family leads file flagged 'medium' strength Królak candidates in the same powiat (Stanisław, Bogdan, Iwona, Teresa) but none share his birth year or teryt_living, so no family claim is made — Iwona Królak (PiS candidate 2018/2024) is noted only as a possible but unverified relative, not asserted. || TOŻSAMOŚĆ: Live KRS listings for both current boards show a redacted PESEL starting '8' (1980s birth), matching person_pkw's birth_year=1980 for the Lesław Królak whose teryt_living (141207) is M. Siedlce — consistent with the company addresses (Siedlce, and neighboring Garwolin powiat). No PKW-membership lead"
201,Krzysztof Durek,publish,"[elected-office] Radny Rady Miasta Krakowa VI kadencji (2010-2014), wybrany z listy PiS w okręgu nr 5 (2807 głosów); następnie czterokrotny kandydat PiS: Sejm 2015 (okręg 12), samorząd 2018. | ŹRÓDŁO: pl.wikipedia.org/wiki/Rada_Miasta_Krakowa (skład VI kadencji, opened today); person_pkw.jsonl rows for Durek Krzysztof Stanisław b.1954, teryt 126101, 2010/2014/2015/2018, all committee 'Prawo i Sprawiedliwość'","4 jobs on file: 1 genuinely current public trough post (Apollo Film RN, live-KRS-confirmed today); 2 rada spoleczna hospital seats excluded under trap 1 (one still listed current, one ended 2024-07-12); 1 private-foundation board seat (not a public company, ended 2024).","verdict=publish || TEZA: Ex-PiS Kraków city councillor now on the board of the region's wholly-owned Apollo Film || UWAGA: The regional-politics framing (PiS controlling Małopolska's marshal office post-2024) is stated from general knowledge, not a fresh source checked today - WebSearch tool budget was exhausted for the whole session, so this specific claim is unverified today and should be re-checked before publishing if used. The two hospital rada spoleczna seats must not be printed as trough posts. || TOŻSAMOŚĆ: Solid: PKW dataset gives a single distinct person - Krzysztof Stanisław Durek, b.1954, teryt 126101 (Kraków) - across all four candidacy rows, and the live KRS supervisory-board entry at Apollo Film has PESEL prefix '5' consistent with a 1954 birth year and initials K.D. Not resting on name alone."
202,Krzysztof Głuc,publish,"[elected-office] Obecny radny Rady Miasta Nowego Sącza (kadencja 2024-2029), klub Koalicja Obywatelska; wcześniej dwukrotny kandydat na prezydenta/radnego Nowego Sącza z komitetu 'Wybieram Nowy Sącz' (2018, przegrana) i z komitetu Ryszarda Nowaka (2010, przegrana). | ŹRÓDŁO: https://www.nowysacz.pl/urzad-miasta/rada-miasta/sklad-osobowy-rady-miasta.html and https://www.nowysacz.pl/urzad-miasta/rada-miasta/kluby-radnych-miasta.html (both official city council pages, fetched today, list 'Głuc Krzysztof' in the current council and in the 'Koalicja Obywatelska' caucus, chair Kaczwiński Mieczysław); person_pkw.jsonl row: Głuc Krzysztof Michał, b.1967, teryt 126201 (Nowy Sącz), 2024 samorząd, KKW Koalicja Obywatelska, candidacy_success=TRUE","7 job rows on file; the current, genuinely public, live-KRS-confirmed trough post is the Krynica-Żegiestów prokura; ELQ (current) and Polska XXI (current) are private, not public; 4 other public-company seats (Sądeckie Wodociągi, NCA x2) are ended. No rada spoleczna seats present, so trap 1 does not apply to this person.","verdict=publish || TEZA: Sitting KO city councillor in Nowy Sącz made prokurent of the state-owned Krynica-Żegiestów spa company six months after winning his seat || UWAGA: None significant - this is well corroborated across three independent primary sources (city council website, PKW dataset, live KRS). 'Polska XXI' association's political alignment was not independently verified and should not be printed as a fact without checking its statute/founders. || TOŻSAMOŚĆ: Solid: PKW dataset gives one consistent person, Krzysztof Michał Głuc, b.1967, teryt 126201 (Nowy Sącz), across the 1998, 2010, 2018 (x2) and 2024 candidacy rows; the live KRS prokura entry has a matching PESEL-prefix and the city's own council/caucus pages, fetched today, corroborate the current se"
203,Sebastian Wierzbicki,publish,"[party-office] Wiceprzewodniczący Sojuszu Lewicy Demokratycznej (krajowe władze partii) od 21 maja 2016 do 9 października 2021; wcześniej radny m.st. Warszawy 2006-2010 (Lewica, okręg 6 Białołęka/Praga-Północ, 4040 głosów) i 2010-2014 (SLD, tenże okręg, 2587 głosów), w tej drugiej kadencji wiceprzewodniczący rady miasta. | ŹRÓDŁO: https://pl.wikipedia.org/wiki/Struktura_i_dzia%C5%82acze_Sojuszu_Lewicy_Demokratycznej (national SLD leadership list, dates given verbatim) and https://pl.wikipedia.org/wiki/Rada_miasta_sto%C5%82ecznego_Warszawy (Warsaw city council rosters by term), both fetched today","9 job rows on file (one an exact duplicate of the PKiN entry - trap 2). 1 genuinely current public post, live-KRS-confirmed today (Wrocławskie Inwestycje). 1 rada spoleczna seat correctly excluded under trap 1 (SZPZLO Praga-Północ). 6 other ended public-company board/management seats across four cities.","verdict=publish || TEZA: Former national SLD vice-chairman and Warsaw deputy council speaker has sat on public-company boards almost continuously since 2002, now Wrocław's investment company || UWAGA: Do NOT print the 'Alternatywa Ruch Społeczny' declared membership from the pkw_membership lead file - it is a namesake mismatch (trap 4), refuted by checking birth years and middle names in the full PKW dataset. The family_leads entry for this name is 'weak (common surname)' and was not pursued, correctly. || TOŻSAMOŚĆ: Solid, established independently of PKW: Wikipedia's own Warsaw city-council rosters and the SLD structure page name him by full name with dated offices, and the timeline of those offices (2006-2014 council, 2016-2021 national party vice-chair) lines up exactly with the gaps and overlaps in his KRS "
204,Marek Karakuła,publish,"[elected-office] Radny Leżajska w kadencji 2010-2014, wybrany z własnego komitetu wyborców 'Nasze Miasto Leżajsk' (mandat potwierdzony w danych PKW); startował także w 2002, 2014, 2018 i 2024 (wszystkie przegrane), zawsze bez partyjnej afiliacji. | ŹRÓDŁO: person_pkw.jsonl row: Karakuła Marek, b.1972, teryt 180801 (Leżajsk), 2010 samorządu, KOMITET WYBORCZY WYBORCÓW NASZE MIASTO LEŻAJSK, candidacy_success=TRUE (PKW's own 'Czy uzyskał mandat' field); live KRS API pull today for KRS 0000152922","1 job on file, current and live-KRS-confirmed today (Wiceprezes Zarządu, Miejski Zakład Komunalny Leżajsk, 100% gmina-owned). No rada spoleczna entries - trap 1 does not apply.","verdict=publish || TEZA: One-term independent Leżajsk councillor from 2010 now runs the city's wholly-owned utility company || UWAGA: The family_leads file flags Tadeusz Karakuła (b.1935, 2 candidacies 1998/2002, same teryt) and Maciej Karakuła (b.1979, 2024 candidacy, same teryt, also won a mandate in 2024) as 'strong' same-powiat, rare-surname leads. This is a genuinely rare surname (13 nationally) in the same small town across three generations' worth of birth years, which is suggestive, but per the scope rules I found no published statement establishing the actual family relationship - do not print any family connection for this person, it is a lead only. || TOŻSAMOŚĆ: Moderate: the PKW dataset consistently ties one birth year (1972) and one teryt (180801, Leżajsk) across all five candidacy rows, and the live KRS PESEL prefix ('7') is consistent with 1972 - a real cross-check, not name alone. However I could not independently corroborate the 2010 council win via p"
205,Ryszard Czerwiec,skip,"[candidacy-only] Dwie przegrane kandydatury z własnych komitetów wyborców: 2018 gmina Malczyce (KWW Gmina Malczyce Naszą Przyszłością) i 2024 powiat średzki (KWW Razem dla Ziemi Średzkiej); brak przynależności partyjnej, brak mandatu. | ŹRÓDŁO: person_pkw.jsonl rows: Czerwiec Ryszard, b.1972, teryt 021802/021800 (gmina Malczyce / powiat średzki), 2018 and 2024 samorządu - candidacy_success is null (2018) and FALSE (2024); live KRS API pull today for KRS 0000302659","1 job on file, current and live-KRS-confirmed today (Prezes Zarządu, Malczyckie Usługi Komunalne, 100% gmina-owned, sole board member). No rada spoleczna entries - trap 1 does not apply.","verdict=skip || TEZA: Two-time losing independent candidate in a tiny gmina now runs its water company - no party, no win, no story || UWAGA: The family_leads entry for this person (Kinga Czerwiec, 'medium' strength, same powiat) is a FALSE MATCH - her teryt (246801) belongs to a different, same-named Ryszard Czerwiec than our subject (021802, Malczyce). Do not use this lead at all. WebSearch tool budget was exhausted for the session so no press corroboration was possible beyond PKW data and the live KRS pull. || TOŻSAMOŚĆ: Solid on its own terms: the PKW dataset consistently ties one birth year (1972) and one teryt (021802, gmina Malczyce) across both candidacy rows, and the live KRS PESEL prefix ('7') matches. Note there is a DIFFERENT, unrelated 'Ryszard Czerwiec' in the PKW data (b.1968, teryt 246801, PO 2010/SLD-U"
206,Andrzej Niemiec,maybe,"[candidacy-only] Kandydował do Rady Miejskiej w Lubinie (powiat lubiński, teryt gminy 0211) z listy KOMITET WYBORCZY POLSKIE STRONNICTWO LUDOWE w wyborach samorządowych 2014 i 2018 r. Ta sama nazwisko+rocznik (1972) łączona jest w danych PKW także z kandydaturą do Sejmu w 2023 r. (Koalicyjny KW Trzecia Droga PL2050-PSL, okręg 2 Legnica) i z własnym komitetem 'KWW ANDRZEJ NIEMIEC LEPSZA GMINA' w gminie Malczyce (powiat średzki, teryt 0218) w 2024 r. - obie z zadeklarowanym 'członkostwem w PSL' w oświadczeniu PKW. ALE te dwie ostatnie wskazują miejsce zamieszkania w powiecie średzkim (0218), a nie lubińskim (0211), co jest sprzeczne z kandydaturami z 2014/2018 i z obecnym miejscem pracy (Ścinawa, powiat lubiński) - prawdopodobnie inny Andrzej Niemiec. | ŹRÓDŁO: duckdb SELECT z /home/szymon/.claude-worktrees/koryta/bridge-cse_01Bo4h2Tk1b2xeaeg5kJbDjt/data/pipelines/versioned/people_pkw_merged/people_pkw_merged.jsonl i person_pkw.jsonl (rekord 'andrzej niemiec' ur. 1972, teryt_powiat ['0211','0200','0218']); pkw_membership_111_280.json (n=206)","2 aktualne (ZGK Ścinawa Zarząd od V 2025 - potwierdzone live KRS; Gminna Spółka Komunalna Radwanice RN od VI 2025 - z rejestr.io, poza jobs batcha) + 1 historyczna (LSSE Zarząd 2015-2016). Żadna nie jest rada spoleczna.","verdict=maybe || TEZA: Ścinawa utility chief's PSL tie is real but tangled with a same-name, different-powiat namesake || UWAGA: Nie drukować twierdzenia o 'zadeklarowanym członkostwie w PSL w 2023/2024' bez weryfikacji roku urodzenia/PESEL - to najpewniej inny Andrzej Niemiec z powiatu średzkiego (Malczyce). Bezpieczniejszą podstawą są kandydatury PSL 2014/2018 w powiecie lubińskim, o ile ktoś potwierdzi rocznik urodzenia (KRS ujawnia tylko '3 czerwca' bez roku, PESEL zamaskowany zaczyna się na '7' - zgodne z 1970s, nie rozstrzyga). Charakter polityczny 'Towarzystwa Samorządowego Zgoda' nie został zweryfikowany (wyszukiwarki były przez większość sesji zablokowane botem). || TOŻSAMOŚĆ: weak dla powiązania partyjnego - namesake_risk HIGH w pliku leadów (14 różnych roczników urodzenia dla 'Andrzej Niemiec' w PKW) potwierdzony jako realny problem: scalony rekord PKW dla rocznika 1972 zawiera kandydatury z DWÓCH różnych powiatów (0211 Lubin i 0218 Środa Śląska) z rozbieżnym miejscem z"
207,Piotr Krystowski,skip,[none] none found,"1 aktualna (PCZ Kamienna Góra RN od V 2025 - potwierdzone live KRS) + 3 historyczne (TBS Kamienna Góra x2, Sanikom Lubawka). Żadna nie jest rada spoleczna.","verdict=skip || TEZA: Four hospital/utility supervisory seats since 2019, zero political trace found || UWAGA: Wyszukiwarki (Bing, Google, DuckDuckGo, Brave, Startpage) były przez całą sesję albo zablokowane botem, albo zwracały losowe/niepowiązane wyniki (np. filmy z YouTube, opony) - traktować brak wyników jako niepewny, nie jako dowód nieobecności w mediach. Warto sprawdzić BIP starostwa kamiennogórskiego bezpośrednio (nie udało się ustalić poprawnego adresu domeny w tej sesji). || TOŻSAMOŚĆ: moderate - zamaskowane inicjały w live KRS (K./P.) zgodne z 'Krystowski Piotr'; rejestr.io potwierdza spójny profil (ur. 18 czerwca) z tymi samymi 4 firmami."
208,Piotr Kowal,skip,"[none] none found (PKW 'Nowa Lewica' lead checked and refuted as a different person) | ŹRÓDŁO: none - the pkw_membership_111_280.json lead for n=208 is refuted, see reason",1 aktualna (Żegluga Ostródzko-Elbląska RN od V 2025 - potwierdzone live KRS). Nie rada spoleczna.,"verdict=skip || TEZA: Elbląg sports-federation official, not the Nowa Lewica Sejm candidate the lead pointed to || UWAGA: Nie używać etykiety 'Nowa Lewica' z pliku leadów - to prawdopodobnie inny Piotr Kowal z okręgu toruńskiego. Jeśli operator chce mimo to ścigać wątek polityczny, trzeba by ustalić PESEL/rocznik tej konkretnej osoby i porównać z rekordem PKW z Torunia/Włocławka, czego nie udało się zrobić w tej sesji z powodu zablokowanych wyszukiwarek. || TOŻSAMOŚĆ: solid dla tożsamości samej osoby (rejestr.io: ur. 28 grudnia, 4 aktualne powiązania, wszystkie w rejonie Elbląg/Ostróda, spójne z KRS); ale weak/REFUTED dla powiązania partyjnego - dopasowanie PKW oparte wyłącznie na imieniu+nazwisku (brak rocznika w rekordzie), a niezależne dane geograficzne (miejs"
209,Cezary Wawrzyński,publish,"[elected-office] Radny Rady Miejskiej w Ostródzie wybrany w wyborach samorządowych 2024 r. (okręg wyborczy nr 4, lista nr 19 - KWW RAFAŁA DĄBROWSKIEGO OSTRÓDAODNOWA, czyli własny komitet obecnego burmistrza Ostródy Rafała Dąbrowskiego). Mandat wygasł 13 maja 2024 r. z powodu pisemnego zrzeczenia się mandatu. Rok później, 6 maja 2025 r., objął stanowisko Prezesa Zarządu miejskiej spółki Żegluga Ostródzko-Elbląska. | ŹRÓDŁO: Postanowienie Nr 661/2024 Komisarza Wyborczego w Elblągu II z dnia 14 maja 2024 r. 'w sprawie stwierdzenia wygaśnięcia mandatu radnego Rady Miejskiej w Ostródzie' (opublikowane na https://bipostroda.warmia.mazury.pl/7741/sklad-rady-miejskiej-kadencji-2024-2029.html, plik PDF podpisany elektronicznie przez Arkadiusza Zaczka); pl.wikipedia.org/wiki/Ostróda (Rafał Dąbrowski jako obecny burmistrz); people_pkw_merged.jsonl (kandydatury SLD 1993-2018, wygrana w 2010 i 2024)","1 aktualna (Żegluga Ostródzko-Elbląska Prezes Zarządu od V 2025 - potwierdzone live KRS) + 4 historyczne (MPEC, Szpital w Ostródzie S.A., MPGK Nowe Miasto Lubawskie, MABK). Żadna nie jest rada spoleczna.","verdict=publish || TEZA: Resigned his council seat won on the mayor's own ticket, made CEO of the city shipping company a year later || UWAGA: Nie ustalono, dlaczego dokładnie zrzekł się mandatu w maju 2024 (dokument podaje tylko fakt, nie przyczynę) - roczna przerwa między rezygnacją a nominacją na prezesa nie pozwala jednoznacznie stwierdzić, że to była wymiana 'mandat za posadę', ale sekwencja (lista burmistrza -> mandat -> rezygnacja -> stanowisko w spółce miejskiej) jest sama w sobie historią wartą opisania z zachowaniem tej niepewności. || TOŻSAMOŚĆ: solid - dokument rządowy (postanowienie Komisarza Wyborczego) wymienia go z imienia i nazwiska w kontekście dokładnie tego samego okręgu (Ostróda) i tego samego roku, a zamaskowane inicjały w live KRS (W./C.) dla firmy z tą samą datą objęcia funkcji (6.05.2025) się zgadzają. Cztery niezależne źródła"
210,Mateusz Szkaradziński,publish,"[candidacy-only] Kandydat KOMITETU WYBORCZEGO PRAWO I SPRAWIEDLIWOŚĆ do Sejmiku Województwa Warmińsko-Mazurskiego w wyborach samorządowych 2018 i 2024 r. (teryt kandydatury 280000 - lista wojewódzka), mieszkaniec powiatu piskiego (teryt 2816) - tego samego powiatu, w którym leży Biała Piska, siedziba jego obecnej spółki. | ŹRÓDŁO: duckdb SELECT z person_pkw.jsonl i people_pkw_merged.jsonl (dwa wiersze: 'Mateusz Szkaradziński', ur. 1994/1993, teryt_candidacy='280000', party='KOMITET WYBORCZY PRAWO I SPRAWIEDLIWOŚĆ' / 'KW PRAWO I SPRAWIEDLIWOŚĆ', living powiat 2816)","1 aktualna (ZEC Biała Piska RN od V 2025 - potwierdzone live KRS) + 4 historyczne (Dobre Miasto, Mrągowo, Barciany, Lotos Serwis - ta ostatnia prywatna/Skarbu Państwa, nie liczona jako lokalna publiczna posada). Żadna nie jest rada spoleczna.","verdict=publish || TEZA: Two-time PiS regional-assembly candidate now churns through his fifth public utility board seat in four years || UWAGA: Nie udało się zweryfikować charakteru politycznego Stowarzyszenia 'Przyjaciele Warmii i Mazur' ani stowarzyszenia im. gen. Roweckiego 'Grota' z powodu zablokowanych wyszukiwarek w tej sesji - traktować jako kontekst biograficzny, nie jako dodatkowy potwierdzony dowód powiązania z PiS poza samą kandydaturą. || TOŻSAMOŚĆ: moderate-solid - dwa wiersze PKW dla tej samej osoby mają rozbieżny rocznik (1994 vs 1993, typowa dla PKW rozbieżność wieku), ale identyczny teryt kandydatury (280000, sejmik warm.-maz.) i identyczne miejsce zamieszkania (powiat piski 2816) w obu latach, co zgadza się z lokalizacją obecnej spółki (B"
211,Adrian Rafał Zaleśny,maybe,"[candidacy-only] Radny (won 2024 samorząd election, candidacy_success=TRUE) for KWW ""Brzesko Odnowa"" — a purely local, non-partisan committee in Gmina Brzesko | ŹRÓDŁO: PKW candidate data (data/pipelines person_pkw dataset), election_year 2024, election_type samorządu, teryt_candidacy 120202, committee ""KWW BRZESKO ODNOWA"", candidacy_success TRUE; also 2018 candidacy same committee (no success flag). Single national cluster in people_pkw_merged (birth_year 1994, teryt powiat 1202 Brzesko only) — no namesake ambiguity.","1 public post, current (KRS-verified live today), not rada spoleczna.","verdict=maybe || TEZA: A young Brzesko councillor sits on the supervisory board of Kraków Airport's hotel, 60km from his own town — link unproven || UWAGA: Before publishing: (1) get an authoritative, complete Rada Miejska w Brzesku 2024-2029 roster and confirm he is actually seated; (2) find out who nominates board members to Kraków Airport Hotel (PPL S.A. vs. Sejmik Małopolski) and whether that nominator has any traceable tie to Brzesko or a party; (3) check whether 'Brzesko Odnowa' aligns with any regional party faction. Without one of those, this reads as an elected local councillor who separately holds an unrelated public-company seat, with no demonstrated causal link. || TOŻSAMOŚĆ: PKW cluster is unambiguous by name+birth year (1994, single national cluster). But I could NOT independently confirm he actually holds the Brzesko council seat: a 'skład Rady Miejskiej' article I fetched (bochniazbliska/informatorbrzeski coverage of the April 2024 results) named only a subset of win"
212,Leszek Zarzycki,publish,"[party-membership] członek partii politycznej: Platforma Obywatelska RP (declared party membership) | ŹRÓDŁO: PKW candidate register, wybory do Sejmu RP 2023, teryt_candidacy wojewodztwo 14 / teryt_living 142101 (miasto Pruszków), committee ""KOALICYJNY KOMITET WYBORCZY KOALICJA OBYWATELSKA PO .N IPL ZIELONI"", declared party_member field: ""członek partii politycznej: Platforma Obywatelska RP"" (data/pipelines person_pkw dataset, row: election_year 2023, election_type sejmu).","1 public post, current (KRS-verified live today), not rada spoleczna.","verdict=publish || TEZA: Declared PO member and 15-year Pruszków PO/KO candidate lands on the supervisory board of the town's own waste company || UWAGA: I could not establish who controls Pruszków's town hall since the 2024 election (current prezydent: Piotr Bąk, took office 2024 per Wikipedia; his party/coalition unconfirmed in the searches I could run) — so the specific timing link between town-hall control and this appointment is plausible but not nailed down. The core connection (declared PO membership + matching town) stands on its own regardless. || TOŻSAMOŚĆ: The precomputed pkw_membership lead flagged namesake_risk=HIGH (6 distinct birth years share 'Leszek Zarzycki' nationally) because the 2023 Sejm PKW row has no birth_year field. I resolved this by teryt, not name: the 2023 declaration's teryt_living (142101, miasto Pruszków) matches exactly the powi"
213,Grzegorz Nowosielski,publish,"[elected-office] Burmistrz Wyszkowa ~2010–2024 (elected office, confirmed by press); czlonek partii politycznej: Polska 2050 Szymona Hołowni (declared, 2023 Senate run) | ŹRÓDŁO: Press: ""Burmistrz Wyszkowa Grzegorz Nowosielski powalczy o mandat senatora w naszym okręgu"" (pultusk24.pl, 17 Aug 2023) and ""Grzegorz Nowosielski – burmistrz Wyszkowa – kandydatem opozycji w wyborach do Senatu"" (Ostrołęka Nasze Miasto, 17 Aug 2023); PKW candidate register, wybory do Senatu RP 2023, teryt 14/143505, committee ""KOALICYJNY KOMITET WYBORCZY TRZECIA DROGA POLSKA 2050 SZYMONA HOŁOWNI - POLSKIE STRONNICTWO LUDOWE"", declared party_member ""członek partii politycznej: Polska 2050 Szymona Hołowni"" (candidacy_success FALSE — he lost).","1 public post, current (KRS-verified live today), not rada spoleczna.","verdict=publish || TEZA: Wyszków's mayor for 14 years, defeated in 2024, resurfaces on a neighbouring town's waste-company board a year later || UWAGA: I could not find press coverage of the ECO Pułtusk appointment itself (searched Google News RSS for ""Nowosielski"" + ""ECO Pułtusk"" — no hits), so the specific mechanism connecting his defeat in Wyszków to a board seat in Pułtusk (a different powiat) is inferred from timing, not documented directly. Worth checking who controls Pułtusk's town hall (current burmistrz Beata Jóźwiak, elected Oct 2024; one article referenced 'PSL i PiS' power-sharing there) for a fuller mechanism. || TOŻSAMOŚĆ: people_pkw_merged collapses ALL of his candidacies (1998-2024) into a single national cluster — one birth year (1974), one teryt powiat (1435, Wyszków) — meaning PKW's own matching found no other 'Grzegorz Nowosielski' nationally with a recorded birth year (this actually contradicts the precomputed "
214,Marek Chyl,publish,"[elected-office] Currently sitting Wiceprzewodniczący (Vice-Chairman) of Sejmik Województwa Warmińsko-Mazurskiego, elected on the Koalicja Obywatelska (Platforma Obywatelska) list, term 2024-2029 (and previously 2018-2024) | ŹRÓDŁO: Official voivodeship government website: warmia.mazury.pl/wladze-wojewodztwa/radni-wojewodztwa-2024-2029 (fetched 2026-09-03) — lists ""CHYL Marek"" as one of the 30 current radni for the 2024-2029 term. PKW candidate register (people_pkw_merged): 2024 samorządu, teryt 280901 (powiat lidzbarski), committee ""KKW KOALICJA OBYWATELSKA"", position ""Rada sejmiku"", candidacy_success TRUE.","1 public post, current (KRS-verified live today), not rada spoleczna.","verdict=publish || TEZA: Sitting vice-chairman of the regional assembly also sits on the supervisory board of a small-town water utility || UWAGA: None significant — this is the best-documented of the five, confirmed on a primary official government source. || TOŻSAMOŚĆ: KRS live match: masked-name character counts (C***=4=Chyl, M****=5=Marek) plus PESEL prefix '6' (born 196x) is consistent with PKW birth_year 1963. The company (Dobre Miasto, powiat olsztyński, teryt 2814) is in a DIFFERENT, but adjacent, powiat from his home base (Lidzbark Warmiński, powiat lidzbar"
215,Robert Błaszczyk,ODRZUCONE,"[candidacy-only] Two mainstream-coalition local candidacies in Gliwice (2002 Sojusz Lewicy Demokratycznej-Unia Pracy; 2024 Trzecia Droga PSL-Polska2050), both unsuccessful, plus 12+ years accumulating posts across three public companies in the Gliwice-Chorzów-Świętochłowice conurbation, culminating in Prezes Zarządu of Gliwice's municipal housing company | ŹRÓDŁO: PKW candidate register (people_pkw_merged, single national cluster: b.1965, teryt powiat 2466 = Gliwice): 2002 samorządu, ""Koalicyjny KW Sojusz Lewicy Demokratycznej - Unia Pracy""; 2024 samorządu, teryt_living 246601, ""KKW TRZECIA DROGA PSL-PL2050 SZYMONA HOŁOWNI"", candidacy_success FALSE.","3 public posts total: 1 current (Prezes Zarządu, Gliwice ZBM+TBS, KRS-verified live today, not rada spoleczna) and 2 ended (Świętochłowice MPGL Zarząd 2013-2019; Chorzowsko-Świętochłowickie Wodociągi Rada Nadzorcza Jul-Sep 2013, is_public correction applied, not rada spoleczna). No open/stale-edge issue found (trap 2 clear — both past posts have explicit end dates already).","verdict=publish || ODRZUCONE PRZEZ WERYFIKATORA: Publish, but only after fixing the headline/reason, which overstate the 2002 candidacy result. Everything else in the draft holds up. Corrected headline: ""Twice a Gliwice local-election candidate, 22 years apart, now sole CEO of the city's housing company, after 12 years across three public boards"" Corrected reason: same as given, except replace ""Two mainstream-coalition local candidacies... both  || TEZA: Twice-failed Gliwice candidate now sole CEO of the city's housing company, after 12 years across three public boards || UWAGA: The political connection itself is genuinely weak — two candidacies 22 years apart, neither won, no declared party membership, and the two committees (SLD-UP in 2002, Trzecia Droga PSL-Polska2050 in 2024) are not obviously the same political tradition, so this reads more as recurring local civic involvement than a tight party pipeline. Publish on the strength of the accumulation (3 public boards, 12+ years, now sole CEO) plus a real, teryt-matched candidacy trace — but do not overstate the candidacies as more than what they are (two losses). || TOŻSAMOŚĆ: people_pkw_merged collapses his candidacies into a single national cluster at teryt 2466 (Gliwice) exactly matching his current employer's home town — low namesake risk despite 'Błaszczyk' being a very common surname (654 nationally per the family_leads file), because the powiat+birth-year match is "
216,Waldemar Zasada,publish,"[elected-office] Elected in the 2024 local elections (PKW candidacy_success=true) to a powiat-level council seat in the radomszczański teryt district (code 101200) running for KW Stowarzyszenie „Wspólny Samorząd”; ran for the same seat in 2014 and 2018 under Komitet Wyborczy „Radomszczańskie Porozumienie Społeczne”, and stood for Wójt in 2010 under KWW „Rolnicza Inicjatywa Samorządowa” (lost). Appointed to the Piotrków Trybunalski transit company's supervisory board roughly a year after the 2024 win. | ŹRÓDŁO: person_pkw dataset (pipeline snapshot 2026-08-29, sourced from PKW's official candidate/results records): rows for Waldemar Zasada b.1959, teryt_candidacy=101200, election_year=2024, party=""KW STOWARZYSZENIE „WSPÓLNY SAMORZĄD”"", candidacy_success=true; cross-validated against his own 1998/2010/2014/2018 rows (same birth year, same teryt family) and against Adam Zasada's 2018 SLD-Lewica-Razem row at the identical teryt=101200, which triangulates the code to a powiat-wide (rada powiatu radomszczańskiego) race rather than a specific gmina","5 rada nadzorcza seats across 4 public companies (2013-2025) in Piotrków Trybunalski/Radomsko/Bełchatów/Przedbórz; only the Piotrków Trybunalski (MZK) seat is currently open, confirmed live via KRS API - the other 4 are correctly recorded as closed in the batch, no trap-2 issue for this person.","verdict=publish || TEZA: A powiat councillor elected in 2024 takes a transit-company board seat five months later - but the 'councillor' identification rests on decoding a teryt code, not an opened primary source || UWAGA: The 'elected to a powiat council seat' claim is built by decoding the teryt_candidacy format (WWPP00 = powiat-wide race) and cross-checking against a second candidate's row at the same code, not from an opened PKW/gazette page - both direct attempts to reach wybory.gov.pl and to find a powiat-radomszczański BIP roster failed in this session. Before publishing, confirm 'Zasada Waldemar' appears as radny-elect of Rada Powiatu Radomszczańskiego 2024-2029 via the Dziennik Urzędowy Województwa Łódzkiego obwieszczenie or the powiat's own BIP. No connection was found to the four same-surname candidates in the family-leads file (Robert, Mirosław, Przemysław, Adam Zasada) beyond sharing a powiat and a surname of only medium national rarity - treat that lead as unconfirmed/likely coincidental, not a family tie. || TOŻSAMOŚĆ: Consistent birth year (1959) and teryt family (1012xx, powiat radomszczański) across five separate PKW candidacy rows spanning 1998-2024, matching the geography of every one of his employers; the live KRS PESEL prefix for the current MZK seat ('5...') is consistent with a 1959 birth year. The pipeli"
217,Andrzej Roszkowski,skip,[none] none found,1 currently open public-company management-board seat (not a supervisory/rada nadzorcza post); no rada spoleczna issue since it isn't a supervisory seat at all.,"verdict=skip || TEZA: Production board member of a state coal-group subsidiary with no matching PKW record or party trace || UWAGA: Web search tooling was unreliable this session (returned generic name-etymology pages for nearly every targeted Polish query); if the koryta pipeline holds a birth year or PESEL for this person that isn't visible here, re-run the PKW match before finalizing 'no connection' - a single missed row is possible given how scattered the namesake records are. || TOŻSAMOŚĆ: The board member himself is confirmed directly - the company's own statutory-bodies page names him next to its exact KRS number (strong). But no PKW candidate record, party membership, or family lead could be tied to him at all despite trying; the family-leads file's four same-surname Podlaskie cand"
218,Stanisław Derehajło,publish,"[elected-office] Wójt gminy Boćki 1998-2017; wicemarszałek województwa podlaskiego 2018-2021 (p.o. to 2022); radny sejmiku podlaskiego from 2018 (PiS list), re-elected 2024 (Konfederacja list); sekretarz generalny (2017-2021), wiceprezes (2021-2023) then przewodniczący konwencji krajowej i p.o. prezesa (from 2023) of the national party Porozumienie; earlier pełnomocnik województwa podlaskiego and członek zarządu krajowego of Stronnictwo Konserwatywno-Ludowe. PKW itself records a declared membership: 'członek Stronnictwa Konserwatywno-Ludowego' (2010). | ŹRÓDŁO: https://pl.wikipedia.org/wiki/Stanisław_Derehajło (dated biography citing his own oświadczenia majątkowe on ug.bocki.wrotapodlasia.pl and bip.wrotapodlasia.pl, and portalsamorzadowy.pl); person_pkw dataset row: declared_membership 'członek Stronnictwa Konserwatywno-Ludowego', election_year 2010, teryt 200304 (gmina Boćki), plus candidacy_success=true rows for 2002 and 2010 wójt races at the same teryt","1 currently open public-company rada nadzorcza seat (PEC Grajewo, confirmed live), plus 2 already-closed historical seats correctly shown as closed in the batch; none rada spoleczna.","verdict=publish || TEZA: Former deputy marshal of Podlaskie and current national leader of Porozumienie takes a heating-company board seat weeks after his 2024 re-election to the regional assembly || UWAGA: The Grajewo and Chełm posts sit far from his Boćki/Bielsk Podlaski base and from each other - plausible given years as a national party secretary-general with cross-regional reach, but worth a one-line explanatory note on the page rather than implying a single local patron. Also note in 2021 he became the subject of a widely-shared internet meme ('janusz biznesu') - irrelevant to the political-connection claim but likely to surface in any editorial review. || TOŻSAMOŚĆ: Very strong: Wikipedia's birthdate (27 March 1972, Bielsk Podlaski) matches rejestr.io's 'ur. 27 marca' exactly and matches birth_year=1972 across every one of his PKW rows (2002, 2006, 2010, 2023, 2024); the surname is nationally rare (4 people total per family_leads; PKW namesake_risk flagged 'low"
219,Monika Kowalska,skip,[none] none found,1 post the batch records as current is actually already closed per live KRS (trap 2); the other 2 are already closed in the batch and consistent.,"verdict=skip || TEZA: A chemical-industry supervisory-board career with a stale 'current' post and no identity-confirmed political trace || UWAGA: Do not publish the PROZAP seat as 'current' under any circumstance - it is verifiably closed on the live register as of the data pull today. If a connection is later proposed, it needs a second independent fact beyond the shared powiat with the 2002 candidacy, given how common this name is nationally. || TOŻSAMOŚĆ: Weak - no independent birth year for the board member, an extremely common surname, and only one ambiguous, uncorroborated teryt coincidence with a 2002 PKW candidate."
220,Bartłomiej Zwolakiewicz,publish,"[party-office] National Zarząd (board) member of Stowarzyszenie „Młodzi Demokraci” - Platforma Obywatelska's youth organisation - from Feb 2019 to Feb 2023; ran for local office directly on Platforma Obywatelska's own ticket in 2010, and again in 2018 on a 'Koalicja Samorządowa' local list at the same seat. | ŹRÓDŁO: batch job record + KRS 0000104734 (Stowarzyszenie „Młodzi Demokraci”, national HQ Warszawa), role Zarząd, 2019-02-04→2023-02-03; person_pkw dataset rows for Bartłomiej Zwolakiewicz b.1988, teryt 061408: 2010 'KOMITET WYBORCZY PLATFORMA OBYWATELSKA RP' (lost), 2018 'KWW KOALICJA SAMORZĄDOWA' at teryt 061400/061408","1 currently open public-company rada nadzorcza seat (Bialskie Wodociągi, confirmed live); the Młodzi Demokraci board term is already correctly shown closed in the batch - no trap-2 issue.","verdict=publish || TEZA: Four-year national board member of PO's youth wing lands a water-utility board seat in Biała Podlaska || UWAGA: Młodzi Demokraci's status as PO's official youth organisation is treated here as well-established background knowledge rather than something freshly confirmed on an opened page this session - web search tooling returned only generic name-etymology and unrelated results for every targeted query tried (including this one). Worth a quick confirming citation (the association's own statute, or a PO press page) before publishing, though the underlying fact is not seriously in doubt. || TOŻSAMOŚĆ: Strong: both PKW candidacy rows (2010, 2018) share the same teryt_living (061408) and the same birth year (1988), both geographically consistent with Biała Podlaska; the live KRS PESEL prefix for the current seat ('8...') is consistent with 1988."
221,Józef Lassota,publish,"[elected-office] Poseł na Sejm RP VII i VIII kadencji (2011-2015, 2015-2019) z listy Platformy Obywatelskiej (wygrana w 2011 z 10 241 głosami, reelekcja w 2015 z 8 285 głosami); PKW: ""członek partii Platforma Obywatelska RP"" zadeklarowane przy kandydowaniu do Sejmu w 2011 r.; wcześniej Prezydent Miasta Krakowa 1992-1998 z ramienia Unii Wolności/Solidarności. | ŹRÓDŁO: person_pkw dataset (PKW), wiersz pkw_name='Lassota Józef', election_year=2011, election_type=sejmu, party='Komitet Wyborczy Platforma Obywatelska RP', candidacy_success=TRUE, party_member='""członek partii Platforma Obywatelska RP""'; pl.wikipedia.org/wiki/Józef_Lassota (fetched 2026-09-03); pkw_membership_111_280.json lead file for n=221","1 aktualny potwierdzony żywym KRS (ARMK Kraków); 2 historyczne w spółkach publicznych (ZGK Wieliczka do 06.2024, Powiatowy Park Rozwoju do 2014); 2 stanowiska w podmiotach niepublicznych (izba gospodarcza, fundacja rodzinna).","verdict=publish || TEZA: Były prezydent Krakowa i poseł PO zasiada w radzie nadzorczej miejskiej spółki rozwojowej || UWAGA: Kadencja w ARMK wg batcha kończy się 2026-04-06 - to najpewniej data planowanego końca kadencji, nie data odejścia; stan na 2026-09-03 potwierdza, że mandat wciąż trwa. || TOŻSAMOŚĆ: Silna: PKW pokazuje 'Lassota Józef', rok urodzenia 1943, teryt_living 126101 (Kraków) i zwycięstwo w wyborach do Sejmu 2011 - dokładnie zgodne z biografią z Wikipedii (prezydent Krakowa 1992-1998, poseł PO 2011-2019, wcześniej UW). Żywy wpis KRS ARMK zawiera jedynego członka RN, którego zamaskowane "
222,Tomasz Krzysztof Czerwiński,publish,"[candidacy-only] Dwukrotny kandydat własnego Komitetu Wyborczego Prawo i Sprawiedliwość do rady powiatu starogardzkiego (2006 i 2010, teryt 221400); w 2014 kandydował już z lokalnego KWW Kociewski Klub Regionalny. W okresie rządów PiS (2022-03-17 do 2024-05-14) zasiadał w radzie nadzorczej TAURON Nowe Technologie S.A., spółki z grupy kontrolowanej przez Skarb Państwa. | ŹRÓDŁO: person_pkw dataset (PKW): wiersze pkw_name='Czerwiński Tomasz Krzysztof', birth_year=1983, teryt_candidacy=221400, election_year=2006 party='Komitet Wyborczy Prawo i Sprawiedliwość' i election_year=2010 party='KOMITET WYBORCZY PRAWO I SPRAWIEDLIWOŚĆ'; api-krs.ms.gov.pl OdpisAktualny KRS 0000098289 (fetched 2026-09-03); rejestr.io/osoby/2824170 (fetched 2026-09-03)","1 aktualny potwierdzony (GPK Skarszewy); 1 historyczny w dużej spółce grupy Skarbu Państwa (TAURON Nowe Technologie, zamknięty 2024-05-14, zgodny z rejestr.io pokazującym tylko 2 aktualne powiązania inne niż TAURON).","verdict=publish || TEZA: Dwukrotny kandydat PiS do rady powiatu, potem w radzie nadzorczej Tauronu, dziś w gminnej spółce komunalnej || UWAGA: Plik pkw_membership opisuje to jako 'declared_membership': 'Prawo i Sprawiedliwość', ale w surowych danych PKW pole party_member (deklaracja członkostwa) jest puste (None) dla wszystkich wierszy tej osoby - w rzeczywistości chodzi o kandydowanie z własnego komitetu PiS, nie o zadeklarowane członkostwo partyjne; to rozróżnienie warto zachować przy publikacji. Mimo wielu prób nie znaleziono żadnej wzmianki prasowej o tej osobie (wyszukiwarki konsekwentnie zwracały niepowiązane wyniki) - całość wiedzy pochodzi z baz PKW i KRS. Kandydatury z 2018 i 2024 wymienione w danych batcha (committee: null) nie zostały odnalezione w zbiorze person_pkw pod tym samym imieniem i nazwiskiem - niepotwierdzone, nie użyte jako dowód. || TOŻSAMOŚĆ: Plik leadów oznaczył namesake_risk jako HIGH (9 różnych roczników w PKW noszących to imię i nazwisko). Rozstrzygnięte przez krzyżowe dopasowanie teryt: kandydatury z 2006/2010/2014 (birth_year=1983, teryt_candidacy=221400 = powiat starogardzki) pasują geograficznie do siedziby obecnej spółki (Skarsz"
223,Walerian Żyndul,skip,[none] none found,"1 aktualny potwierdzony (H. Cegielski, duża spółka Skarbu Państwa, ale bez wykazanego związku politycznego); 1 historyczny w spółce niepublicznej.","verdict=skip || TEZA: Brak udokumentowanego powiązania politycznego || UWAGA: Wielokrotne próby wyszukiwania w sieci (Bing przez WebFetch) zwracały wyniki całkowicie niezwiązane z tą osobą - narzędzia wyszukiwania zawodziły dla tego rzadkiego nazwiska; natywny WebSearch był niedostępny (wyczerpany budżet sesji) przez większość badania tej osoby, co ogranicza pewność negatywnego wyniku. || TOŻSAMOŚĆ: Mocne dopasowanie liter nazwiska/imienia w żywym KRS potwierdza tożsamość z wpisem w batchu; jedyny rekord PKW noszący to imię i nazwisko (Żyndul Walerian, ur. 1955) - brak ryzyka kolizji nazwiskowej."
224,Iwona Topczewska Górna,skip,[none] none found,"PUŁAPKA 2 potwierdzona: jedyne stanowisko w batchu (Rada Nadzorcza Miejskiego Przedsiębiorstwa Gospodarki Komunalnej w Jeleniej Górze, KRS 0000186967, spółka publiczna) ma w danych end:null (rzekomo aktualne od 2025-03-26), ale (a) żywy KRS wymienia 5 aktualnych członków RN i żaden nie pasuje do 'Topczewska Górna' ani do samego 'Górna' z imieniem 'Iwona' (jedyna osoba o nazwisku 'Górna' w składzie ma 8-literowe imię, prawdopodobnie 'Bogumiła' - inna osoba); (b) rejestr.io/osoby/3335731 pokazuje wyłącznie '1 historyczne powiązanie', zero aktualnych; (c) węzeł w parsed prod export (nodes.pkl) pokazuje stats.edges.all.experienceMonths=1.4, czyli zatrudnienie trwało ok. 6 tygodni od 2025-03-26. Wniosek: mandat już się zakończył ok. maja 2025, mimo że dane źródłowe batcha oznaczają go jako otwarty - nie ma tu żadnego aktualnego trough post do udokumentowania.","verdict=skip || TEZA: Brak kandydatur i deklaracji, a jedyne stanowisko już nieaktualne (pułapka 2) || UWAGA: Nawet gdyby powiązanie rodzinne z Wiesławą Górną się potwierdziło, jedyny post tej osoby już wygasł (pułapka 2), więc i tak nie byłoby aktualnego stanowiska do opisania. || TOŻSAMOŚĆ: Słaba: brak kandydatur własnych, brak innych źródeł publicznych poza samym wpisem KRS/rejestr.io, który potwierdza jedynie istnienie osoby o tym imieniu i nazwisku, nie jej tożsamość polityczną."
225,Piotr Bogdan Soczyński,publish,"[elected-office] Zwycięska kandydatura do samorządu w 2010 r. z Komitetu Wyborczego Platforma Obywatelska RP (PKW: candidacy_success=TRUE, teryt 160200/160203, woj. opolskie); powtarzające się kandydatury na listach PO/KO w latach 2002 (KWW), 2006, 2010, 2014, 2023 (Sejm, Koalicyjny Komitet Wyborczy Koalicja Obywatelska PO.N IPL Zieloni) i 2024; zadeklarowane członkostwo partyjne w PKW: ""członek partii politycznej: Platforma Obywatelska RP"" (wybory 2023, namesake_risk LOW). | ŹRÓDŁO: person_pkw dataset, wiersz election_year=2010, pkw_name='Soczyński Piotr Bogdan', birth_year=1972, teryt_candidacy=160200, candidacy_success=TRUE, party='KOMITET WYBORCZY PLATFORMA OBYWATELSKA RP'; pkw_membership_111_280.json lead file dla n=225 (declared_membership, wybory 2023); pole parties w batchu = ['PO'] oraz tabela candidacies (komitety PO/KO w 2006/2010/2014/2023)","2 aktualne, oba potwierdzone żywym KRS w dniu sprawdzenia (2026-09-03): Centrum Terapii Nerwic w Mosznej (prezes zarządu) i Zakład Komunalny Głogówek (rada nadzorcza).","verdict=publish || TEZA: Wieloletni działacz i zwycięski kandydat PO dziś prezesem publicznego ośrodka terapii i w radzie nadzorczej gminnej spółki || UWAGA: Nie znaleziono niezależnego artykułu prasowego potwierdzającego powołanie na prezesa Centrum Terapii Nerwic (wyszukiwarki zwracały wyniki niepowiązane) - dowody z PKW i żywego KRS są jednak same w sobie wystarczające i pierwszorzędne wg zasad projektu. Rodzinne tropy z pliku family_leads (Stanisław, Adam, Longin Soczyńscy, kandydaci lokalni z 1998 r. w tym samym powiecie) to prawdopodobnie starsze pokolenie rodziny, ale nie są potrzebne do uzasadnienia publikacji i nie były dalej badane zgodnie z ograniczeniem zakresu badań rodzinnych. || TOŻSAMOŚĆ: Bardzo mocna: namesake_risk LOW w pliku leadów (tylko 1 rocznik urodzenia w całej bazie PKW nosi imię i nazwisko 'Piotr Bogdan Soczyński'), rok urodzenia (1972) i teryt (województwo opolskie, region Głogówka/Mosznej) spójne między kandydaturami z 2002-2010 a obiema obecnymi spółkami publicznymi w ty"
226,Bartosz Wiśniakowski,publish,"[elected-office] Radny Sejmiku Województwa Mazowieckiego VI kadencji (2018–2024), lista Koalicja Obywatelska / Platforma Obywatelska, wybrany z 40 724 głosami; wcześniej kandydat do rady dzielnicy Warszawy w 2014 r. z komitetu Warszawska Wspólnota Samorządowa (ruch powiązany z Piotrem Guziałem i referendum ws. odwołania prezydent Warszawy w 2013 r.) | ŹRÓDŁO: pl.wikipedia.org 'Sejmik Województwa Mazowieckiego' (VI kadencja klub KO, cytuje bip.mazovia.pl 'Radni województwa w BIP województwa mazowieckiego, VI kadencja 2018-2024') and 'Radni sejmików województw VI kadencji' (40 724 głosów, KKW Platforma.Nowoczesna Koalicja Obywatelska); versioned person_pkw.jsonl row (2014, birth_year=1983, teryt 146518, komitet 'Warszawska Wspólnota Samorządowa')","1 genuinely current public post (batch's 2 entries are one duplicated edge): Przewodniczący Rady Nadzorczej, PWPW S.A., since 21 Mar 2025, confirmed live. Plus 1 rada społeczna seat (Międzyleski Szpital, since 2021) correctly excluded under trap 1.","verdict=publish || TEZA: Ex-KO regional councillor made chairman of the state security-printer's board months after leaving the sejmik || UWAGA: Confirm from a primary source (BIP mazovia.pl election results, or press) whether he lost re-election to the sejmik in 2024 or chose not to run, and get a dated MSWiA/PWPW press release naming who nominated him and why — Wikipedia is a convenient but tertiary source for the sejmik facts. || TOŻSAMOŚĆ: Three independent sources converge on the same name: live KRS's redacted-but-length-matching sklad entry, PWPW's own corporate site naming him chairman, and Wikipedia's sejmik VI kadencja roster (which independently cites BIP mazovia.pl) plus the 'Radni sejmików województw VI kadencji' vote tally. N"
227,Grzegorz Zawiślak,skip,"[candidacy-only] none found as a citable, current political tie — the only concrete trace is a 2002 candidacy for gmina council under the Koalicyjny Komitet Wyborczy SLD-UP (teryt 281402, gmina Biskupiec area, powiat olsztyński), result unknown. A same-surname/same-teryt 'family lead' (Stanisław Zawiślak, b.1949, local candidate there in 1998/2002) is unconfirmed as a relative. | ŹRÓDŁO: versioned person_pkw.jsonl row: election_year=2002, election_type=samorządu, last_name=Zawiślak, first_name=Grzegorz, birth_year=1973, teryt_candidacy=281402, party='Koalicyjny KW Sojusz Lewicy Demokratycznej - Unia Pracy'","2 current RN seats, both confirmed live via KRS API (see above). No historical posts in the batch beyond these two.","verdict=skip || TEZA: Two neighbouring water-utility boards, but no real political trace beyond a 24-year-old candidacy || UWAGA: Do not print the Stanisław Zawiślak family lead without a press/obituary source confirming the relationship — right now it is same-surname-same-gmina only, which the rules explicitly say is not enough. Also chase the batch's 2024 candidacy (present in the batch, absent from the person_pkw.jsonl artifact used here) to see if a committee/party is recorded. || TOŻSAMOŚĆ: Live KRS redacted entries on both boards match Zawiślak/Grzegorz by character count. The 2002 PKW candidacy's birth_year (1973) and teryt (powiat olsztyński) are geographically consistent with both current employers. Explicitly ruled out a collision with the notable burmistrz-of-Prudnik namesake (di"
228,Tomasz Jacek Całka,publish,"[elected-office] Radny Rady Powiatu Bocheńskiego, kadencja 2010–2014, wybrany z listy Komitetu Wyborczego Prawo i Sprawiedliwość (PKW candidacy_success=TRUE); kandydat PiS również w 2006 r. i kandydat Akcji Wyborczej Solidarność w 1998 r., wszystko w tym samym teryt 120100 (powiat bocheński) | ŹRÓDŁO: versioned person_pkw.jsonl rows: election_year=2010, last_name=Całka, first_name='Tomasz Jacek', birth_year=1975, teryt_candidacy=120100, party='KOMITET WYBORCZY PRAWO I SPRAWIEDLIWOŚĆ', candidacy_success=TRUE; and election_year=2006, same teryt, party='Komitet Wyborczy Prawo i Sprawiedliwość'","3 posts total: 2 current (Prezes at ZGK Gdów since Mar 2025, RN at GOSiR Bochnia since Jun 2021), 1 former but genuinely public despite is_public=false flag (Zarząd at TARR, 2019-2024). All confirmed via live KRS.","verdict=publish || TEZA: Elected PiS powiat councillor (2010) now presides over a gmina utility company and sits on two more public boards || UWAGA: Marek Całka (b.1950, PiS candidate 1998/2006/2010-elected in the adjoining teryt 120101) is a striking possible-father lead — same election, same party, same win, neighbouring gmina — but UNCONFIRMED; no published statement found. Chase local Bochnia press or an oświadczenie majątkowe before printing a family claim; cite the elected-office fact on its own regardless, it stands independently. || TOŻSAMOŚĆ: Live KRS redacted entries at both current companies ('C****'/'T***** J****') match Całka/Tomasz Jacek by character count. PKW's 2010 and 2006 candidacy rows use the exact full name 'Całka Tomasz Jacek' at teryt 120100 (powiat bocheński) — same area as the GOSiR Bochnia seat — geography and full name"
229,Marcin Burchacki,publish,"[elected-office] Członek partii politycznej: Polskie Stronnictwo Ludowe (deklaracja PKW przy kandydaturze w 2024 r.); wybrany radny w 2010 r. z listy Komitetu Wyborczego PSL (candidacy_success=TRUE), teryt 141300, powiat mławski (mazowieckie) | ŹRÓDŁO: precomputed pkw_membership_111_280.json lead (declared_membership='członek partii politycznej: Polskie Stronnictwo Ludowe', declared_in_elections=['2024'], namesake_risk='low', distinct_birth_years_sharing_this_name=1); independently corroborated in versioned person_pkw.jsonl: election_year=2010, last_name=Burchacki, first_name=Marcin, birth_year=1976, teryt_candidacy=141300, party='KOMITET WYBORCZY POLSKIE STRONNICTWO LUDOWE', candidacy_success=TRUE","2 posts, 1 current (RN Działdowo since Mar 2025, confirmed live) and 1 former but real (Zarząd ZWiK Ciechanów 2018-2024, confirmed ended live). Batch also lists 6 samorząd candidacies 2010-2024 in the region (some appear duplicated in the raw batch), consistent with a repeat local PSL figure.","verdict=publish || TEZA: Declared PSL member, elected PSL councillor in 2010, now on a Działdowo utility's board || UWAGA: Pull the 2018/2024 PKW candidate rows directly (not present in the person_pkw.jsonl artifact used here) to confirm PSL affiliation was continuous across all six candidacies rather than a one-time 2010 run. || TOŻSAMOŚĆ: Live KRS confirms the current seat by redacted-name match. The 2010 PSL-elected PKW row (birth_year 1976, teryt 141300) geographically sits between his two employers (Ciechanów and Działdowo). namesake_risk explicitly flagged LOW by the precomputed lead — essentially no collision risk for this uncom"
230,Piotr Modzelewski,skip,"[none] none found — a precomputed lead reports 'członek partii politycznej: Prawo i Sprawiedliwość' declared in the 2019 and 2023 candidate registrations, but the lead file itself flags namesake_risk as HIGH (5 distinct birth years share this exact name in PKW's records nationally), and no teryt or committee evidence found ties that declaration to the specific man who sat on the Kolno company's board | ŹRÓDŁO: none usable — pkw_membership_111_280.json lead (declared_membership=PiS, declared_in_elections=['2019','2023'], namesake_risk='HIGH', distinct_birth_years_sharing_this_name=5) could not be corroborated; versioned person_pkw.jsonl's only three 'Piotr Modzelewski' rows nationally (birth years 1944 in powiat człuchowski/pomorskie, 1960 in powiat zambrowski/podlaskie under SLD-UP, 1961 in mazowieckie under PSL) sit in different powiats and none is in powiat kolneński, where his job is","0 current public posts as of today (3 Sep 2026): the sole job (RN, PUK Kolno) ended 11 Mar 2026 per live KRS, despite one duplicate batch edge showing it as open-ended.","verdict=skip || TEZA: Board term already lapsed, and the PiS lead can't be pinned to this specific Piotr Modzelewski || UWAGA: Before revisiting: pull the actual 2019 or 2023 Sejm/Senat/EP candidate registration to get this Piotr Modzelewski's birth year and home teryt and compare it to Kolno; also get the 2014/2018/2024 local-candidacy committees directly from PKW since person_pkw.jsonl doesn't cover them for this name. Without that, this stays a skip. || TOŻSAMOŚĆ: Weak. rejestr.io gives only day/month of birth, no year, so it cannot disambiguate the 5 distinct birth years PKW records under this exact name. No teryt, committee, or press link found connecting the Kolno board seat to the PiS 2019/2023 declaration. The identity between 'RN member at PUK Kolno 202"
231,Dariusz Grabczuk,publish,"[elected-office] Radny Sejmiku Województwa Lubelskiego z Klubu Radnych Koalicja Obywatelska (kadencja od 2024), potwierdzony na oficjalnej stronie urzędu marszałkowskiego (e-mail dariusz.grabczuk@lubelskie.pl); w PKW wygrał mandat 'Rada sejmiku' w 2024 z listy KKW Koalicja Obywatelska (candidacy_success=TRUE), a wcześniej wygrał mandat samorządowy już w 2010 na liście KW Platforma Obywatelska RP | ŹRÓDŁO: https://www.lubelskie.pl/sejmik-wojewodztwa/sklad-sejmiku-wojewodztwa/ (skład Sejmiku, sprawdzone 2026-09-03, wpis 'Dariusz Grabczuk' / Klub Radnych: Koalicja Obywatelska / dariusz.grabczuk@lubelskie.pl); person_pkw PKW record, 2024 election, position 'Rada sejmiku', committee 'KKW KOALICJA OBYWATELSKA', candidacy_success=TRUE, teryt_candidacy 060000 / teryt_living 066201","1 public post: Rada Nadzorcza, Międzygminne Składowisko Odpadów Komunalnych KRAS-EKO (KRS 0000041616), since 2025-03-10, confirmed current via live KRS OdpisAktualny check (2026-09-03). No rada spoleczna posts in his record.","verdict=publish || TEZA: Sitting Lubelskie regional-assembly member (Koalicja Obywatelska) on the board of an inter-municipal waste company || UWAGA: The company (Krasnystaw powiat) and Grabczuk's PKW teryt (066201, associated with Chełm/powiat chełmski) sit in neighbouring but different powiats - not a contradiction since Lubelskie sejmik seats span multiple powiats. PKW records his birth year inconsistently as 1968 in some rows and 1969 in others (namesake_risk 'medium' per the precomputed file); I judge this is one person with an age-rounding artifact, not two, because every row shares the identical teryt and an unbroken PO/KO candidacy sequence, but this was not independently checked against a birth certificate. The 'strong' family lead to Sejm MP Krzysztof Grabczuk was deliberately left out of the published connection for lack of a kinship statement - worth chasing later via either man's oświadczenie majątkowe if the operator wants it. || TOŻSAMOŚĆ: Not weak - corroborated two ways independently: live KRS masked composition (G*******/D******) matches 'Grabczuk Dariusz' uniquely, and the official lubelskie.pl sejmik roster independently names 'Dariusz Grabczuk' with a lubelskie.pl email. PKW candidacy history is one continuous, unbroken run in t"
232,Jarosław Potępa,publish,"[elected-office] Radny PO (Platforma Obywatelska) w Jastrzębiu-Zdroju, mandat zdobyty w 2010 z listy KW Platforma Obywatelska RP; później kandydat na listach KWW Koalicja Anny Hetman (2018, 2024); od stycznia/lutego 2025 do stycznia 2026 wiceprezes zarządu JSW Ochrona - nominacja opisana w wielu mediach ogólnopolskich jako kontrowersyjna z powodu jego roli w akcji policji wobec strajkujących górników JSW w 2015 r. | ŹRÓDŁO: person_pkw PKW record: 2010 election, 'KOMITET WYBORCZY PLATFORMA OBYWATELSKA RP', candidacy_success=TRUE, teryt 246701 (Jastrzębie-Zdrój); press: jastrzebiezdroj.naszemiasto.pl, 'PiS znów o ""strzelaniu do górników za PO"". Oskarżają o to obecnego wiceprezesa JSW Ochrona Jarosław Potępa: ""To nagonka polityczna""', https://jastrzebiezdroj.naszemiasto.pl/pis-znow-o-strzelaniu-do-gornikow-za-po-oskarzaja-o-to-obecnego-wiceprezesa-jsw-ochrona-jaroslaw-potepa-to-nagonka-polityczna/ar/c1p2-27248179; niezalezna.pl (2025-02-05), 'Kierował policją, gdy strzelano do górników, dostał państwową fuchę. Szczyt bezczelności', https://niezalezna.pl/polityka/kierowal-policja-gdy-strzelano-do-gornikow-dostal-panstwowa-fuche-szczyt-bezczelnosci/536716","3 recorded jobs; only 1 was ever a real (non-rada-spoleczna) trough post: JSW Ochrona Zarząd (wiceprezes), 2025-03-07 to 2026-01-14 - confirmed ENDED via live KRS (he is absent from the current one-person board). The other 2 jobs (Wojewódzki Szpital Rehabilitacyjny dla Dzieci, and Wojewódzki Szpital Specjalistyczny Nr 2, both Jastrzębie-Zdrój) are supervisoryOrgan=rada_spoleczna and excluded per trap 1.","verdict=publish || TEZA: Former PO city councillor turned JSW Ochrona vice-president; appointment became a national political scandal over the 2015 miners'-strike police action || UWAGA: The JSW Ochrona post has already ended (Jan 2026) - do not present it as a currently held trough post; frame the connection around the 2010 elected PO council seat plus the (ended) JSW Ochrona appointment and the press scandal around it, which is squarely in scope even though the post is no longer current. His one remaining nominally-current job is a rada spoleczna seat, which is excluded by policy. || TOŻSAMOŚĆ: Strong - press articles explicitly name 'Jarosław Potępa' as both 'radny PO' and 'wiceprezes JSW Ochrona' in the same sentences; PKW teryt (246701) matches Jastrzębie-Zdrój, the company's home city."
233,Grzegorz Mazurek,skip,[none] none found,"1 substantive public post: Prezes Zarządu, MPK Kraśnik (KRS 0000131685) - confirmed current via live KRS. Recorded as two back-to-back job rows in the batch (2018-02-07 to 2025-03-06, then 2025-03-05 to present), but press shows he actually resigned in March 2022 and was later reinstated - the export's job record appears to have missed that roughly three-year interruption (a data-quality note, not decisive for the verdict).","verdict=skip || TEZA: Career transit-company manager at MPK Kraśnik; no political affiliation, office, or family tie found despite thorough search || UWAGA: Do not publish the batch's 2010/2024 'Samorząd' candidacies as his without independently re-verifying the teryt against Kraśnik - none of the 18 national PKW rows for 'Grzegorz Mazurek' carry a Kraśnik-area teryt, so those rows in the batch may themselves be a namesake mismatch (trap 4) rather than evidence he ever ran for office. || TOŻSAMOŚĆ: Solid for the company role - live KRS masked initials, BIP, rejestr.io, and multiple press pieces all describe the same Kraśnik-based bus-company president - but there is no political claim to check identity against, since the PKW candidacy rows found could not be confidently tied to this specific p"
234,Krzysztof Szostak,publish,"[elected-office] Do 2024 r. radny miejski Prawa i Sprawiedliwości w Mielcu (mandaty zdobyte w 2010 i 2024 z list KW Prawo i Sprawiedliwość); od lipca 2024 pierwszy zastępca prezydenta Mielca, nominowany przez prezydenta Radosława Swóła | ŹRÓDŁO: Radio Leliwa, 'Mielec: Chcemy grać w jednym zespole…', https://leliwa.pl/2024/05/mielec-chcemy-grac-w-jednym-zespole/ (published 2024-07-02) - quote: 'Pierwszym zastępcą prezydenta Mielca został wybrany Krzysztof Szostak, dotychczasowy radny miejski Prawa i Sprawiedliwości oraz były kierownik Gminnego Zakładu Gospodarki Komunalnej w Przecławiu.'; person_pkw PKW record: teryt 181101 (powiat mielecki), 'KW PRAWO I SPRAWIEDLIWOŚĆ', candidacy_success=TRUE in both 2010 and 2024","2 public posts, both real trough posts (neither is rada spoleczna): (1) Rada Nadzorcza, Elektrociepłownia Mielec, since 2025-02-27 - confirmed current via live KRS; (2) Zarząd, Zakład Gospodarki Komunalnej w Przecławiu, 2019-02-05 to 2024-08-08 - already recorded ended, consistent with press reporting that he left to become deputy mayor.","verdict=publish || TEZA: PiS city councillor turned Mielec deputy mayor, formerly ran the municipal utility next door to the one he now oversees || UWAGA: His current municipal role (zastępca prezydenta Mielca) is a city-hall executive appointment, not itself a koryta.pl company post - the citable political fact is the PiS council seat plus the press-reported deputy-mayor appointment, not a company 'job' entry. Confirm the mayor's party/political colour (Radosław Swół) if the write-up wants to characterize the city administration. || TOŻSAMOŚĆ: Strong - the Radio Leliwa article names 'Krzysztof Szostak' explicitly as both the sitting PiS city councillor and the outgoing director of ZGK Przecław in the same sentence, directly linking the political and company-employment identities. PKW teryt (powiat mielecki) matches both companies' locatio"
235,Grażyna Maniak,maybe,"[candidacy-only] Kandydatka do Sejmiku Województwa Zachodniopomorskiego w 2024 r. z listy KKW Trzecia Droga PSL - Polska2050 Szymona Hołowni (mandatu nie zdobyła) | ŹRÓDŁO: person_pkw PKW candidate record: 2024 election, position 'Rada sejmiku', 'KKW TRZECIA DROGA PSL-PL2050 SZYMONA HOŁOWNI', candidacy_success=FALSE, teryt_living 320402 (Gryfice area, zachodniopomorskie)","1 public post: Rada Nadzorcza, Gryfickie TBS (KRS 0000105379), since 2025-02-27 - confirmed current via live KRS.","verdict=maybe || TEZA: Unsuccessful 2024 Trzecia Droga sejmik candidate later placed on a small municipal TBS supervisory board || UWAGA: Before publishing, check: (1) whether Gryfice's mayor (Tomasz Aniuksztys) or city council after 2024 has any Trzecia Droga/PSL affiliation that would explain the TBS board appointment mechanism - not confirmed here; (2) whether she has any local (gmina-level) political history beyond the one 2024 regional candidacy, since a single lost sejmik bid is thin grounds on its own; (3) local Gryfice press for the board appointment itself, which was not found in this search (search-engine access was largely blocked for this final person - see below). || TOŻSAMOŚĆ: Moderate, not stated by any single source - inferred from converging facts: live KRS masked initials (M*****/G******) match 'Maniak Grażyna'; the PKW candidate's teryt_living (320402) is consistent with the Gryfice area where she is Dean; masked PESEL is consistent with birth in the 1960s (matches b"
236,Robert Karpeta,publish,"[party-membership] czlonek partii politycznej: Polskie Stronnictwo Ludowe (self-declared on his 2023 Sejm candidacy, okreg slaski, KKW Trzecia Droga Polska 2050 Szymona Holowni - PSL); also won a 2010 local council seat (powiat zywiecki) and was PSL's/Trzecia Droga's 2018 and 2024 candidate for the slaskie sejmik | ŹRÓDŁO: PKW candidate register, mirrored in versioned/person_pkw/person_pkw.jsonl: row election_year=2023, election_type=sejmu, teryt_candidacy=24, party=KOALICYJNY KOMITET WYBORCZY TRZECIA DROGA POLSKA 2050 SZYMONA HOLOWNI - POLSKIE STRONNICTWO LUDOWE, party_member='czlonek partii politycznej: Polskie Stronnictwo Ludowe' (this is exactly the row the pkw_membership_111_280.json lead pointed to)","2 public-sector posts found. 1 current and counted: KSSE Rada Nadzorcza (real RN), confirmed current on KSSE's own site today. 1 current but excluded: Wojewodzkie Centrum Pediatrii Kubalonka, a rada spoleczna (trap 1) since 2016 - not a trough post.","verdict=publish || TEZA: PSL member and 2023 Sejm candidate now sits on the Katowice Special Economic Zone's supervisory board || UWAGA: The family lead (Sebastian Karpeta b.1977, 2024 candidate same teryt 240000; Jan Karpeta b.1950, 1998 SLD candidate same teryt 241700) is uncorroborated - same surname and region only, no published statement of a relationship found. Do not print a family tie; the party-membership and elected-office facts stand on their own. || TOŻSAMOŚĆ: Live KRS odpis for KSSE (api-krs.ms.gov.pl, stan z dnia 02.06.2026, fetched 3 Sep 2026) lists an organNadzoru member surnamed 'K******' (7 letters after K, matching Karpeta) with imie 'R*****' imieDrugie 'P****' and PESEL prefix '7' (born 197x) - matches PKW's Robert Pawel Karpeta b.1977 exactly, an"
237,Żaneta Geryk,publish,"[elected-office] Won a 2010 local council seat in Koscierzyna on Komitet Wyborczy Platforma Obywatelska RP's list; repeat PO/KO candidate again in 2014, 2018 and 2024 | ŹRÓDŁO: PKW candidate register, versioned/person_pkw/person_pkw.jsonl: row election_year=2010, election_type=samorzadu, teryt_candidacy=226101 (gmina/miasto Koscierzyna), party=KOMITET WYBORCZY PLATFORMA OBYWATELSKA RP, candidacy_success=TRUE, birth_year=1970, name=Zaneta Beata Geryk","1 public post in the batch: Szpital Specjalistyczny w Koscierzynie Rada Nadzorcza, real RN, confirmed current via live KRS API as of 4 Aug 2026.","verdict=publish || TEZA: PO's 2010 election winner in Koscierzyna now sits on the local hospital's supervisory board || UWAGA: Only the 2010 candidacy carries a confirmed win (candidacy_success=TRUE in PKW data); the 2014/2018/2024 rows carry no success flag, so I have not asserted she held a council seat continuously - the 'elected' flag in the batch (trap 3) is null throughout and was correctly ignored in favour of PKW's candidacy_success field. Kościerzyna's BIP/council-member pages were not name-searchable with the tools available in this session, so no press corroboration beyond PKW was found. || TOŻSAMOŚĆ: KRS odpis organNadzoru lists a member surnamed 'G****' (4 letters, matching Geryk) with imie 'Ż*****' (matching Zaneta) and PESEL prefix '7' (born 197x), consistent with PKW's Zaneta Beata Geryk b.1970."
238,Emilia Mazur,publish,"[candidacy-only] 2024 candidate for the Sejmik Zachodniopomorskie on KKW Koalicja Obywatelska's (PO) list, teryt 320000 - lost | ŹRÓDŁO: PKW candidate register, versioned/person_pkw/person_pkw.jsonl: row election_year=2024, election_type=samorzadu, teryt_candidacy=320000, party=KKW KOALICJA OBYWATELSKA, position='Rada sejmiku', candidacy_success=FALSE, birth_year=1982, name=Emilia Mazur","5 public posts found, 2 currently held (PGK Szczecinek RN and Uzdrowisko Polczyn Prezes Zarzadu), both confirmed live via KRS API; 3 ended (Aqua-Tur RN, PGK Szczecinek Zarzad, ZGM TBS RN). None are rada spoleczna.","verdict=publish || TEZA: PO's 2024 regional-assembly candidate now runs one Szczecinek public company and sits on the board of another || UWAGA: The political tie itself rests on a single LOST 2024 candidacy - no declared party membership found. Earlier PKW rows for 'Emilia Mazur' in 2010/2014/2018 carry different birth years (1980/1981/1983) and unrelated local committees in the same voivodeship; these were NOT used as evidence for this person since they may be different namesakes (surname_national_count=1490, flagged 'weak' in the family-leads file). The real story here is the accumulation/churn across five posts, including a genuine executive (Prezes Zarzadu) appointment, not the candidacy alone. || TOŻSAMOŚĆ: Both live KRS odpisy list a member/prezes surnamed 'M****' imie 'E*****' with PESEL prefix 8 (born 198x); rejestr.io (osoby/2822610, fetched 3 Sep 2026) independently confirms her birthday as 27 October (year withheld) and the same two current relationships with the same start dates. This matches PK"
239,Joanna Zakrzewska,maybe,"[candidacy-only] 2024 candidate for the Sejmik Malopolski on KKW Koalicja Obywatelska's (PO) list, teryt 120000 - lost | ŹRÓDŁO: PKW candidate register, versioned/person_pkw/person_pkw.jsonl: row election_year=2024, election_type=samorzadu, teryt_candidacy=120000, party=KKW KOALICJA OBYWATELSKA, position='Rada sejmiku', candidacy_success=FALSE, birth_year=1972, name=Joanna Zakrzewska","2 public posts found: KGHM Rada Nadzorcza (real RN), current since 21 Feb 2025, confirmed both on KGHM's own site and via live KRS API; the Krakow hospital seat is a rada spoleczna and excluded.","verdict=maybe || TEZA: A KGHM supervisory-board member who ran once, unsuccessfully, for PO || UWAGA: This stops short of publish because the only confirmed political fact is a single LOST candidacy, and KGHM's own disclosure frames her seat as an 'independent' Audit Committee seat (no material tie to 5%+ shareholders) - for large state-owned companies these specific seats often run through a formal competitive qualification procedure rather than a bare political appointment, which does not rule out a political placement but means the PO tie needs more before publishing. A 2002 SLD candidacy under the same name and same birth year (1972) exists in PKW data, but in a DIFFERENT region (teryt 320204, zachodniopomorskie, vs teryt 120000 malopolskie for the 2024 row) - flagged as a likely different namesake and NOT used as evidence. What to check next: the KGHM appointment's RB/ESPI announcement or press coverage for her professional background and who nominated her (Walne Zgromadzenie / Ministry of State Assets), and Krakow-area press for her name plus PO beyond the bare candidacy. || TOŻSAMOŚĆ: KGHM's own governance page names 'Joanna Zakrzewska' in full. The live KRS odpis for KGHM (stan 30.07.2026) lists an organNadzoru member surnamed 'Z*********' (9 letters after Z, matching Zakrzewska's 10-letter length), imie 'J*****' (5 letters after J, matching Joanna), imieDrugie starting 'N', PES"
240,Marek Jan Paprocki,publish,"[elected-office] Sitting Mielec county councilor - won the powiat mielecki council seat in 2010 (Komitet Wyborczy Razem Dla Ziemi Mieleckiej) and again in 2024 (KWW PSG w Mielcu); SLD candidate in 1998 and 2002; ran for Senate in 2023 on Nowa Lewica's list | ŹRÓDŁO: PKW candidate register, versioned/person_pkw/person_pkw.jsonl: two rows, election_year=2010 and election_year=2024, both election_type=samorzadu, teryt_candidacy=181100 (powiat mielecki), candidacy_success=TRUE both times, birth_year=1963, name=Marek Jan Paprocki","3 posts on record, 2 of them genuinely public (real Rada Nadzorcza organs, no rada spoleczna involved): EURO-EKO RN, current since 20 Feb 2025, confirmed live; MPGK Mielec RN, 2015-2024 (ended); PRODREM RN, 2003, non-public company, not counted.","verdict=publish || TEZA: A 26-year Mielec local politician, twice elected to the county council, sits on two council-controlled companies || UWAGA: Could not independently confirm his current council seat via Powiat Mielecki's own BIP/e-rada site, which is a JS-rendered SPA that did not yield a name-searchable list with the tools available this session; the 2010 and 2024 wins rest on PKW's candidacy_success flag (a different, more reliable field than the batch's own 'elected' flag, which was null throughout per trap 3). His party lineage moved from SLD (1998-2002) through independent local committees (2006-2018) to a Nowa Lewica-backed Senate run (2023) to a locally branded committee 'PSG' (2024) - report him as a career local politician rather than attaching him to one current party. || TOŻSAMOŚĆ: Live KRS odpis for EURO-EKO lists an organNadzoru member surnamed 'P*******' (8 letters, matching Paprocki) imie 'M****' (5 letters, matching Marek) PESEL prefix 6 (born 196x), matching PKW's Marek Jan Paprocki b.1963, teryt 181100 - the same person who won both the 2010 and 2024 Mielec powiat elect"
241,Lucjan Żełabowski,publish,"[elected-office] Kandydat SLD/koalicji lewicy do Rady Powiatu Lubańskiego w wyborach samorządowych 1998, 2002, 2006, 2010 i 2014 (KW SLD, Koalicyjny KW SLD-UP, KW SLD+SDPL+PD+UP 'Lewica i Demokraci', Koalicyjny KW SLD Lewica Razem); w 2010 r. wg danych PKW skutecznie zdobył mandat (candidacy_success=TRUE). Od 2018 i 2024 kandydował z lokalnego KWW Zjednoczeni dla Powiatu Lubańskiego (w 2024 bez mandatu wg PKW). 6 listopada 2025 objął mandat jako nowy radny Rady Powiatu Lubańskiego (prawdopodobnie w miejsce zwolnionego mandatu z tej samej listy). | ŹRÓDŁO: data/pipelines/versioned/person_pkw/person_pkw.jsonl (birth_year=1948, teryt_candidacy=021000, candidacy_success=TRUE for 2010; committee names for 1998-2024); Google News aggregation, Przegląd Lubański, 6.11.2025, headline 'Powiat Lubański. Lucjan Żełabowski nowym radnym Rady Powiatu Lubańskiego'; live KRS OdpisAktualny 0000098800 (rejestr P, stan 16.07.2026)","1 job, current and genuine (RN, not rada spoleczna) - confirmed live against KRS. No accumulation of multiple company posts.","verdict=publish || TEZA: SLD-era powiat councillor, now a sitting radny, sits on the town water utility's board || UWAGA: The 'elected' win in 2010 rests on the person_pkw dataset's own candidacy_success flag (not the batch's meaningless 'elected' field) and is corroborated only loosely by the Nov 2025 press headline (full article text could not be fetched - search infrastructure, both curl-based and WebFetch-based Bing/DDG, was heavily degraded/blocked this session; Google News RSS and direct KRS/BIP fetches were the reliable channels). Recommend the operator verify the Nov 2025 seat-taking (which list member he replaced) directly with Przegląd Lubański or the powiat's own BIP before publishing the 'currently sitting radny' claim verbatim. || TOŻSAMOŚĆ: Live KRS OdpisAktualny for 0000098800 lists a masked RN member 'Ż*********, L*****' consistent with Żełabowski, Lucjan; separately, all 6 PKW candidacy rows for 'Lucjan Żełabowski' share the same birth_year (1948) and teryt (021000 = powiat lubański, matching the company's own address) across 1998-2"
242,Michał Rupik,publish,"[elected-office] Kandydat Platformy Obywatelskiej (KOMITET WYBORCZY PLATFORMA OBYWATELSKA RP) w wyborach samorządowych 2010 do rady w Mikołowie (powiat mikołowski, śląskie) - wg PKW skutecznie zdobył mandat (candidacy_success=TRUE). Kandydował także w 2002 (KWW Platforma i Sprawiedliwość), 2014 (KWW Gminy Ziemi Mikołowskiej) i dwukrotnie w 2018 (KWW Górnośląskich Samorządowców Lokalnych, bez mandatu). Batch's own 'parties' field independently flags him 'PO'. | ŹRÓDŁO: data/pipelines/versioned/person_pkw/person_pkw.jsonl (birth_year=1973, middle_name=Józef, teryt_candidacy=240802 = Mikołów, candidacy_success=TRUE for 2010, committee 'KOMITET WYBORCZY PLATFORMA OBYWATELSKA RP'); live KRS OdpisAktualny 0000033408 (rejestr S, stan 27.07.2026); Google News aggregation, Mikołów Nasze Miasto, 5.4.2018, 'Oświadczenia majątkowe radnych z Mikołowa' (headline only, full text blocked - weak corroboration of a council term); Bankier.pl 8.4.2024 'Śląskie. Koalicja Obywatelska wygrała wybory do sejmiku' and wkatowicach.eu 6.5.2024 (Wojciech Saługa/PO re-elected marszałek województwa śląskiego, May 2024) for timing context","1 job, current and genuine executive post (Kierownik SPZOZ, not the rada spoleczna itself) - confirmed live against KRS.","verdict=publish || TEZA: PO's 2010 election winner in Mikołów now runs a voivodeship hospital || UWAGA: Could not fetch the full text of the 2018 naszemiasto.pl 'oświadczenia majątkowe radnych' article (403/blocked) so the claim that he actually served a council term (rather than only having won the 2010 seat and separately run in 2014/2018) is not fully confirmed - only the PKW win flag and the recurring headline are corroboration. A same-powiat, 'strong' surname family lead exists (Krystian Rupik b.1947 and Jerzy Rupik b.1975, both also candidates at teryt 240802/240800) but no published statement of relationship was found, so it is reported only as an unconfirmed lead, not used in the connection above. || TOŻSAMOŚĆ: Live KRS lists the SPZOZ's kierownik as masked 'R****, M*****J****', consistent with Rupik Michał Józef; PKW records for 'Michał Józef Rupik' share birth_year=1973 and teryt=240802 across all 5 candidacy rows (2002-2018), so identity does not rest on name alone."
243,Wojciech Szeląg,skip,[none] none found,"1 job, current and genuine (RN, not rada spoleczna) - confirmed live against KRS. No accumulation.","verdict=skip || TEZA: One decade-old, non-party candidacy is not a story || UWAGA: Could not fetch the Radio Wrocław article ('radni zarabiają w szpitalach', 29.6.2026) that specifically surveys Lower Silesian councillors sitting on hospital boards - this is exactly the kind of piece that could confirm or refute a political tie for this person and is worth a follow-up read (site returned 403 to automated fetch). || TOŻSAMOŚĆ: Live KRS masked entry 'S*****, W*******R******' is consistent with Szeląg Wojciech Ryszard; the single PKW candidacy record found (teryt 022600 = powiat złotoryjski, dolnośląskie) is at least in the right voivodeship as the Wrocław-based, wholly-dolnośląskie-owned employer, but this is one weak data"
244,Robert Szwagierczak,publish,"[candidacy-only] Kandydat lokalnych komitetów w powiecie ostrowieckim (2002 KWW Rada, 2006 KWW Szansa), a od 2010 wyraźnie związany z PSL: kandydował z Komitetu Wyborczego Polskie Stronnictwo Ludowe w 2010 (bez mandatu) i 2014, a w 2024 z Koalicyjnego Komitetu Wyborczego Trzecia Droga PSL-Polska2050 Szymona Hołowni do sejmiku województwa świętokrzyskiego (bez mandatu wg PKW). Między kandydaturami, w maju 2015 r., objął stanowisko szefa kieleckiego oddziału państwowej Agencji Rynku Rolnego - urząd, na którym zastąpił go w styczniu 2016 r. Jacek Toś, tuż po zmianie rządu. | ŹRÓDŁO: data/pipelines/versioned/person_pkw/person_pkw.jsonl (birth_year≈1971-1972, teryt_candidacy 260600/260604/260000 = powiat ostrowiecki / sejmik świętokrzyskie, committees KW PSL 2010/2014 and KKW Trzecia Droga PSL-PL2050 2024); Google News aggregation - Echo Dnia, 13.5.2015, 'Robert Szwagierczak nowym szefem kieleckiej Agencji Rynku Rolnego'; strefaagro.pl, 19.1.2016, 'Jacek Toś nowym dyrektorem kieleckiego oddziału Agencji Rynku Rolnego'; live KRS OdpisAktualny 0000050306 (stan 29.06.2026) and 0000109223 (stan 01.07.2026)","2 jobs, both current and genuine (one RN, one executive Zarząd seat) - both confirmed live against KRS. Clear accumulation.","verdict=publish || TEZA: PSL's regional market-agency chief now sits on two public boards at once || UWAGA: The ARR Kielce directorship match (Echo Dnia 2015) is based on name + region only (no birth-year cross-check obtained) - worth confirming with the archived ARR/KOWR personnel announcement before quoting it as certain. The Sławomir Szwagierczak family lead should stay a footnote, not a claim, absent a published statement of relationship. || TOŻSAMOŚĆ: Live KRS masked entries on both companies ('S***********,R*****') are consistent with Szwagierczak Robert; PKW candidacy geography is continuous across 2002-2024 for a very rare surname (national count 9), though the recorded birth year shifts by one year between the pre-2024 and 2024 records, which"
245,Jacek Figarski,skip,"[none] none found - and the batch's own PKW-derived candidacy years (2002, 2018, 2024) appear to be a namesake collapse across at least two different real people, neither based in Bychawa","1 job, current and genuine (RN, not rada spoleczna) - confirmed live against KRS.","verdict=skip || TEZA: Namesake collapse: the PiS-candidate 'Jacek Figarski' is someone else entirely || UWAGA: This is a clear case for the operator to double-check the underlying pipeline: the candidacies list attached to this person record is contaminated (mixes a Lublin-city PiS candidate born 1973 with a świętokrzyskie candidate born 1974). Recommend flagging this queue entry's candidacy data as unreliable rather than just skipping the publish decision, since the same join bug could be producing false 'connections' elsewhere in the batch. || TOŻSAMOŚĆ: Live KRS masked entry 'F*******,J****' is consistent with Figarski Jacek and settles that a real Jacek Figarski holds the seat, but no PKW candidacy record was found anywhere for a Jacek Figarski in Bychawa/powiat lubelski, so the political identity claimed by the batch's own candidacy join is refut"
246,Mirosław Sakowski,publish,"[candidacy-only] Czterokrotny kandydat Platformy Obywatelskiej z powiatu bolesławieckiego: Komitet Wyborczy Platforma Obywatelska RP w wyborach samorządowych 2006 i 2010, oraz do Sejmu w 2015 r.; wcześniej kandydował z lokalnych komitetów katolickich (1998) i samorządowych (2014, 2018, 2024). | ŹRÓDŁO: batch_111_280.json candidacies field (PKW-derived) plus versioned/person_pkw/person_pkw.jsonl rows for Mirosław Antoni Sakowski, ur. 1959, teryt 020101 (gmina Bolesławiec) — 7 rows, consistent middle name/teryt/birth year across 1998-2024","2 total, neither rada spoleczna: 1 current (DCRiO Kamienna Góra RN since 13.02.2025, confirmed live via KRS) and 1 past 10-year term (KARR Jelenia Góra RN 27.03.2015-13.02.2025, confirmed live via KRS).","verdict=publish || TEZA: Long-time PO/local candidate rotated after 10 years on a regional agency board onto a wholly voivodeship-owned hospital company's board || UWAGA: Never confirmed 'elected' in any race (elected flag null throughout) — frame as a persistent candidate/activist, not a former office-holder. Did not independently verify who nominated him to the DCRiO board (no press found naming him specifically). || TOŻSAMOŚĆ: Corporate identity: masked KRS entries match by surname/given-name character length AND first letter, AND the wpis-log dates (27.03.2015 / 13.02.2025) match the export's start/end dates exactly across two different companies — not plausible as coincidence. Political identity: person_pkw shows one co"
247,Paweł Stanisław Makuch,publish,"[elected-office] Prezydent Miasta Pruszkowa 2018-2024 (przegrał reelekcję w II turze 2024, 48,7% wobec Piotra Bąka z KO); radny Pruszkowa od wyborów samorządowych 2024, kadencja 2024-2029. | ŹRÓDŁO: pl.wikipedia.org/wiki/Paweł_Makuch and pl.wikipedia.org/wiki/Pruszków (both fetched 2026-09-03), corroborated by versioned/person_pkw/person_pkw.jsonl rows for Paweł Stanisław Makuch, ur. 1976, teryt 142102 (Pruszków), komitety 'Wspólnie Pruszków Rozwijamy' and 'KWW Prezydenta Pawła Makucha'","1 real current post (PGM Żyrardów RN since 11.02.2025, confirmed live via KRS). The second export row (PEC Żyrardów) is a same-day 02.12.2024 in-and-out, confirmed by the independent KRS entry log — never a functioning post, excluded. No rada spoleczna involved.","verdict=publish || TEZA: Former mayor of Pruszków, freshly elected to its council after losing re-election, landed on a neighboring town's utility board ten weeks later || UWAGA: The distance between his home town (Pruszków) and the company's town (Żyrardów) initially reads as a possible namesake collision (trap 4); resolved via the exact birth-year match in an independent biography plus the legal-compatibility reasoning above, but I found no press describing the actual Żyrardów-side nomination — the political tie documented here is his own elected-official status, not a demonstrated patronage link from a named Żyrardów politician. || TOŻSAMOŚĆ: Corporate identity: masked-entry length/first-letter match plus exact date matches (11.02.2025 and, separately, the 02.12.2024 anomaly) between the export and the independent KRS wpis log. Political identity: Wikipedia's dated, independently-sourced biography gives birth year 1976, exactly matching "
248,Jacek Bogusławski,ODRZUCONE,"[candidacy-only] Czterokrotny kandydat Platformy Obywatelskiej / Koalicji Obywatelskiej: Komitet Wyborczy Platforma Obywatelska RP (Samorząd 2010), Komitet Wyborczy Platforma Obywatelska RP (Sejm 2015), Koalicyjny Komitet Wyborczy Platforma.Nowoczesna Koalicja Obywatelska (Samorząd 2018), KKW Koalicja Obywatelska (Samorząd 2024). | ŹRÓDŁO: batch_111_280.json candidacies field (PKW-derived) plus versioned/person_pkw/person_pkw.jsonl rows for Jacek Wojciech Bogusławski, ur. 1972, teryt 301901 (powiat ostrowski, wielkopolskie) — consistent across all 4 rows","2 real public posts confirmed via live KRS, no overlap with rada spoleczna: 1 current (Wodociągi Leszczyńskie RN since 05.02.2025) and 1 past 3-year term (Ostrowski Zakład Ciepłowniczy RN 01.03.2021-31.05.2024). 1 additional seat (WOTUiW Charcice) is rada spoleczna, excluded per trap 1. 1 more seat (Wielkopolski Atom, an association not a company) is out of scope and, per live KRS, actually ended 28.08.2026 though the export shows it current.","verdict=publish || ODRZUCONE PRZEZ WERYFIKATORA: Publishable, but the review's headline/CAUTION must be corrected before publication — the political connection is stronger than ""candidacy-only,"" not weaker. Corrected connection: Jacek Wojciech Bogusławski (b. 1972, powiat ostrowski) is a TWO-TERM ELECTED MEMBER of the Sejmik Województwa Wielkopolskiego (Wielkopolska regional assembly), not a merely ""four-time unelected candidate."" Confirmed inde || TEZA: Four-cycle PO/KO candidate (including a 2015 Sejm run) cycling through Wielkopolska public-utility boards since 2021 || UWAGA: Never confirmed 'elected' in any race (elected flag null in every row) — treat as a repeat activist/candidate, not an office-holder. Do not publish the WOTUiW Charcice seat as a trough post; it is rada spoleczna. || TOŻSAMOŚĆ: Corporate identity: masked-entry length/first-letter match plus exact date matches (05.02.2025, 01.03.2021, 31.05.2024, all matching the independent KRS wpis log) across three companies. Political identity: person_pkw shows a consistent birth year (1972) and middle name (Wojciech) across all four ca"
249,Mariusz Grochowski,skip,"[none] none found — a PKW-declared PiS membership from 2010 exists for a 'Mariusz Grochowski' registered in Brzeg/opolskie (teryt 160101), but this is refuted as the same person: no geographic, professional or temporal link to a Warszawa-based PGE subsidiary was found, and the lead file itself flags namesake_risk HIGH (3 distinct birth years share the exact name nationally in PKW) | ŹRÓDŁO: none — attempted: pkw_membership_111_280.json entry for n=249; versioned/person_pkw/person_pkw.jsonl rows for 'Mariusz Grochowski' (birth years 1967/1968/1981, teryt 160101/320705/302504/5312121 — none Warszawa); family_leads_111_280.json (surname_national_count 253, strength weak)","0 current public posts as of 2026-09-03. The 1 recorded post (PGE Systemy RN, export shows current) actually ENDED 23.07.2026 per live KRS, confirmed by an independent replacement record. No rada spoleczna involved.","verdict=skip || TEZA: PGE Systemy board seat had already ended before this review, and the one party-membership lead does not geographically match || UWAGA: Do not publish the PiS-membership lead — it is unverified and geographically implausible for a Warszawa PGE-subsidiary seat. If revisited, look for a Ministerstwo Aktywów Państwowych / PGE press release naming him for the 05.02.2025 board reshuffle, which might supply a birth year or town to resolve the namesake question. || TOŻSAMOŚĆ: weak. The only thing establishing this KRS board member as 'a Mariusz Grochowski' is a masked-name length+first-letter match plus an exact appointment-date match (05.02.2025) confirming the corporate record is the right slot. Nothing ties this specific board member to any one of the several 'Mariusz"
250,Andrzej Wojciechowski,skip,"[none] none found | ŹRÓDŁO: none — attempted: batch's own candidacies field (3 rows, all committee=null/party=null, years 2002/2014/2024); versioned/person_pkw/person_pkw.jsonl (118 nationwide 'Andrzej Wojciechowski' rows checked, none with a teryt in the Opalenica/powiat nowotomyski range 3025xx); family_leads_111_280.json (surname_national_count 956, strength weak/common surname for all 4 same-powiat leads)","1 current public post (KOMOPAL Opalenica RN since 31.01.2025), confirmed live via KRS. No rada spoleczna involved.","verdict=skip || TEZA: No political trace found for a very common name, after checking every available lead || UWAGA: Common surname/given-name combination (956 nationally); if revisited, the productive next step is a direct search of Opalenica gmina BIP / council resolution appointing the rada nadzorcza, since national PKW data is too noisy here to be useful. || TOŻSAMOŚĆ: Corporate identity to the KOMOPAL seat is solid (masked length/first-letter match plus exact date match to the independent KRS wpis log). Political identity is simply absent — no PKW row, declared membership, or press trace could be confidently tied to this specific Andrzej Wojciechowski of Opalenic"
251,Rafał Rusnak,publish,"[elected-office] Wójt Gminy Niedźwiedź (powiat limanowski) od 2018 r., reelected 2024 (własny/PiS komitet); PKW 2010: ""członek Prawa i Sprawiedliwości""; PKW 2018: ""Prawo i Sprawiedliwość""; PKW 2024: ""członek partii politycznej: Prawo i Sprawiedliwość"" | ŹRÓDŁO: PKW candidate register (person_pkw dataset), rows for RUSNAK Rafał, 2010/2018/2024 samorządowe, teryt 120710 (gmina Niedźwiedź); Wikipedia pl ""Gmina Niedźwiedź"" infobox https://pl.wikipedia.org/wiki/Gmina_Nied%C5%BAwied%C5%BA (fetched 2026-09-03): ""Wójt: Rafał Rusnak (od 2018)""","1 job in the batch (Komisja Rewizyjna at MOT); not rada spoleczna (that trap is specific to SPZOZ hospitals; this is a stowarzyszenie's audit commission). Live KRS confirms him in the register as of its most recent state (20.11.2025); the record's own end date (2026-04-06) has passed relative to today but no successor is filed, so status should be re-checked at publication time.","verdict=publish || TEZA: Sitting PiS wójt of Gmina Niedźwiedź on the audit board of Małopolska's tourism promotion association || UWAGA: Re-verify the MOT seat's current status against a fresh KRS pull on the day of publication, since the KRS snapshot used here is from Nov 2025. || TOŻSAMOŚĆ: Strong: all PKW rows for Rusnak Rafał 2010-2024 share the same birth year (1962/1963) and the same teryt (120700/120710, gmina Niedźwiedź) across 14 years, and Wikipedia's gmina infobox independently names him wójt since 2018 — three mutually consistent sources. The lead file's ""medium"" namesake ris"
252,Jan Dziedzina,publish,"[elected-office] Wójt Gminy Łącko (powiat nowosądecki) od 2014 r. (własny komitet KWW Jana Dziedziny), reelected 2018 i 2024; PKW 2024: ""nie należy do partii politycznej"" | ŹRÓDŁO: PKW candidate register (person_pkw dataset), rows for DZIEDZINA Jan, 2010/2014/2018/2024 samorządowe, teryt 121009 (gmina Łącko); Wikipedia pl ""Łącko (gmina)"" infobox https://pl.wikipedia.org/wiki/%C5%81%C4%85cko_(gmina) (fetched 2026-09-03): ""Wójt: Jan Dziedzina (2014)""","1 job in the batch (Komisja Rewizyjna at MOT); not rada spoleczna. Live KRS confirms him in the register as of its most recent state (20.11.2025); the recorded end date (2026-04-06) has passed, no successor yet filed.","verdict=publish || TEZA: Sitting independent wójt of Gmina Łącko on the audit board of Małopolska's tourism promotion association || UWAGA: Re-verify MOT seat currency at publication time (KRS snapshot used is from Nov 2025). His 2024 declaration of non-partisanship should be stated as such — do not imply a party tie he explicitly disclaimed. || TOŻSAMOŚĆ: Strong: consistent birth year (1970/1971) and teryt (121000/121009) across PKW rows from 1998-2024, and Wikipedia's gmina infobox independently names him wójt since 2014."
253,Robert Stanisław Bylica,maybe,"[candidacy-only] 4-krotny kandydat komitetów Prawo i Sprawiedliwość: samorząd 2010, 2014, 2018 (powiat myślenicki, teryt 120900/120903) i sejmik województwa małopolskiego 2024 (pozycja ""Rada sejmiku""); za każdym razem bez mandatu; brak zadeklarowanego członkostwa w partii w PKW | ŹRÓDŁO: PKW candidate register (person_pkw dataset), rows for Bylica Robert Stanisław / BYLICA Robert Stanisław, 2010/2014/2018/2024","1 job in the batch (Zarząd at MOT); not rada spoleczna. Live KRS confirms him in the register as of its most recent state (20.11.2025); recorded end date (2026-04-06) has passed, no successor yet filed.","verdict=maybe || TEZA: Repeat unsuccessful PiS candidate now on the management board of Małopolska's tourism promotion association || UWAGA: Before upgrading to publish: check Pcim/powiat myślenicki oświadczenia majątkowe or local press for an explicit statement linking Robert Bylica to Jan or Zbigniew Bylica. Absent that, this is a weak candidacy-only case that a critic could fairly call thin. || TOŻSAMOŚĆ: Moderate-strong for the candidacy match: the PKW row's full trinomial ""Bylica Robert Stanisław"" matches exactly (an unusual, reliable combination), and the KRS Zarząd entry's masked initials match on both first and middle name. No identity link to Jan or Zbigniew Bylica is established — shared surna"
254,Arkadiusz Iwaniak,publish,"[elected-office] Poseł na Sejm IX kadencji 2019-2023 (okręg 16, Płock, z listy SLD, ok. 15 tys. głosów); wiceprzewodniczący Nowej Lewicy od X 2021; radny Płocka 2004-2010; PKW 2011: ""członek partii SLD""; PKW 2019: ""członek partii politycznej: Sojusz Lewicy Demokratycznej""; PKW 2023: ""członek partii politycznej: Nowa Lewica"" | ŹRÓDŁO: Wikipedia pl ""Arkadiusz Iwaniak"" https://pl.wikipedia.org/wiki/Arkadiusz_Iwaniak (fetched 2026-09-03); PKW candidate register (person_pkw dataset), rows for Iwaniak Arkadiusz / IWANIAK Arkadiusz, 2002-2023","3 jobs recorded in the batch, all confirmed ended via live KRS; none are rada spoleczna.","verdict=publish || TEZA: Former SLD/Nowa Lewica Sejm deputy and party vice-chair cycling through public-company boards and a state agency || UWAGA: Confirm the KRUS deputy-director appointment is still current before publishing that specific detail — Wikipedia's information was dated ""as of August 2025"". The company-board history itself is solid and independently timestamped via live KRS. || TOŻSAMOŚĆ: Strong: the precomputed lead file shows 1 distinct birth year nationally (no namesake risk); Wikipedia's biography matches exactly on name, the Płock/district-16 Sejm seat, and the 2016 MPK Łódź appointment date lines up precisely with the job record's start date (2016-10-25)."
255,Włodzimierz Kaczmarek,publish,"[elected-office] 3-krotny burmistrz Szamotuł (powiat szamotulski) — wybrany 2010 i 2018 z własnego komitetu ""KWW Włodzimierza Kaczmarka Razem!"" (kandydował też 2014); w 2024 r. kandydat do sejmiku województwa wielkopolskiego z listy KKW Trzecia Droga PSL-Polska2050 — bez mandatu | ŹRÓDŁO: PKW candidate register (person_pkw dataset), rows for Kaczmarek Włodzimierz / KACZMAREK Włodzimierz, teryt 302407, 2010/2014/2018/2024 samorządowe; postal_codes dataset (versioned/postal_codes) confirming teryt 302407 = Szamotuły, 302405 = Ostroróg; live KRS OdpisAktualny for KRS 0000163831 (Aquanet Ostroróg, state 11.06.2026) and KRS 0000384961 (Metropolia Poznań, rejestr=S, state 21.11.2025), fetched 2026-09-03","2 jobs: Aquanet Ostroróg Zarząd (open-ended in the record, confirmed CURRENT via the most recent live KRS filing, 11.06.2026 — not stale); Metropolia Poznań Komisja Rewizyjna (2011-2024, ended, confirmed via live KRS; that job is itself marked public:false in the raw data and is used here only as timeline corroboration, not as the target post).","verdict=publish || TEZA: Former three-term mayor of Szamotuły now runs the neighbouring gmina's water utility || UWAGA: Before publishing the ""Burmistrz Szamotuł"" framing in prose, get one directly-quoted source (local press — eszamotuly.pl, szamo.info.pl — a gmina archive page, or the Szamotuły BIP) naming him explicitly as a former mayor; today's search tools (WebSearch exhausted; Bing-via-WebFetch unreliable for personal names) could not supply that citation, so the identification here is solid triangulation but not yet a quoted primary source in the strictest sense. || TOŻSAMOŚĆ: Moderate: no single press source directly states ""Włodzimierz Kaczmarek, burmistrz Szamotuł"" — WebSearch was exhausted for this session and Bing-via-WebFetch returned irrelevant generic results for personal-name queries today, so I could not pull a news citation. The identification instead rests on "
256,Piotr Gryszpanowicz,publish,"[candidacy-only] Kandydat na radnego Płocka w 2024 r. z listy Trzeciej Drogi (PSL/Polska2050) - bez mandatu; wcześniej kandydat w 2014 r. z listy Koalicyjnego Komitetu Wyborczego SLD Lewica Razem (Płock). Powołanie do zarządu ORLEN PROJEKT S.A. (19.09.2024) opisane przez ""Rzeczpospolitą"" jako część wzorca obsadzania spółki Orlenu przegranymi kandydatami z lewicy/Trzeciej Drogi. | ŹRÓDŁO: person_pkw (PKW 2014, teryt 146201, KKW SLD Lewica Razem) + https://www.rp.pl/polityka/art41248501-nie-dostali-sie-do-polityki-trafili-do-panstwowej-spolki (Rzeczpospolita, 6.10.2024)","1 opisywalny post: ORLEN PROJEKT Zarząd (19.09.2024-5.02.2026, obecnie zakończony, potwierdzone żywym KRS). Drugi możliwy post (Szpital Płock, od 03.2025) prawdopodobnie to rada społeczna (trap 1) - wykluczony.","verdict=publish || TEZA: Przegrany kandydat Trzeciej Drogi w zarządzie spółki Orlenu - opisane przez 'Rzeczpospolitą' jako spoils appointment || UWAGA: Post w ORLEN PROJEKT już się zakończył (2026-02-05) - strona powinna to jasno oznaczyć jako byłe stanowisko, nie aktualne. Kandydatura 2024 (Trzecia Droga) nie znalazła się w naszej próbce person_pkw (tylko 2014/SLD) - potwierdzona wyłącznie przez artykuł prasowy, warto zweryfikować bezpośrednio w PKW jeśli możliwe. || TOŻSAMOŚĆ: Silna: artykuł Rzeczpospolitej wymienia go z imienia i nazwiska, miasta (Płock) i dokładnej daty powołania; teryt kandydatury (146201=Płock) zgadza się z siedzibą spółki i miastem zamieszkania; rejestr.io potwierdza tożsamość osoby w KRS (ur. 14 stycznia)."
257,Bogdan Sposób,publish,"[elected-office] Radny gminy Borki (powiat radzyński) - wybrany w 2018 r. z komitetu KWW PiS, reelekcja w 2024 r. wprost z listy KW Prawo i Sprawiedliwość (potwierdzony mandat, candidacy_success=TRUE). | ŹRÓDŁO: person_pkw (PKW 2018 i 2024, teryt 061502) + https://radzyn.24wspolnota.pl 'Sesja inauguracyjna Rady Gminy Borki kadencji 2018-2023' (22.11.2018) wymieniająca go wśród radnych KWW PiS","1 aktualny post (RN PKS Radzyń Podlaski, od 28.01.2025, potwierdzony żywym KRS).","verdict=publish || TEZA: Radny gminy Borki (PiS) w Radzie Nadzorczej PKS Radzyń Podlaski niecały rok po reelekcji || UWAGA: Nie znaleziono szerszej biografii poza rekordami PKW i jedną notatką lokalnego portalu o inauguracji rady gminy - brak innych źródeł prasowych o nim. || TOŻSAMOŚĆ: Mocna: PKW rekord (ur. 1969, teryt 061502=gmina Borki, pow. radzyński) zgadza się z lokalizacją spółki (Radzyń Podlaski, ten sam powiat); lokalny portal wymienia go z imienia i nazwiska jako radnego-elekta z tego samego komitetu wyborczego (KWW PiS) w tej samej kadencji, którą potwierdza PKW."
258,Robert Cichowicz,publish,"[candidacy-only] Trzykrotny kandydat do władz samorządowych Jastrzębia-Zdroju: 2010 (KWW Wspólnota Samorządowa Jastrzębia-Zdroju), 2014 (KWW Jastrzębska Wspólnota), 2024 (KWW Koalicja Anny Hetman - komitet urzędującej wówczas prezydent miasta) - za każdym razem bez mandatu wg PKW. | ŹRÓDŁO: person_pkw (PKW 2010/2014/2024, teryt 246701=Jastrzębie-Zdrój, candidacy_success=FALSE dla lat z danymi)","2 realne posty trough: aktualny (Wiceprezes PGWiR od 28.01.2025, potwierdzony żywym KRS) + historyczny (RN JZWiK 2003-2014, zamknięty, ale spółka faktycznie publiczna po korekcie is_public).","verdict=publish || TEZA: Wieloletni kandydat lokalny, od 2025 wiceprezes spółki-córki JSW i prokurent drugiej spółki grupy JSW || UWAGA: Związek przyczynowy jest niejasny: PGWiR kontroluje JSW (podmiot krajowy, nie miejski), a komitet Anny Hetman (2024) przegrał wybory prezydenckie w mieście z Michałem Urgołem (PiS) - więc powołanie w PGWiR nie jest prostą nagrodą od zwycięskiej strony wyborów lokalnych. Kandydatury są realne i cytowalne, ale słabe (żadna nie zakończyła się mandatem, żadna nie była na liście dużej partii). || TOŻSAMOŚĆ: Mocna: teryt kandydatur (246701) dokładnie zgadza się z miastem siedziby obu spółek (Jastrzębie-Zdrój); żywy KRS potwierdza inicjały (C******** R*****) na stanowisku opisanym w batchu."
259,Krzysztof Grzywiński,skip,"[none] none found - kandydatury przypisane w batchu tej osobie (2010/2014/2018/2024, teryt 0408) należą do INNEJ osoby o tym samym imieniu i nazwisku (radny/kandydat PiS z powiatu lipnowskiego, woj. kujawsko-pomorskie) - to kolizja nazwiskowa (namesake collapse), nie ten sam człowiek. | ŹRÓDŁO: none - próba obalenia: person_pkw nie zawiera ŻADNEGO rekordu 'Grzywiński' z teryt 2467 (Jastrzębie-Zdrój); jedyny 'Krzysztof Grzywiński' w PKW (ur. 1972/1973) mieszka i kandyduje w teryt 040800/040801 (powiat lipnowski) na listach PiS od 1998 do 2024 (wygrana w 2024); rejestr.io (https://rejestr.io/osoby/415447) pokazuje naszą osobę jako 'Krzysztof Franciszek Grzywiński' z jedynym drugim powiązaniem: prokurent JSW ZWAŁOWANIE I REKULTYWACJA (spółka z grupy JSW w Jastrzębiu-Zdroju) - brak jakiegokolwiek śladu w powiecie lipnowskim.","0 postów z cytowalnym związkiem politycznym; 2 realne posty trough bez takiego związku (Prezes PGWiR od 2025, wcześniej RN JZWiK 2015-2016).","verdict=skip || TEZA: Kolizja nazwiskowa obalona - kandydatury z bazy należą do innego Krzysztofa Grzywińskiego (radny PiS, powiat lipnowski) || UWAGA: To jest przykład na 'skip' mimo sporej ilości twardych, zweryfikowanych faktów (KRS, rejestr.io, 23-letni staż) - po prostu żaden z nich nie układa się w politykę. Warto usunąć błędnie przypisane kandydatury z bazy danych osoby (błąd dopasowania nazwisko+rok urodzenia). || TOŻSAMOŚĆ: Mocna dla stanowisk (rejestr.io + żywy KRS potwierdzają 'Krzysztofa Franciszka Grzywińskiego' jako obecnego prezesa PGWiR), ale batch BŁĘDNIE połączył z nim kandydatury innej osoby (namesake) - to jest właśnie trap 4 w akcji."
260,Stanisław Edward Krawiec,publish,"[elected-office] Radny (2010, gmina w powiecie strzeleckim, KW Platforma Obywatelska RP - mandat zdobyty), następnie radny powiatu strzeleckiego (kandydatury 2014 PO, 2018 KKW Platforma.Nowoczesna, reelekcja 2024 z KKW Koalicja Obywatelska - mandat potwierdzony przez PKW). | ŹRÓDŁO: person_pkw (PKW 2010 teryt 161105 candidacy_success=TRUE; 2014/2018 teryt 161100; 2024 teryt 161100 candidacy_success=TRUE) - imię drugie 'Edward' jednoznacznie zgadza się z osobą","1 aktualny post (RN Strzeleckie Wodociągi, od 27.01.2025, potwierdzony żywym KRS) + 3 historyczne, w tym jeden odzyskany dzięki korekcie is_public (PUKiM 2004-2020, 16 lat).","verdict=publish || TEZA: 24-letnia nieprzerwana obecność w radach nadzorczych spółek publicznych Strzelec Opolskich, równolegle z karierą radnego PO/KO || UWAGA: Nie znaleziono osobnych źródeł prasowych (poza PKW i KRS) opisujących go wprost - ale gęstość i spójność danych rejestrowych (4 spółki, 24 lata, wielokrotne kandydatury z tą samą partią w tym samym powiecie) jest sama w sobie mocnym, samodzielnie weryfikowalnym dowodem. || TOŻSAMOŚĆ: Mocna: drugie imię 'Edward' w PKW jednoznacznie odróżnia go od innych 'Stanisławów Krawców' kandydujących w tym samym roczniku (Michał, Jan, Marek, Ryszard) - teryt (1611/powiat strzelecki) zgadza się dokładnie z lokalizacją wszystkich czterech spółek; żywy KRS potwierdza nazwisko na aktualnym manda"
261,Zdzisław Antoni Kałamaga,ODRZUCONE,"[elected-office] Deklarowany członek SLD w kandydaturach na posła (1997, 2001); wybrany radnym w Ostrowcu Świętokrzyskim w 2010 r. z lokalnego komitetu 'Twój Ostrowiecki Samorząd'; w 2024 r. kandydował (przegrał) z listy KKW Trzecia Droga PSL-PL2050 Szymona Hołowni - tego samego PSL, które współtworzy koalicję (KO+PSL+Nowa Lewica) nowego prezydenta miasta Artura Łakomca, wybranego w 2024 r. | ŹRÓDŁO: person_pkw (versioned/person_pkw/person_pkw.jsonl): 'Kałamaga Zdzisław', ur. 1956, teryt 2607xx (Ostrowiec Świętokrzyski) w każdej z 8 kandydatur 1994-2024; party_member='1' na liście SLD w wyborach do Sejmu 1997 i party_member='SLD' w 2001 (Koalicyjny KW SLD-UP); candidacy_success=TRUE w 2010 (Komitet Wyborczy 'Twój Ostrowiecki Samorząd'); 2024 kandydatura na liście KKW Trzecia Droga PSL-PL2050, candidacy_success=FALSE. pl.wikipedia.org/wiki/Artur_Łakomiec (mayor since 2024, KO+PSL+Nowa Lewica coalition 'Tak! Dla Samorządu', 58,20% w I turze).","Jeden aktualny wpis trafiający na stronę: Rada Nadzorcza MWiK Ostrowiec Świętokrzyski od 23.01.2025, potwierdzony jako wciąż aktualny w żywym KRS (stan 26.05.2026). Brak miejsc typu rada społeczna do wykluczenia.","verdict=publish || ODRZUCONE PRZEZ WERYFIKATORA: Publish only with the office-level errors fixed — the underlying board seat and identity are sound, but the CLAIMED CONNECTION/HEADLINE mis-describes which elected bodies Kałamaga actually stood for, which undermines the ""city political rotation"" premise of the story. What independently checks out: - Employer/current post (checks c, d, e all PASS): Miejskie Wodociągi i Kanalizacja Ostrowiec Święto || TEZA: Były działacz SLD, wybrany radny w 2010 r. i kandydat PSL w 2024 r., trafia do rady nadzorczej wodociągów 8 miesięcy po zmianie władzy w mieście || UWAGA: Wygrana w 2010 r. wynika z pola candidacy_success=TRUE w danych PKW (pole 'elected' w danych projektu jest puste/nic nie znaczy - trap 3), nie potwierdzono niezależnie w protokołach rady miasta, których obecny skład nie był dostępny do sprawdzenia w tej sesji (wyszukiwarki internetowe były niedostępne). Powiązanie nominacji z koalicją PSL jest wnioskowaniem z czasu i przynależności partyjnej, nie udokumentowanym aktem powołania. || TOŻSAMOŚĆ: Rok urodzenia 1956 spójny we wszystkich 8 rekordach PKW 1994-2024 pod nazwiskiem 'Kałamaga Zdzisław'/'Kałamaga Zdzisław Antoni', wszystkie w teryt 2607xx (Ostrowiec Świętokrzyski). Zamaskowany wpis w żywym KRS pasuje litera w literę do długości imienia i nazwiska. Wysoka pewność, nie mylić z 'Kałama"
262,Paweł Bańkowski,publish,"[elected-office] Radny Jaworzna wybrany w 2010 i ponownie w 2024 r. z listy Platformy Obywatelskiej/Koalicji Obywatelskiej; zadeklarowane w danych PKW członkostwo w PO w 2018 r. ('Platforma Obywatelska Rzeczypospolitej Polskiej'); nieprzerwana seria kandydatur z ramienia PO od 2006 r. (w tym do Sejmu w 2015 r.). | ŹRÓDŁO: person_pkw: 'Bańkowski Paweł Jerzy', ur. 1969, teryt 246801 (Jaworzno) w każdej kandydaturze 2002-2024; candidacy_success=TRUE w 2010 (Komitet Wyborczy Platforma Obywatelska RP) i TRUE w 2024 (KKW Koalicja Obywatelska); party_member='Platforma Obywatelska Rzeczypospolitej Polskiej' zadeklarowane przy kandydaturze 2018 (KKW Platforma.Nowoczesna Koalicja Obywatelska). rejestr.io/osoby/1230490 (przewodniczący związku zawodowego 'Kadra' od 2021, członek zarządu Stowarzyszenia Dla Jaworzna od 2015).","Jeden aktualny wpis trafiający na stronę: Rada Nadzorcza Spółki Usług Górniczych (Jaworzno) od 20.01.2025, potwierdzona jako aktualna w żywym KRS. Dwa kolejne aktualne wpisy KRS to rada społeczna SPZOZ i są wykluczone (trap 1). Jeden historyczny realny wpis (RN Centrum Zdrowia Dziecka i Rodziny Sosnowiec, 2023-2024) już zakończony.","verdict=publish || TEZA: Urzędujący radny PO w Jaworznie (wybrany 2010 i 2024) zasiada też w radzie nadzorczej miejskiej spółki górniczej || UWAGA: Status 'wygrana' w 2010 i 2024 pochodzi z pola candidacy_success PKW, nie z niezależnie sprawdzonej aktualnej listy radnych Jaworzna (strony BIP miasta nie udostępniły składu rady w dostępnych fetchach). Wyszukiwarki internetowe (Google/Bing/DuckDuckGo/Mojeek) były w tej sesji zablokowane/zwracały śmieciowe wyniki, więc nie sprawdzono prasy lokalnej. || TOŻSAMOŚĆ: Pełne imię i nazwisko 'Bańkowski Paweł Jerzy', rok urodzenia 1969, teryt 246801 (Jaworzno) spójne w każdej z 8 kandydatur PKW 2002-2024. Zamaskowany wpis w żywym KRS zgadza się z długością nazwiska/imienia. Wysoka pewność."
263,Waldemar Marek Marciniak,skip,"[none] none found - zadeklarowane członkostwo PiS z pliku leadów należy do innej osoby o tym samym nazwisku (Marciniak Waldemar, ur. 1972, okolice Konina, teryt 301010); żadna z 32 kandydatur PKW nazwiska Marciniak w rejonie Płock/Włocławek (teryt 1419xx/0418xx) nie dotyczy 'Waldemara'; kandydaci z pliku family_leads (Krosno, Szczyrk, Konin) też nie mają nic wspólnego z powiatem płockim/włocławskim.","Jeden aktualny wpis trafiający na stronę: Rada Nadzorcza PGK Fabianki od 11.04.2024, potwierdzona jako aktualna w żywym KRS. Jeden zakończony wpis (RN GPK Brudzeń Duży, styczeń-wrzesień 2025) i jeden dawny wpis Zarządu w tej samej spółce (2018-2020).","verdict=skip || TEZA: Kolizja nazwisk: i lead o członkostwie PiS, i lead rodzinny dotyczą innych Marciniaków - nie ma tu politycznej historii || UWAGA: Nie sprawdzono, kto formalnie nominował go do rad nadzorczych (np. czy nominacja w Brudzeniu Dużym wiąże się z nowym wójtem Michałem Twardym, urzędującym od 2024) - warto to sprawdzić w protokołach sesji rady gminy, jeśli ta osoba pojawi się ponownie. Na obecnych dowodach nie ma jednak żadnego politycznego związku do opublikowania. || TOŻSAMOŚĆ: Zamaskowany wpis w żywym KRS PGK Fabianki ('M********'/'W*******'/'M****') dokładnie pasuje do 'Marciniak Waldemar Marek' - to ta sama osoba w obu spółkach (Fabianki i Brudzeń Duży, oba w tym samym mikroregionie płocko-włocławskim). Ta tożsamość NIE pasuje jednak geograficznie do żadnej kandydatury "
264,Paweł Felczak,skip,"[candidacy-only] Dwukrotny kandydat na radnego z listy PiS w powiecie rypińskim (2010, 2018), obie kandydatury przegrane; brak zadeklarowanego członkostwa partyjnego w danych PKW. | ŹRÓDŁO: person_pkw: 'Felczak Paweł', ur. 1982, teryt 041201 (2010) i 041203 (2018), oba na liście 'KOMITET WYBORCZY PRAWO I SPRAWIEDLIWOŚĆ', candidacy_success=FALSE w obu przypadkach; teryt 0412xx odpowiada Rypinowi (TERC gminy Rypin = 0412011 wg pl.wikipedia.org/wiki/Rypin).",Zero aktualnych wpisów trafiających na stronę - jedyna praca w bazie (RN MPEC Rypin) trwała sześć tygodni i jest potwierdzona jako zakończona w żywym KRS.,"verdict=skip || TEZA: Dwukrotnie przegrany kandydat PiS, którego jedyny wpis do spółki trwał sześć tygodni i już się skończył || UWAGA: Nie znaleziono informacji, dlaczego kadencja w radzie nadzorczej zakończyła się po sześciu tygodniach - wyszukiwarki internetowe były w tej sesji niedostępne. Gdyby ta osoba pojawiła się ponownie z dłuższym lub aktualnym wpisem, warto sprawdzić lokalną strukturę PiS w Rypinie. || TOŻSAMOŚĆ: Rok urodzenia 1982 i teryt 0412xx (powiat rypiński) spójne w obu kandydaturach PKW (2010, 2018), co odróżnia tę osobę od innego 'Felczak Paweł' (ur. 1970, inny teryt) widocznego w danych z 1994 r. Nie udało się jednak dopasować wpisu w żywym KRS (osoba już nie figuruje w aktualnym składzie), więc do"
265,Ewa Barbara Sommerfeld,publish,"[party-office] Od 2012 r. wiceprezes ds. finansowych Stowarzyszenia 'Nasz Starogard' - tego samego lokalnego stowarzyszenia, w którym wiceprezesem jest urzędujący od 2014 r. (reelekcje 2018 i 2024) prezydent Starogardu Gdańskiego Janusz Stankowiak i z ramienia którego startował on na prezydenta; sama trzykrotnie kandydowała do rady miasta z listy tego stowarzyszenia (2014, 2018, 2024). | ŹRÓDŁO: rejestr.io/osoby/729216 ('Ewa Barbara Sommerfeld', WICEPREZES D.S. FINANSOWYCH, Stowarzyszenie 'Nasz Starogard', od 27.11.2012, wpis aktualny); pl.wikipedia.org/wiki/Janusz_Stankowiak ('Zaangażował się w działalność lokalnego stowarzyszenia Nasz Starogard, w którym objął funkcję wiceprezesa'; prezydent od 8.12.2014, reelekcja 2018 i 2024 - 79,07% głosów w I turze 2024); person_pkw: 'Sommerfeld Ewa Barbara'/'Ewa', teryt 221300/221303 (Starogard Gdański), kandydatury 2014, 2018, 2024 z komitetu 'Stowarzyszenie Nasz Starogard'.","Jeden aktualny wpis trafiający na stronę, i to najwyższy: Prezes Zarządu PWiK STAR-WIK Starogard Gdański od 16.01.2025, potwierdzony jako aktualny w żywym KRS. Jeden zakończony wpis (RN GPK Skarszewy, 2020-2025). Brak wpisów rada społeczna do wykluczenia.","verdict=publish || TEZA: Wiceprezes ds. finansowych stowarzyszenia prezydenta miasta zostaje prezesem zarządu miejskich wodociągów || UWAGA: Bezpośredni związek przyczynowy między funkcją w stowarzyszeniu a nominacją na prezesa STAR-WIK jest wnioskowaniem (wspólna przynależność instytucjonalna + zbieżność czasowa), a nie udokumentowanym aktem powołania ani artykułem prasowym - wyszukiwarki internetowe (Google/Bing/DuckDuckGo/Mojeek/Brave/Ecosia) były w tej sesji zablokowane lub zwracały bezużyteczne wyniki, więc nie sprawdzono lokalnej prasy o jej nominacji. || TOŻSAMOŚĆ: Data urodzenia '8 czerwca' (rejestr.io) oraz spójny teryt 221300/221303 (Starogard Gdański) w każdej z 3 kandydatur PKW (2014, 2018, 2024) pod nazwiskiem 'Sommerfeld Ewa'/'Ewa Barbara'. Zamaskowany wpis w żywym KRS zgadza się litera w literę. WAŻNE: w danych PKW figuruje też zupełnie inny 'Sommerfel"
266,Paweł Sujka,publish,"[elected-office] Currently a Świnoujście city councillor (radny), 2024-2029 term, elected from his own committee KWW Pawła Sujki Wybieram Świnoujście (samorząd 2024) after also standing unsuccessfully for Prezydent Miasta Świnoujście on the same committee; a 20+-year local political figure who ran on SLD-affiliated committees in 2002/2006/2010(won)/2014, then on incumbent mayor Janusz Żmurkiewicz's own committee (KWW Janusza Żmurkiewicza) in 2018. | ŹRÓDŁO: PKW candidate register, samorząd 2024 (person_pkw pipeline ingest of PKW data), teryt 326301: two rows for 'Paweł Sujka' b.1966 under KWW Pawła Sujki Wybieram Świnoujście — one for 'Prezydent Miasta Świnoujście' (candidacy_success=FALSE, declared 'nie należy do partii politycznej'), one unlabelled row for the same committee with candidacy_success=TRUE; plus five earlier rows (1998-2018) at the same teryt on Unia Wolności, SLD-coalition committees (2002/2006/2014), a won SLD-ticket seat in 2010, and Janusz Żmurkiewicz's personal committee in 2018.","1 current public post: Rada Nadzorcza, Uzdrowisko Świnoujście S.A. (KRS 0000075180), since 2025-01-16 — confirmed still active via live KRS OdpisAktualny. Not a rada społeczna.","verdict=publish || TEZA: Long-time SLD/local candidate, newly elected Świnoujście councillor, now on the spa company's board || UWAGA: The 2024 candidacy_success=TRUE row for his own committee carries no explicit 'position' label (unlike the mayoral row on the same committee), so I inferred 'radny' from the pairing with the failed mayoral bid rather than from an explicit title — worth a quick press/BIP confirmation of the exact seat before publishing the word 'radny'. || TOŻSAMOŚĆ: KRS live extract masked initials (S.../P...) match Sujka Paweł; the PKW record at the same teryt (326301 = Świnoujście, birth year 1966) shows a single, continuous candidate history across seven elections — no competing namesake at this address. Strong."
267,Marek Lipiński,publish,"[elected-office] Currently a Warsaw dzielnica councillor (radny dzielnicy), 2024-2029 term, elected from KKW Koalicja Obywatelska (samorząd 2024, teryt 146502); previously stood for the same seat on the Platforma/Nowoczesna Koalicja Obywatelska ticket in 2018. | ŹRÓDŁO: PKW candidate register, samorząd 2024 (person_pkw pipeline ingest): 'LIPIŃSKI Marek Tadeusz' b.1971, teryt 146502, position '""Rada dzielnicy""', committee KKW KOALICJA OBYWATELSKA, candidacy_success=TRUE; and the 2018 row at the same teryt, position 'Rada dzielnicy', committee KOALICYJNY KOMITET WYBORCZY PLATFORMA.NOWOCZESNA KOALICJA OBYWATELSKA.","2 current + 1 past public post. Current: Rada Nadzorcza, Szpital Mazowiecki w Garwolinie (since 2025-01-16, confirmed live); Członek Zarządu, WKD (since 2024-12-11, confirmed live, public via the hardcoded-list correction). Past: Rada Nadzorcza, TBS Warszawa Północ, 2008-12-15 to 2019-05-15, ended. None are rada społeczna.","verdict=publish || TEZA: Newly elected Warsaw KO district councillor sits on two public boards, incl. WKD's executive Zarząd || UWAGA: Which of Warsaw's 18 dzielnice carries teryt 146502 could not be confirmed here — the PKW results site is a JS-rendered SPA that this environment could not script, and Wikipedia's district list omits TERYT codes. Cite the seat as 'radny dzielnicy Warszawy' without naming a specific district, or verify via a Warsaw BIP/dzielnica roster before publishing a district name. Also: the batch's own candidacies[] array under-reports this person (it lists only a 2002 KWW Twoja Gmina row) — the 2018/2024 KO candidacies came from querying person_pkw directly, not from the batch file. || TOŻSAMOŚĆ: Both live KRS extracts show the masked full first+middle name 'Marek'/'Tadeusz' — an exact match to the PKW candidate. In person_pkw, 'Marek Tadeusz Lipiński' (this exact middle name, this birth year, this teryt) appears only once nationally, versus roughly a dozen other 'Marek [X] Lipiński' namesak"
268,Adam Knochowski,publish,"[elected-office] Elected in the 2024 local elections from KWW Pułtuskie Forum Samorządowe, a local (non-party) voters' committee he had also run on in 2014 and 2018 in the same electoral unit (teryt 142404, powiat pułtuski). | ŹRÓDŁO: PKW candidate register, samorząd (person_pkw pipeline ingest): 'Adam Knochowski' b.1977, teryt 142404, three rows — 2014 'Komitet Wyborczy Wyborców Pułtuskie Forum Samorządowe', 2018 same committee, 2024 'KWW PUŁTUSKIE FORUM SAMORZĄDOWE' with candidacy_success=TRUE.","1 current public post: Rada Nadzorcza, PWiK Pułtusk (KRS 0000157759), since 2025-01-15 — confirmed live via KRS. Not rada społeczna.","verdict=publish || TEZA: Local councillor of 10 years' standing rewarded with a water-utility board seat || UWAGA: Which body he was elected to (rada powiatu pułtuskiego vs. a gmina council) is inferred from the committee's county-wide branding ('Pułtuskie Forum Samorządowe') and the teryt code's okręg-style suffix, not confirmed via a council roster, BIP page or press piece — worth a quick check before publishing the exact title. There is no party tie and no press coverage found beyond the PKW rows and the KRS filing. || TOŻSAMOŚĆ: KRS live extract masked initials (K.../A...) match Knochowski Adam. Knochowski is a rare surname — this is the only person of that surname anywhere in the national person_pkw table — running at the identical teryt in three consecutive cycles with a consistent birth year. Strong."
269,Krystian Jarubas,publish,"[elected-office] Currently a sitting member of the Sejmik Województwa Świętokrzyskiego, VII kadencja (2024-2029), PSL/Trzecia Droga club; poseł na Sejm VIII kadencji (2015-2019, PSL); PSL member since 1999, with PKW declaring his party membership in both the 2019 and 2023 elections; brother of Adam Jarubas, PSL vice-chairman since 2012, Marszałek Województwa Świętokrzyskiego 2006-2018, and MEP since 2019. | ŹRÓDŁO: pl.wikipedia.org/wiki/Krystian_Jarubas (b. 3 June 1981, Busko-Zdrój; PSL since 1999; sejmik radny 2014; poseł 2015-2019 with 4,379 votes from okręg Kielce; 2023 Sejm candidacy with Trzecia Droga; regained sejmik seat 2024; wiceprezes Krakowskiego Parku Technologicznego from 2025); pl.wikipedia.org/wiki/Sejmik_Wojew%C3%B3dztwa_%C5%9Awi%C4%99tokrzyskiego (VII kadencja 2024-2029 roster lists 'Krystian Jarubas (PSL)' under the Trzecia Droga/Koalicja Polska club); pl.wikipedia.org/wiki/Adam_Jarubas (names 'brat Krystian Jarubas'); precomputed lead file pkw_membership_111_280.json (declared_membership='członek partii politycznej: Polskie Stronnictwo Ludowe', declared in 2019 and 2023, namesake_risk=low, 1 birth year nationally).","1 public post, which the pipeline records as ended 2026-04-06 but which the LIVE KRS extract (stan z dnia 01.06.2026) shows as still-active: Wiceprezes Zarządu, Krakowski Park Technologiczny (KRS 0000058058). Not rada społeczna — it's the executive board.","verdict=publish || TEZA: Sitting PSL sejmik member and ex-MP, brother of MEP Adam Jarubas, on a Kraków tech park's board || UWAGA: The pipeline's end date for this job (2026-04-06) is contradicted by the live KRS register — flag this as a likely pipeline bug (reappointment mis-recorded as closure) before publishing, and publish him as a current, not former, board member. Exact district-level facts about Krystian's own sejmik career come from Wikipedia rather than a primary sejmik BIP roster; the PSL membership dates are independently corroborated by PKW's declared_membership field, which does carry primary-source weight. || TOŻSAMOŚĆ: KRS live extract masked initials (J.../K...) match Jarubas Krystian as Wiceprezes Zarządu; independently corroborated by a dedicated Wikipedia biography (exact birth date, hometown, and the 2025 KPT vice-presidency named explicitly) and by the precomputed PKW lead's namesake_risk=LOW (only one birth"
270,Damian Topolski,publish,"[elected-office] Elected in 2024 to a local council from KWW Tomasza Orłowskiego Idziemy Razem — the committee of Tomasz Orłowski, the sitting burmistrz (mayor) of Morąg, in powiat ostródzki (the same county as the hospital); previously stood twice (2014, 2018) on other local committees at the same electoral unit. | ŹRÓDŁO: PKW candidate register, samorząd (person_pkw pipeline ingest): 'Damian Topolski' b.1988, teryt 281508, three rows — 2014 'Komitet Wyborczy Wyborców MIESZKAŃCY RAZEM', 2018 'KOMITET WYBORCZY WYBORCÓW WSPÓLNIE DLA MIESZKAŃCÓW', 2024 'KWW TOMASZA ORŁOWSKIEGO IDZIEMY RAZEM' with candidacy_success=TRUE; pl.wikipedia.org/wiki/Lista_miast_w_wojew%C3%B3dztwie_warmi%C5%84sko-mazurskim and pl.wikipedia.org (Morąg gmina infobox) identify Tomasz Orłowski as the sitting burmistrz of Morąg (powiat ostródzki, TERC 2815083, consistent with the candidate's teryt 281508).","1 current public post: Rada Nadzorcza, Szpital w Ostródzie S.A. (KRS 0000036113), since 2025-01-13 — confirmed live via KRS. Not rada społeczna.","verdict=publish || TEZA: Newly elected Morąg councillor, on the mayor's own list, now sits on the county hospital's board || UWAGA: Tomasz Orłowski's mayoralty was confirmed via a Wikipedia town-list infobox current as of 2026, not a dedicated biography article or Morąg's own BIP site — a quick cross-check there would firm this up further. Which exact council body (Rada Miejska w Morągu specifically, as opposed to some other body sharing the teryt) is inferred rather than confirmed via a council roster. || TOŻSAMOŚĆ: KRS live extract masked initials (T.../D...) match Topolski Damian. In person_pkw, only one 'Damian Topolski' appears nationally, and only at teryt 281508 with a consistent 1988 birth year across all three candidacies (2014/2018/2024) — no competing namesake at this address. Strong."
271,Krystian Werecki,publish,"[elected-office] Zastępca Prezydenta Miasta Świdnica (deputy mayor, term 2024–2029, under prezydent Beata Moskal-Słaniewska); earlier a five-time local/Sejm candidate (2010, 2014 for KW SLD / Koalicyjny KW SLD Lewica Razem, teryt 021900 = powiat świdnicki; also 2015 Sejm, 2018 and 2024 Samorząd per the batch, committee not recorded there) | ŹRÓDŁO: https://um.swidnica.pl/pages/pl/urzad-miejski/wlade-miasta.php (live, fetched 2026-09-03); pl.wikipedia.org/wiki/Świdnica, section 'Władze miasta w kadencji 2024–2029'; person_pkw dataset rows for Werecki Krystian (KW SLD 2010, Koalicyjny KW SLD Lewica Razem 2014, birth_year 1986, teryt_candidacy 021900)","1 current genuine trough post (ZGK Świebodzice RN, since 10 Jan 2025, live-KRS confirmed). 2 historical hospital seats are rada społeczna and must NOT be counted or printed as trough posts (trap 1), though they corroborate the pattern.",verdict=publish || TEZA: Deputy Mayor of Świdnica sits on a neighbouring municipal utility's board || UWAGA: Could not find a press source for the exact month he became deputy mayor in 2024 (only that he holds the post per the city's own live page and Wikipedia) - would sharpen the timing claim if found. Do not print the two rada społeczna seats as trough posts. || TOŻSAMOŚĆ: Strong. Rejestr.io shows one Krystian Werecki with the ZGK Świebodzice RN seat starting the exact date in the batch; live KRS RN roster has masked initials consistent with Werecki Krystian; um.swidnica.pl and pl.wikipedia.org both independently name a sitting deputy mayor Krystian Werecki in the sam
272,Marcin Andrzej Nowak,maybe,"[candidacy-only] Repeated Sejm/Senate candidacies under three different banners - KW Prawo i Sprawiedliwość (2011, Lubelskie), KWW Kukiz'15 (2015, Mazowieckie), and his own personal committee 'KWW Marcina Nowaka' (2023 Senate, Lublin) - linked to this KRS person only via a birth-date match (2 Aug 1977), not by an explicit declared party membership | ŹRÓDŁO: person_pkw dataset row for 'NOWAK Marcin Andrzej', teryt 066301, 2024, KWW Konfederacja i Bezpartyjni Samorządowcy, declared_membership 'Nowa Demokracja-Tak', birth_year 1975; people_enriched.jsonl row for rejestrio_id 1203525 (birth_date 1977-08-02; elections: 2015 Kukiz'15 Sejm, 2011 PiS Sejm, 2023 own-committee Senate); rejestr.io/osoby/1203525 (fetched via curl, 'ur. 2 sierpnia')","3 posts, real accumulation, all genuine rada nadzorcza/zarząd seats (no rada społeczna trap): MUK Skarżysko-Kamienna RN (current), Tomaszowskie Centrum Sportu RN (still current per live KRS despite a recorded 'end'), Igrzyska Europejskie 2023 Zarząd (ended when the company entered liquidation post-event).","verdict=maybe || TEZA: Padel-federation president collects three sports-company board seats; his flagged party membership is very likely a namesake || UWAGA: Do not publish the 'Nowa Demokracja-Tak' membership claim - it almost certainly belongs to a different, same-named Marcin Andrzej Nowak born 1975 in Lublin. Before publishing anything political about this person, find a press bio of the padel-federation president that independently confirms a Sejm/Senate candidacy history, since right now that link rests only on a birth-date coincidence. || TOŻSAMOŚĆ: Weak-to-moderate. namesake_risk HIGH per the precomputed lead (21 distinct birth years share the name). The 'Nowa Demokracja-Tak' declaration traces to a birth-1975 Lublin candidate, not our birth-1977 subject - refuted as a likely namesake. The Sejm/Senate candidacy trail rests on the enrichment pi"
273,Zygmunt Worsa,publish,"[elected-office] Starosta Powiatu Świdnickiego (elected county chief executive), two terms, 24 Nov 2006 – 7 Dec 2014, representing the local list 'Świdnicka Wspólnota Samorządowa' / 'Wspólnota Samorządowa'; earlier powiat radny for Unia Wolności (1998-2002 term) | ŹRÓDŁO: pl.wikipedia.org/wiki/Powiat_świdnicki_(województwo_dolnośląskie) (list of starostowie with exact dates); pl.wikipedia.org/wiki/Rada_Powiatu_Świdnickiego (committee affiliations by term); person_pkw dataset rows for Worsa Zygmunt (birth 1957, teryt_candidacy 021900, six candidacies 1994-2014) matching the batch's committee names word for word","4 recorded board seats, all rada_nadzorcza (no trap-1 issue). 1 (Dolmed) is not genuinely public (is_public false, private diagnostics company) and must not be printed as a public trough post.","verdict=publish || TEZA: Two-term county chief executive of Świdnica has held four public-company board seats across two decades || UWAGA: Dolmed (2018-2024) is private - do not present it as a public post. Could not find a press source on why he did not continue as starosta after 2014 (elected flag is meaningless per trap 3); Wikipedia just shows a successor took over 7 Dec 2014 - treat as 'left/succeeded', not 'lost', absent a press source. || TOŻSAMOŚĆ: Strong. 'Zygmunt Worsa' returns exactly one relevant hit nationally on Wikipedia; committee names there match his PKW candidacy committees word-for-word across 2002-2014; person_pkw shows one coherent series of six candidacies (1994-2014), same teryt throughout. No namesake risk."
274,Maria Całka,publish,"[party-membership] Three-time PSL candidate - Komitet Wyborczy Polskie Stronnictwo Ludowe for Sejm (2015) and for local council (2014, 2018), party field = PSL in the batch each time - now sits on the Zarząd (management board, not merely supervisory) of a hospital wholly owned by the PSL-run Mazowieckie voivodeship | ŹRÓDŁO: batch candidacies (party = PSL, committee = Komitet Wyborczy Polskie Stronnictwo Ludowe, for 2014/2015/2018); person_pkw dataset row (Całka Maria, birth 1978, 2014 samorządu, KW Polskie Stronnictwo Ludowe); KRS OdpisAktualny 0000336826, dzial1.wspolnicySpzoo = WOJEWÓDZTWO MAZOWIECKIE, 100% udziałów (fetched live 2026-09-03); pl.wikipedia.org/wiki/Adam_Struzik and /wiki/Województwo_mazowieckie (marszałek PSL continuously since 2001)","1 current post: Członek Zarządu, Szpital Mazowiecki w Garwolinie, since 7 Jan 2025, live-KRS confirmed. No rada społeczna issue - this is a proper zarząd seat at a sp. z o.o.","verdict=publish || TEZA: PSL Sejm candidate now sits on the board of a hospital wholly owned by the PSL-run Mazowieckie voivodeship || UWAGA: The family_leads lead (Robert/Albert/Grzegorz/Kamil Całka, all male, different parties, same powiat) is NOT corroborated as a relationship to her - no shared address, press mention, or declaration found. Do not print any family claim for her; the surname match alone is not a conclusion (per the family-lead scope rule). Would be strengthened by a press source confirming her identity/biography, since evidence beyond the database trail is currently thin. || TOŻSAMOŚĆ: Moderate. The name is not a common combination nationally and no second 'Maria Całka' candidate appears anywhere in the PKW data, so there is no namesake collision. However no independent press profile was found confirming her identity beyond the KRS/PKW paper trail - the link rests on name+town+par"
275,Mateusz Skarbek,publish,"[elected-office] Wiceprzewodniczący Rady Miasta Gdańska (Vice-Chair of Gdańsk City Council), 2024-2029 term, elected for Koalicja Obywatelska in district 5 (Zaspa-Młyniec, Zaspa-Rozstaje, Przymorze Wielkie, Przymorze Małe); repeat PO/KO local candidate since 2014 | ŹRÓDŁO: pl.wikipedia.org/wiki/Rada_Miasta_Gdańska_(2024–2029) (lists him as KO, Wiceprzewodniczący, district 5); batch candidacies (KW Platforma Obywatelska 2014, KKW Platforma.Nowoczesna KO 2018, KKW Koalicja Obywatelska 2024, all Samorząd); person_pkw row (Skarbek Mateusz, birth 1987, teryt_candidacy 226101); KRS OdpisAktualny 0000434843, dzial1.wspolnicySpzoo = WOJEWÓDZTWO POMORSKIE, 100% udziałów; pl.wikipedia.org/wiki/Mieczysław_Struk (marszałek pomorski, PO/KO, since 2010)","1 current post: Rada Nadzorcza, Szpital Dziecięcy Polanki, since 7 Jan 2025, live-KRS confirmed. No rada społeczna issue - genuine RN at a sp. z o.o.","verdict=publish || TEZA: Vice-chair of Gdańsk's city council sits on the board of a regional children's hospital owned by his own party's voivodeship government || UWAGA: The appointing authority (Województwo Pomorskie) is a different tier of government than the one he was elected to (city of Gdańsk); frame this as regional party-network patronage, not direct city self-dealing. Only 1 job on record - no other company history to establish accumulation. || TOŻSAMOŚĆ: Strong. pl.wikipedia.org's 'Gdańsk' and 'Rada Miasta Gdańska (2024-2029)' articles both independently name a sitting KO councilor Mateusz Skarbek for district 5; his three PKW candidacies (2014, 2018, 2024) form one coherent local political career culminating in the 2024 election win, in the same ci"
276,Piotr Ryszard Downar,ODRZUCONE,"[elected-office] Continuously (re-)elected local-government councillor in the Barlinek/powiat myśliborski area: won a seat in 2002 and 2010 on his own committee 'KWW Wspólnie dla Gminy', then again in 2024 on 'KWW Nasz Powiat' (candidacy_success=TRUE in all three, teryt powiat 3210/myśliborski). He was appointed to the Rada Nadzorcza of the gmina's own utility company, PGK Barlinek, on 2024-12-31 - the same year he was re-elected. | ŹRÓDŁO: PKW candidate database (person_pkw / people_pkw_merged pipeline export, samorządu elections 2002/2010/2024, candidacy_success=TRUE each time, teryt_candidacy_powiat 3210); live confirmation: https://api-krs.ms.gov.pl/api/krs/OdpisAktualny/0000114682?rejestr=P&format=json","One public post: RN of PGK Barlinek, confirmed current via live KRS API. No rada spoleczna seats.","verdict=publish || ODRZUCONE PRZEZ WERYFIKATORA: Refuted as framed. The ""Barlinek-area local councillor"" story is a geographic misattribution: decoded TERYT codes show his 2002/2010 council candidacies were in gmina DĘBNO, not Barlinek, and even his 2024 win is powiat-wide, likely representing the Dębno/Boleszkowice district — not Barlinek. The only real tie to Barlinek is the Dec-2024 RN appointment itself. A corrected, publishable version woul || TEZA: Barlinek-area local councillor for over 20 years, put on the town utility board the year he was re-elected || UWAGA: I could not confirm from an official source (BIP powiatu myśliborskiego, which returned 403; the county's public 'władze powiatu' page lists only the three chairs, not the full council) exactly which chamber (Rada Powiatu vs Rada Miejska w Barlinku) he currently sits in, only that PKW's teryt code for every one of his candidacies is powiat-level (3210), not gmina-level. Committee names ('Wspólnie dla Gminy', 'Nasz Powiat') were his own local vehicles, not a named party, so this is a held-office connection, not a party-membership one. || TOŻSAMOŚĆ: Strong - PESEL first digit '6' matches PKW birth_year 1961; surname/imię/imię-drugie letter-counts (Downar/Piotr/Ryszard) match exactly in the live KRS redacted record."
277,Mateusz Cieślak,publish,"[elected-office] Elected radny miasta Konina in 2010 on the Platforma Obywatelska ticket (candidacy_success=TRUE, PKW), re-ran for PO in 2014 (result not recorded). No PKW activity found after 2014. Now sits on the Rada Nadzorcza of Konin's own municipal waste company, MZGOK, since 2024-12-31. | ŹRÓDŁO: PKW candidate database (person_pkw / people_pkw_merged pipeline export: Mateusz Cieślak b.1983, elections 2006 KWW Wasz KONIN, 2010 Komitet Wyborczy Platforma Obywatelska RP candidacy_success=TRUE, 2014 Komitet Wyborczy Platforma Obywatelska RP, all teryt powiat 3062/Konin); live confirmation: https://api-krs.ms.gov.pl/api/krs/OdpisAktualny/0000384025?rejestr=P&format=json","One public post: RN of MZGOK Konin, confirmed current via live KRS. No rada spoleczna seats.","verdict=publish || TEZA: Ex-Platforma Obywatelska city councillor (2010-2014) placed on Konin's own waste-company board 14 years later || UWAGA: The gap between his one confirmed elected term (2010-2014) and the board appointment (Dec 2024) is 10-14 years, with nothing found in between - no press hit, no party-website confirmation, no Wikipedia page (search returned zero results for 'Rada Miasta Konina' or 'Mateusz Cieślak' + Konin). The connection rests entirely on the PKW record plus the KRS PESEL match; I could not corroborate continued political activity with an independent source because the web-search tool's quota was exhausted this session and text-only search-engine fetches (Bing/DuckDuckGo/Yandex/Mojeek) were all blocked or unusable for Polish-language queries. || TOŻSAMOŚĆ: Solid - PESEL first digit '8' matches PKW birth_year 1983 for the PO-affiliated cluster, and rules out the other, unrelated 'Mateusz Daniel Cieślak' (b.1991) that the family-leads file separately flagged as a common-surname namesake risk."
278,Jerzy Friediger,publish,"[elected-office] Elected radny miasta Krakowa 2010-2014 on the mayor's own list, KWW Jacka Majchrowskiego (candidacy_success=TRUE, 1848 votes, Okręg 2) - corroborated by pl.wikipedia.org/wiki/Rada_Miasta_Krakowa. Re-ran for the same list in 2014, then 'Wspólna Małopolska' in 2018, then the PSL-Polska 2050 'Trzecia Droga' coalition list in 2024 (lost, candidacy_success=FALSE). Now sits on the Rada Nadzorcza of MPL Services (Kraków-Balice airport's wholly-owned catering subsidiary) since 2024-12-31. | ŹRÓDŁO: https://pl.wikipedia.org/wiki/Rada_Miasta_Krakowa (VI kadencja 2010-2014, KWW Jacka Majchrowskiego, 1848 votes); PKW candidate database (person_pkw/people_pkw_merged: Jerzy Friediger b.1950, elections 2010 TRUE, 2014, 2018 'Wspólna Małopolska', 2024 KKW Trzecia Droga PSL-PL2050 FALSE); live confirmation https://api-krs.ms.gov.pl/api/krs/OdpisAktualny/0000261676?rejestr=P&format=json","One genuine public trough post (MPL Services RN, current). Two rada spoleczna seats (one current since 2024-11-21, one 2013-2015) are excluded from the count per trap 1 but show a pattern of repeated public-health-board appointments alongside the RN seat.","verdict=publish || TEZA: Former Kraków city councillor and 2024 PSL-Polska 2050 candidate, now on the airport catering company's supervisory board || UWAGA: A same-surname candidate, Tomasz Friediger (b.1984), ran unsuccessfully for Kraków dzielnica V Krowodrza council (2023, 34 votes, per pl.wikipedia.org/wiki/Wybory_do_Rad_Dzielnic_w_Krakowie_(2023)) and separately for city council in 2024 on the KKW Koalicja Obywatelska list (candidacy_success=FALSE, per people_pkw_merged). The surname is nationally rare (only 2 people named Friediger appear in the whole PKW candidate database) and both live in the same powiat (1261), which is suggestive of a family relationship, but I found no published statement identifying Tomasz as Jerzy's son or relative, so per the scope limit this is reported as an unverified lead only and was NOT used as the cited connection. || TOŻSAMOŚĆ: Strong - Wikipedia's Rada Miasta Krakowa roster names him with vote count and committee for the 2010-2014 term; PESEL/name-length match on the live KRS RN extract for MPL Services confirms the same person now holds that seat."
279,Daniel Słowik,publish,"[elected-office] Declared 'członek partii politycznej: Polskie Stronnictwo Ludowe' on his 2019 Sejm candidacy (PKW record, namesake_risk=low). Won a seat on the Trzecia Droga PSL-Polska 2050 list in the 2024 local elections in powiat łęczyński (candidacy_success=TRUE) and became STAROSTA ŁĘCZYŃSKI (elected head of the county executive) from 6 May 2024 to 16 October 2025, per pl.wikipedia.org/wiki/Powiat_łęczyński. While in that office he was placed on the Rada Nadzorcza of MESKO S.A. (state defence manufacturer, Skarżysko-Kamienna) from 2024-07-30, and of SIM SMS Sp. z o.o. (state-backed social-housing vehicle, Jędrzejów) from 2024-12-30 - both far outside his home powiat. | ŹRÓDŁO: pkw_membership_111_280.json (declared_membership='członek partii politycznej: Polskie Stronnictwo Ludowe', declared in the 2019 Sejm election, namesake_risk=low); https://pl.wikipedia.org/wiki/Powiat_%C5%82%C4%99czy%C5%84ski ('Starostowie łęczyńscy': Daniel Słowik, 6 maja 2024 - 16 października 2025); PKW candidate database (people_pkw_merged: Daniel Słowik b.1982, 2024 KKW Trzecia Droga PSL-PL2050, candidacy_success=TRUE, teryt powiat 0610); live confirmation https://api-krs.ms.gov.pl/api/krs/OdpisAktualny/0000041811 and .../0000906265","Two current public trough posts (MESKO RN since Jul 2024, SIM SMS RN since Dec 2024), both confirmed live via KRS, held simultaneously with an elected executive office (starosta) until Oct 2025. No rada spoleczna seats.","verdict=publish || TEZA: Declared PSL member and county executive (starosta łęczyński) simultaneously sat on two state-company boards 150km+ from his own county || UWAGA: I could not find a stated reason for his departure as starosta on 16 October 2025 (recall vote, resignation, or something else) - Wikipedia's county-council article lists only the succession dates, not the cause. Both board seats appear to have continued (end=null) after he left the starosta post, which is itself worth noting but does not change the verdict. || TOŻSAMOŚĆ: Strong - PESEL-decade match on both live KRS extracts, a nationally unique PKW name cluster (namesake_risk=low), and an independently sourced Wikipedia listing of him as starosta łęczyński for the exact period both board seats began."
280,Paweł Dec,publish,"[elected-office] Sitting Burmistrz (mayor) of Tarnogród, powiat biłgorajski, Lubelskie, since 2018 and continuing today, per pl.wikipedia.org/wiki/Tarnogród_(gmina) ('Paweł Dec (od 2018)'). Re-elected in 2024 on his own committee KWW Pawła Deca (candidacy_success=TRUE, PKW); ran for Platforma Obywatelska in 2010. Now on the Rada Nadzorcza of INTERFERIE S.A. (Legnica), a KGHM Polska Miedź-controlled (66.82%) hospitality group, since 2024-12-23. | ŹRÓDŁO: https://pl.wikipedia.org/wiki/Tarnogr%C3%B3d_(gmina) (infobox: 'Burmistrz: Paweł Dec (od 2018)'); PKW candidate database (people_pkw_merged: Paweł Dec b.1980/1981, teryt powiat 0602/Biłgoraj, 2010 KOMITET WYBORCZY PLATFORMA OBYWATELSKA RP, 2014 KWW Biłgorajszczyzna, 2018 KWW Wyborców Pawła Deca candidacy_success=TRUE, 2024 KWW Pawła Deca candidacy_success=TRUE); live confirmation https://api-krs.ms.gov.pl/api/krs/OdpisAktualny/0000225570?rejestr=P&format=json","One public post: RN of Interferie, confirmed current via live KRS. No rada spoleczna seats.","verdict=publish || TEZA: Sitting mayor of Tarnogród since 2018, put on a KGHM-controlled hospitality company's board 300km away in Legnica || UWAGA: The company is on the opposite side of the country from his own gmina, so the connection is plausibly a party/coalition-level appointment (he ran for PO in 2010) rather than a local one; I could not find independent press coverage of his Interferie appointment to confirm the reasoning, only the KRS/PKW/Wikipedia triangulation above. || TOŻSAMOŚĆ: Moderate-to-strong - PESEL-decade match rules out the geographically obvious Lubin-area namesake in favour of the Tarnogród mayor, but I did not find a direct press statement naming this specific 'Paweł Dec, burmistrz' as an Interferie appointee, so the identification rests on the PESEL/name match r"
